,name,year,selling_price,km_driven,fuel_CNG,fuel_Diesel,fuel_Electric,fuel_LPG,fuel_Petrol,seller_type_Dealer,seller_type_Individual,seller_type_Trustmark Dealer,transmission_Automatic,transmission_Manual,owner_First Owner,owner_Fourth & Above Owner,owner_Second Owner,owner_Test Drive Car,owner_Third Owner
0,Maruti 800 AC,2007.0,60000,70000.0,False,False,False,False,True,False,True,False,False,True,True,False,False,False,False
1,Hyundai Verna 1.6 SX,2012.0,600000,100000.0,False,True,False,False,False,False,True,False,False,True,True,False,False,False,False
2,Datsun RediGO T Option,2017.0,250000,46000.0,False,False,False,False,True,False,True,False,False,True,True,False,False,False,False
3,Maruti Alto LX BSIII,2007.0,140000,125000.0,False,False,False,False,True,False,True,False,False,True,True,False,False,False,False
4,Hyundai Xcent 1.2 Kappa S,2016.0,550000,25000.0,False,False,False,False,True,False,True,False,False,True,True,False,False,False,False
5,Hyundai Creta 1.6 VTVT S,2015.0,850000,25000.0,False,False,False,False,True,False,True,False,False,True,True,False,False,False,False
6,Maruti Celerio Green VXI,2017.0,365000,78000.0,True,False,False,False,False,False,True,False,False,True,True,False,False,False,False
7,Chevrolet Sail 1.2 Base,2015.0,260000,35000.0,False,False,False,False,True,False,True,False,False,True,True,False,False,False,False
8,Tata Indigo Grand Petrol,2014.0,250000,100000.0,False,False,False,False,True,False,True,False,False,True,True,False,False,False,False
9,Toyota Corolla Altis 1.8 VL CVT,2018.0,1650000,25000.0,False,False,False,False,True,True,False,False,True,False,True,False,False,False,False
11,Maruti Wagon R LXI Minor,2007.0,135000,50000.0,False,True,False,False,False,False,True,False,False,True,True,False,False,False,False
17,Maruti Celerio Green VXI,2017.0,365000,78000.0,False,True,False,False,False,False,True,False,False,True,True,False,False,False,False
21,Maruti Ciaz VXi Plus,2015.0,585000,24000.0,False,False,False,False,True,True,False,False,False,True,True,False,False,False,False
22,Hyundai Venue SX Opt Diesel,2019.0,1195000,5000.0,False,True,False,False,False,True,False,False,False,True,True,False,False,False,False
23,Jaguar XF 2.2 Litre Luxury,2014.0,1964999,28000.0,False,True,False,False,False,True,False,False,True,False,True,False,False,False,False
24,Mercedes-Benz New C-Class 220 CDI AT,2013.0,1425000,59000.0,False,True,False,False,False,True,False,False,True,False,True,False,False,False,False
25,Maruti Vitara Brezza ZDi Plus AMT,2018.0,975000,4500.0,False,True,False,False,False,True,False,False,True,False,True,False,False,False,False
26,Audi Q5 2.0 TDI,2011.0,1190000,175900.0,False,True,False,False,False,True,False,False,True,False,True,False,False,False,False
27,Honda City V MT,2018.0,930000,14500.0,False,False,False,False,True,True,False,False,False,True,True,False,False,False,False
28,Tata Tigor 1.2 Revotron XT,2018.0,525000,15000.0,False,False,False,False,True,False,True,False,False,True,True,False,False,False,False
29,Audi A6 2.0 TDI  Design Edition,2013.0,1735000,50000.0,False,True,False,False,False,True,False,False,True,False,True,False,False,False,False
30,Toyota Corolla Altis G AT,2016.0,900000,50000.0,False,False,False,False,True,False,True,False,True,False,True,False,False,False,False
31,Toyota Innova 2.5 G (Diesel) 7 Seater,2015.0,1300000,80000.0,False,True,False,False,False,False,True,False,False,True,True,False,False,False,False
32,Jeep Compass 1.4 Sport Plus BSIV,2019.0,1400000,10000.0,False,False,False,False,True,False,True,False,False,True,True,False,False,False,False
33,Mercedes-Benz E-Class E 200 CGI Elegance,2010.0,850000,119000.0,False,False,False,False,True,True,False,False,True,False,True,False,False,False,False
34,Hyundai Elantra CRDi S,2012.0,625000,40000.0,False,True,False,False,False,False,True,False,False,True,True,False,False,False,False
35,Mahindra Scorpio 1.99 S10,2014.0,1050000,50000.0,False,True,False,False,False,False,True,False,False,True,True,False,False,False,False
36,Hyundai Grand i10 1.2 Kappa Asta,2019.0,500000,15000.0,False,False,False,False,True,False,True,False,False,True,True,False,False,False,False
37,Maruti Alto LXi,2006.0,100000,80000.0,False,False,False,False,True,False,True,False,False,True,True,False,False,False,False
38,Maruti Swift Dzire VDI Optional,2017.0,725000,18500.0,False,True,False,False,False,True,False,False,False,True,True,False,False,False,False
39,Maruti Eeco 5 Seater AC BSIV,2018.0,401000,10200.0,False,False,False,False,True,True,False,False,False,True,True,False,False,False,False
40,Hyundai i20 Sportz 1.4 CRDi,2018.0,750000,29000.0,False,True,False,False,False,True,False,False,False,True,True,False,False,False,False
41,Maruti Omni Maruti Omni MPI STD BSIII 5-STR W/ IMMOBILISER,2018.0,310000,28000.0,False,False,False,False,True,True,False,False,False,True,True,False,False,False,False
42,Maruti Swift ZDi BSIV,2016.0,665000,46000.0,False,True,False,False,False,True,False,False,False,True,True,False,False,False,False
43,Hyundai i20 2015-2017 Sportz Option 1.4 CRDi,2014.0,465000,70000.0,False,True,False,False,False,False,True,False,False,True,True,False,False,False,False
44,Honda City i DTEC VX,2014.0,675000,90000.0,False,True,False,False,False,True,False,False,False,True,True,False,False,False,False
45,Maruti Wagon R VXI BS IV,2013.0,300000,80000.0,False,False,False,False,True,True,False,False,False,True,True,False,False,False,False
46,Tata Indica DLS,2005.0,70000,80000.0,False,True,False,False,False,False,True,False,False,True,True,False,False,False,False
47,Toyota Etios GD,2014.0,525000,92000.0,False,True,False,False,False,True,False,False,False,True,True,False,False,False,False
48,Maruti Alto LXi,2009.0,140000,100000.0,False,False,False,False,True,False,True,False,False,True,True,False,False,False,False
49,Toyota Corolla Altis Diesel D4DG,2011.0,350000,60000.0,False,True,False,False,False,False,True,False,False,True,True,False,False,False,False
50,Mahindra Scorpio 1.99 S6 Plus,2017.0,570000,60000.0,False,True,False,False,False,False,True,False,False,True,True,False,False,False,False
51,Tata Indigo Classic Dicor,2007.0,100000,39000.0,False,True,False,False,False,False,True,False,False,True,True,False,False,False,False
52,Ford EcoSport 1.5 Diesel Titanium BSIV,2017.0,925000,35000.0,False,True,False,False,False,False,True,False,False,True,True,False,False,False,False
53,Maruti Ciaz 1.3 Delta,2018.0,750000,60000.0,False,True,False,False,False,False,True,False,False,True,True,False,False,False,False
54,Hyundai Grand i10 CRDi Sportz,2015.0,450000,80000.0,False,True,False,False,False,False,True,False,False,True,True,False,False,False,False
55,Hyundai Elite i20 Diesel Era,2019.0,650000,25000.0,False,True,False,False,False,False,True,False,False,True,True,False,False,False,False
56,Honda Amaze S i-VTEC,2016.0,495000,11958.0,False,False,False,False,True,True,False,False,False,True,True,False,False,False,False
57,Honda Brio S MT,2015.0,371000,20000.0,False,False,False,False,True,True,False,False,False,True,True,False,False,False,False
58,Hyundai Creta 1.6 SX Option,2017.0,1025000,9000.0,False,False,False,False,True,True,False,False,False,True,True,False,False,False,False
59,Mercedes-Benz S-Class S 350d Connoisseurs Edition,2017.0,8150000,6500.0,False,True,False,False,False,True,False,False,True,False,True,False,False,False,False
60,Mahindra XUV500 W8 2WD,2015.0,750000,70000.0,False,True,False,False,False,False,True,False,False,True,True,False,False,False,False
61,Renault Duster 85PS Diesel RxL Optional,2013.0,600000,120000.0,False,True,False,False,False,False,True,False,False,True,True,False,False,False,False
62,Mahindra Bolero 2011-2019 SLE,2013.0,325000,62200.0,False,True,False,False,False,False,True,False,False,True,True,False,False,False,False
63,Audi A8 4.2 TDI,2013.0,2800000,60000.0,False,True,False,False,False,True,False,False,True,False,True,False,False,False,False
64,Volkswagen Jetta 1.4 TSI Comfortline,2013.0,450000,50000.0,False,False,False,False,True,False,True,False,False,True,True,False,False,False,False
65,Audi A4 2.0 TDI 177 Bhp Premium Plus,2013.0,1150000,53000.0,False,True,False,False,False,True,False,False,True,False,True,False,False,False,False
66,Honda Civic 1.8 V AT,2009.0,210000,63500.0,False,False,False,False,True,True,False,False,True,False,True,False,False,False,False
67,Mercedes-Benz E-Class Exclusive E 200 BSIV,2018.0,4500000,9800.0,False,False,False,False,True,True,False,False,True,False,True,False,False,False,False
68,BMW X1 sDrive 20d xLine,2017.0,2750000,13000.0,False,True,False,False,False,False,True,False,True,False,True,False,False,False,False
69,Volvo V40 D3 R Design,2018.0,1975000,21000.0,False,True,False,False,False,True,False,False,True,False,True,False,False,False,False
70,Maruti SX4 Zxi BSIII,2008.0,175000,29173.0,False,False,False,False,True,True,False,False,False,True,True,False,False,False,False
71,BMW 7 Series 730Ld,2012.0,2500000,48000.0,False,True,False,False,False,True,False,False,True,False,True,False,False,False,False
72,Mahindra Bolero Power Plus SLX,2017.0,628000,120000.0,False,True,False,False,False,False,True,False,False,True,True,False,False,False,False
73,Hyundai Sonata CRDi M/T,2010.0,600000,100000.0,False,True,False,False,False,False,True,False,False,True,True,False,False,False,False
74,Nissan Micra Active XV Petrol,2017.0,399000,30000.0,False,False,False,False,True,False,True,False,False,True,True,False,False,False,False
75,Mahindra Xylo D4,2018.0,750000,60000.0,False,True,False,False,False,False,True,False,False,True,True,False,False,False,False
76,Hyundai Elite i20 Sportz Plus Dual Tone BSIV,2019.0,750000,15000.0,False,False,False,False,True,False,True,False,False,True,True,False,False,False,False
77,Renault KWID RXT,2017.0,315000,16000.0,False,False,False,False,True,False,True,False,False,True,True,False,False,False,False
78,Mahindra Xylo E4 BS III,2012.0,600000,60000.0,False,True,False,False,False,False,True,False,False,True,True,False,False,False,False
79,Renault KWID RXT,2017.0,350000,25000.0,False,False,False,False,True,False,True,False,False,True,True,False,False,False,False
80,Hyundai Creta 1.4 CRDi S,2016.0,780000,60000.0,False,True,False,False,False,False,True,False,False,True,True,False,False,False,False
81,Hyundai Verna 1.6 VTVT AT S Option,2016.0,690000,80000.0,False,False,False,False,True,False,True,False,True,False,True,False,False,False,False
82,Maruti Zen LX,2004.0,95000,50000.0,False,True,False,False,False,False,True,False,False,True,True,False,False,False,False
83,Maruti Baleno Delta 1.2,2018.0,550000,20000.0,False,False,False,False,True,False,True,False,False,True,True,False,False,False,False
84,Toyota Innova 2.5 GX (Diesel) 8 Seater,2012.0,500000,100000.0,False,True,False,False,False,False,True,False,False,True,True,False,False,False,False
85,Honda Amaze S i-Vtech,2016.0,490000,50000.0,False,False,False,False,True,False,True,False,False,True,True,False,False,False,False
86,Chevrolet Cruze LTZ,2014.0,1000000,3600.0,False,True,False,False,False,True,False,False,False,True,True,False,False,False,False
87,Ford Figo Aspire 1.2 Ti-VCT Titanium Plus,2015.0,530000,60000.0,False,False,False,False,True,True,False,False,False,True,True,False,False,False,False
88,Ford EcoSport 1.5 Diesel Titanium Plus BSIV,2017.0,840000,49213.0,False,True,False,False,False,True,False,False,False,True,True,False,False,False,False
89,Hyundai i10 Sportz 1.1L,2015.0,229999,40000.0,False,False,False,False,True,False,True,False,False,True,True,False,False,False,False
90,Chevrolet Spark 1.0 LS,2012.0,130000,80000.0,False,False,False,False,True,False,True,False,False,True,True,False,False,False,False
91,Hyundai EON Era Plus,2015.0,200000,70000.0,False,False,False,False,True,False,True,False,False,True,True,False,False,False,False
92,Tata Indica Vista Aqua TDI BSIII,2011.0,120000,70000.0,False,True,False,False,False,False,True,False,False,True,True,False,False,False,False
93,Hyundai Santro LP zipPlus,2003.0,75000,57000.0,False,True,False,False,False,False,True,False,False,True,True,False,False,False,False
94,Tata Bolt Quadrajet XE,2016.0,250000,120000.0,False,True,False,False,False,False,True,False,False,True,True,False,False,False,False
95,Maruti 800 AC BSIII,2005.0,100000,30000.0,False,False,False,False,True,False,True,False,False,True,True,False,False,False,False
96,Hyundai i20 Magna 1.2,2015.0,540000,5000.0,False,False,False,False,True,False,True,False,False,True,True,False,False,False,False
97,Hyundai i20 1.2 Asta,2018.0,700000,10000.0,False,False,False,False,True,False,True,False,False,True,True,False,False,False,False
98,Maruti Ciaz VDi Plus,2015.0,525000,100000.0,False,True,False,False,False,False,True,False,False,True,True,False,False,False,False
99,Hyundai i20 Asta 1.4 CRDi,2016.0,430000,80000.0,False,True,False,False,False,False,True,False,False,True,True,False,False,False,False
100,Hyundai Santro LE,2002.0,65000,60000.0,False,False,False,False,True,False,True,False,False,True,True,False,False,False,False
101,Maruti Vitara Brezza VDi,2018.0,800000,35000.0,False,True,False,False,False,False,True,False,False,True,True,False,False,False,False
102,Hyundai Getz 1.3 GLS,2008.0,210000,53772.0,False,False,False,False,True,False,True,False,False,True,True,False,False,False,False
103,Chevrolet Tavera Neo 3 LS 7 C BSIII,2015.0,400000,120000.0,False,True,False,False,False,False,True,False,False,True,True,False,False,False,False
104,Hyundai EON Magna Plus,2012.0,170000,60000.0,False,False,False,False,True,False,True,False,False,True,True,False,False,False,False
105,Renault KWID RXT,2016.0,225000,25000.0,False,False,False,False,True,False,True,False,False,True,True,False,False,False,False
106,Maruti Wagon R DUO LPG,2014.0,210000,60000.0,False,False,False,True,False,False,True,False,False,True,True,False,False,False,False
107,Maruti Wagon R LXI,2020.0,240000,120000.0,False,False,False,False,True,False,True,False,False,True,True,False,False,False,False
108,Chevrolet Enjoy 1.3 TCDi LS 8,2015.0,300000,175000.0,False,True,False,False,False,False,True,False,False,True,True,False,False,False,False
109,Honda City i VTEC SV,2014.0,620000,36000.0,False,False,False,False,True,False,True,False,False,True,True,False,False,False,False
110,Honda Amaze VX i-DTEC,2013.0,500000,30000.0,False,True,False,False,False,False,True,False,False,True,True,False,False,False,False
111,Maruti Swift VVT ZXI,2017.0,550000,60000.0,False,False,False,False,True,False,True,False,False,True,True,False,False,False,False
112,Tata Indigo CR4,2011.0,150000,155500.0,False,True,False,False,False,False,True,False,False,True,True,False,False,False,False
113,Chevrolet Beat LT,2016.0,320000,40000.0,False,False,False,False,True,False,True,False,False,True,True,False,False,False,False
114,Maruti Swift Dzire ZXI Plus,2019.0,810000,15000.0,False,False,False,False,True,False,True,False,False,True,True,False,False,False,False
115,Maruti Alto K10 LXI CNG,2020.0,282000,40000.0,True,False,False,False,False,False,True,False,False,True,True,False,False,False,False
116,Tata Nano LX SE,2013.0,72000,25000.0,False,False,False,False,True,False,True,False,False,True,True,False,False,False,False
117,Hyundai i20 Magna 1.2,2016.0,600000,25000.0,False,False,False,False,True,False,True,False,False,True,True,False,False,False,False
118,Skoda Rapid 1.6 MPI Ambition With Alloy Wheel,2015.0,640000,23000.0,False,False,False,False,True,False,True,False,False,True,True,False,False,False,False
119,Maruti Alto K10 VXI,2018.0,380000,22155.0,False,False,False,False,True,False,True,False,False,True,True,False,False,False,False
120,Maruti Ciaz 1.4 Delta,2018.0,650000,70000.0,False,False,False,False,True,False,True,False,False,True,True,False,False,False,False
121,Tata Nexon 1.2 Revotron XM,2018.0,430000,30000.0,False,False,False,False,True,False,True,False,False,True,True,False,False,False,False
122,Mahindra Bolero Power Plus SLX,2019.0,800000,15000.0,False,True,False,False,False,False,True,False,False,True,True,False,False,False,False
123,Volkswagen Vento Celeste 1.5 TDI Highline AT,2016.0,650000,70000.0,False,True,False,False,False,False,True,False,True,False,True,False,False,False,False
124,Maruti Eeco 7 Seater Standard BSIV,2017.0,390000,24000.0,False,False,False,False,True,False,True,False,False,True,True,False,False,False,False
125,Mercedes-Benz New C-Class 220 CDI AT,2013.0,1500000,35000.0,False,True,False,False,False,False,True,False,True,False,True,False,False,False,False
126,Maruti SX4 Zxi with Leather BSIII,2007.0,175000,78380.0,False,False,False,False,True,False,True,False,False,True,True,False,False,False,False
127,Maruti Swift VDI BSIV,2017.0,600000,80362.0,False,True,False,False,False,False,True,False,False,True,True,False,False,False,False
128,Chevrolet Beat Diesel LT,2012.0,150000,60000.0,False,True,False,False,False,False,True,False,False,True,True,False,False,False,False
129,Chevrolet Cruze LTZ AT,2015.0,650000,50000.0,False,True,False,False,False,False,True,False,True,False,True,False,False,False,False
130,BMW 5 Series 520d Luxury Line,2017.0,2900000,40000.0,False,True,False,False,False,False,True,False,True,False,True,False,False,False,False
131,Hyundai EON Era Plus Option,2014.0,265000,55000.0,False,False,False,False,True,True,False,False,False,True,True,False,False,False,False
132,Fiat Linea T Jet Emotion,2018.0,890000,1136.0,False,False,False,False,True,True,False,False,False,True,True,False,False,False,False
133,Renault Scala RxL,2013.0,365000,55000.0,False,False,False,False,True,True,False,False,False,True,True,False,False,False,False
134,Ford Figo Petrol Titanium,2014.0,350000,43000.0,False,False,False,False,True,True,False,False,False,True,True,False,False,False,False
135,Maruti Ciaz ZDi SHVS,2016.0,685000,60000.0,False,True,False,False,False,False,True,False,False,True,True,False,False,False,False
136,Skoda Rapid 1.5 TDI Ambition BSIV,2018.0,940000,2650.0,False,True,False,False,False,True,False,False,False,True,True,False,False,False,False
137,Mahindra XUV500 W6 2WD,2017.0,1000000,40000.0,False,True,False,False,False,False,True,False,False,True,True,False,False,False,False
138,Mahindra XUV300 W8 Option,2019.0,1150000,15000.0,False,False,False,False,True,True,False,False,False,True,True,False,False,False,False
139,Nissan Terrano XE D,2015.0,590000,65000.0,False,True,False,False,False,True,False,False,False,True,True,False,False,False,False
140,Maruti S-Cross Facelift,2017.0,800000,40000.0,False,True,False,False,False,False,True,False,False,True,True,False,False,False,False
141,Hyundai i20 Magna 1.4 CRDi (Diesel),2012.0,385000,58000.0,False,True,False,False,False,True,False,False,False,True,True,False,False,False,False
142,Hyundai EON Era Plus,2012.0,235000,54000.0,False,False,False,False,True,True,False,False,False,True,True,False,False,False,False
143,Volkswagen Ameo 1.5 TDI Highline,2017.0,640000,56000.0,False,True,False,False,False,True,False,False,False,True,True,False,False,False,False
144,Mahindra Renault Logan 1.5 DLS,2008.0,89999,213000.0,False,True,False,False,False,False,True,False,False,True,True,False,False,False,False
145,Chevrolet Optra Magnum 2.0 LS BSIII,2012.0,180000,120000.0,False,True,False,False,False,False,True,False,False,True,True,False,False,False,False
146,Mahindra Scorpio S11 BSIV,2017.0,1500000,20000.0,False,True,False,False,False,False,True,False,False,True,True,False,False,False,False
147,Hyundai i20 Active 1.2 SX,2017.0,700000,10000.0,False,False,False,False,True,False,True,False,False,True,True,False,False,False,False
148,Hyundai Grand i10 Magna,2015.0,390000,90000.0,False,False,False,False,True,False,True,False,False,True,True,False,False,False,False
149,Maruti Alto LXi BSIII,2008.0,125000,80000.0,False,False,False,False,True,False,True,False,False,True,True,False,False,False,False
150,Honda Mobilio V i DTEC,2014.0,300000,150000.0,False,True,False,False,False,False,True,False,False,True,True,False,False,False,False
151,Tata Indica V2 2001-2011 DLS BSIII,2009.0,90000,120000.0,False,True,False,False,False,True,False,False,False,True,True,False,False,False,False
152,Tata Zest Quadrajet 1.3 75PS XE,2015.0,300000,140000.0,False,True,False,False,False,True,False,False,False,True,True,False,False,False,False
153,Maruti 800 Std,2013.0,170000,70000.0,False,False,False,False,True,False,True,False,False,True,True,False,False,False,False
154,Toyota Innova 2.5 VX (Diesel) 8 Seater,2014.0,1050000,70000.0,False,True,False,False,False,False,True,False,False,True,True,False,False,False,False
156,Hyundai Grand i10 1.2 CRDi Asta,2018.0,465000,25000.0,False,True,False,False,False,False,True,False,False,True,True,False,False,False,False
157,Datsun GO Plus T Option Petrol,2018.0,434999,10000.0,False,False,False,False,True,False,True,False,False,True,True,False,False,False,False
158,Hyundai Grand i10 1.2 Kappa Asta,2018.0,500000,32000.0,False,False,False,False,True,False,True,False,False,True,True,False,False,False,False
159,Maruti Omni MPI STD BSIV,2018.0,200000,10000.0,False,False,False,False,True,False,True,False,False,True,True,False,False,False,False
160,Maruti Baleno Alpha 1.2,2017.0,625000,52000.0,False,False,False,False,True,True,False,False,False,True,True,False,False,False,False
161,Hyundai Elite i20 Asta Option BSIV,2019.0,800000,11240.0,False,False,False,False,True,False,True,False,False,True,True,False,False,False,False
162,Hyundai Grand i10 CRDi Magna,2017.0,490000,66000.0,False,True,False,False,False,True,False,False,False,True,True,False,False,False,False
163,Maruti Ertiga SHVS ZDI,2017.0,880000,64000.0,False,True,False,False,False,True,False,False,False,True,True,False,False,False,False
164,Hyundai Santro Xing GL Plus,2013.0,290000,49000.0,False,False,False,False,True,False,True,False,False,True,True,False,False,False,False
165,Renault KWID RXT,2018.0,360000,26500.0,False,False,False,False,True,False,True,False,False,True,True,False,False,False,False
166,Maruti Vitara Brezza LDi Option,2017.0,685000,72000.0,False,True,False,False,False,True,False,False,False,True,True,False,False,False,False
167,Honda Jazz S,2009.0,300000,50000.0,False,False,False,False,True,False,True,False,False,True,True,False,False,False,False
168,Hyundai i20 1.4 Sportz,2017.0,680000,44000.0,False,True,False,False,False,True,False,False,False,True,True,False,False,False,False
169,Tata Sumo SE Plus BSIII,2002.0,100000,120000.0,False,True,False,False,False,False,True,False,False,True,True,False,False,False,False
170,Mahindra Xylo E4,2010.0,160000,130000.0,False,True,False,False,False,False,True,False,False,True,True,False,False,False,False
171,Maruti Swift ZDi BSIV,2017.0,450000,70000.0,False,True,False,False,False,False,True,False,False,True,True,False,False,False,False
172,Maruti Ertiga VXI,2014.0,600000,20000.0,False,False,False,False,True,False,True,False,False,True,True,False,False,False,False
173,Maruti Alto LXi,2007.0,100000,195000.0,False,False,False,False,True,False,True,False,False,True,True,False,False,False,False
174,Maruti Wagon R LX BS IV,2011.0,160000,155000.0,False,False,False,False,True,False,True,False,False,True,True,False,False,False,False
175,Mahindra Bolero Power Plus SLX,2019.0,860000,35000.0,False,True,False,False,False,False,True,False,False,True,True,False,False,False,False
176,Maruti Alto 800 VXI,2017.0,282000,20000.0,False,False,False,False,True,False,True,False,False,True,True,False,False,False,False
177,Hyundai i20 Asta (o),2009.0,300000,50000.0,False,False,False,False,True,False,True,False,False,True,True,False,False,False,False
178,Hyundai Verna 1.6 SX CRDi (O),2013.0,550000,29000.0,False,True,False,False,False,False,True,False,False,True,True,False,False,False,False
179,Mahindra Xylo D2 BSIV,2013.0,450000,120000.0,False,True,False,False,False,False,True,False,False,True,True,False,False,False,False
180,Maruti Ertiga VXI ABS,2013.0,350000,40000.0,False,False,False,False,True,False,True,False,False,True,True,False,False,False,False
181,Honda Brio 1.2 E MT,2017.0,350000,20000.0,False,False,False,False,True,False,True,False,False,True,True,False,False,False,False
182,Maruti Alto 800 LXI,2013.0,110000,50000.0,False,False,False,False,True,False,True,False,False,True,True,False,False,False,False
183,Mahindra XUV500 W11 Option AWD,2020.0,1400000,25000.0,False,True,False,False,False,True,False,False,False,True,True,False,False,False,False
184,Tata Tiago 1.2 Revotron XZ,2018.0,360000,60000.0,False,False,False,False,True,False,True,False,False,True,True,False,False,False,False
185,Mahindra Marazzo M8 8Str,2018.0,1300000,10000.0,False,True,False,False,False,False,True,False,False,True,True,False,False,False,False
186,Renault Duster 110PS Diesel RxL,2015.0,800000,15000.0,False,True,False,False,False,False,True,False,False,True,True,False,False,False,False
187,Hyundai EON Magna Plus,2018.0,229999,30000.0,False,False,False,False,True,False,True,False,False,True,True,False,False,False,False
188,Maruti Wagon R VXI,2014.0,315000,41000.0,False,False,False,False,True,True,False,False,False,True,True,False,False,False,False
189,Chevrolet Spark 1.0 LT,2012.0,125000,28000.0,False,False,False,False,True,False,True,False,False,True,True,False,False,False,False
190,Maruti Baleno Alpha,2019.0,700000,60000.0,False,False,False,False,True,False,True,False,False,True,True,False,False,False,False
191,Hyundai EON 1.0 Kappa Magna Plus,2015.0,160000,70000.0,False,False,False,False,True,False,True,False,False,True,True,False,False,False,False
192,Ford Figo Aspire 1.2 Ti-VCT Trend,2017.0,530000,10832.0,False,False,False,False,True,True,False,False,False,True,True,False,False,False,False
193,Ford Figo Aspire Facelift,2018.0,624000,14681.0,False,True,False,False,False,True,False,False,False,True,True,False,False,False,False
194,Hyundai i10 Era,2009.0,250000,50000.0,False,False,False,False,True,False,True,False,False,True,True,False,False,False,False
195,Mahindra Bolero SLX,2016.0,585000,51000.0,False,True,False,False,False,True,False,False,False,True,True,False,False,False,False
196,Hyundai Verna 1.4 VTVT,2015.0,500000,25000.0,False,False,False,False,True,False,True,False,False,True,True,False,False,False,False
197,Chevrolet Sail 1.2 LT ABS,2014.0,350000,30000.0,False,False,False,False,True,False,True,False,False,True,True,False,False,False,False
198,Honda City i-DTEC SV,2014.0,495000,80000.0,False,True,False,False,False,True,False,False,False,True,True,False,False,False,False
199,Hyundai Grand i10 1.2 Kappa Asta,2017.0,500000,60000.0,False,False,False,False,True,False,True,False,False,True,True,False,False,False,False
200,Mahindra Bolero Power Plus Plus AC BSIV PS,2015.0,430000,200000.0,False,True,False,False,False,False,True,False,False,True,True,False,False,False,False
201,Hyundai Grand i10 1.2 Kappa Sportz Option,2013.0,345000,44000.0,False,False,False,False,True,True,False,False,False,True,True,False,False,False,False
202,Maruti Baleno Sigma 1.2,2015.0,500000,60000.0,False,False,False,False,True,False,True,False,False,True,True,False,False,False,False
203,Tata Tiago 1.2 Revotron XZ,2019.0,425000,60000.0,False,False,False,False,True,False,True,False,False,True,True,False,False,False,False
204,Chevrolet Beat Diesel LS,2011.0,106000,50000.0,False,True,False,False,False,False,True,False,False,True,True,False,False,False,False
205,Maruti A-Star Vxi,2009.0,180000,46730.0,False,False,False,False,True,False,True,False,False,True,True,False,False,False,False
206,Skoda Yeti Ambition 4WD,2011.0,350000,80000.0,False,True,False,False,False,False,True,False,False,True,True,False,False,False,False
207,Hyundai Verna CRDi 1.6 EX,2018.0,900000,24000.0,False,True,False,False,False,False,True,False,False,True,True,False,False,False,False
208,Ford Aspire Titanium Diesel BSIV,2017.0,700000,21170.0,False,True,False,False,False,True,False,False,False,True,True,False,False,False,False
209,BMW 3 Series 320d Sport,2013.0,2000000,167223.0,False,True,False,False,False,True,False,False,True,False,True,False,False,False,False
210,Maruti Ertiga SHVS ZDI Plus,2017.0,1000000,40000.0,False,True,False,False,False,False,True,False,False,True,True,False,False,False,False
211,BMW X1 sDrive 20d Exclusive,2011.0,1375000,60000.0,False,True,False,False,False,False,True,False,True,False,True,False,False,False,False
212,Toyota Innova Crysta 2.4 VX MT,2016.0,1800000,141440.0,False,True,False,False,False,True,False,False,False,True,True,False,False,False,False
213,Mitsubishi Outlander 2.4,2012.0,525000,140000.0,False,False,False,False,True,False,True,False,True,False,True,False,False,False,False
214,Mahindra XUV500 W8 2WD,2012.0,850000,212814.0,False,True,False,False,False,True,False,False,False,True,True,False,False,False,False
215,Maruti Baleno Alpha 1.3,2019.0,800000,30000.0,False,True,False,False,False,False,True,False,False,True,True,False,False,False,False
216,Ford Figo Aspire 1.5 TDCi Titanium,2017.0,700000,88635.0,False,True,False,False,False,True,False,False,False,True,True,False,False,False,False
217,Maruti Swift Dzire VDI,2018.0,800000,25000.0,False,True,False,False,False,False,True,False,False,True,True,False,False,False,False
218,Hyundai Verna CRDi 1.6 EX,2018.0,900000,25000.0,False,True,False,False,False,False,True,False,False,True,True,False,False,False,False
219,Tata Indica LSI,2002.0,125000,40000.0,False,False,False,False,True,False,True,False,False,True,True,False,False,False,False
220,Hyundai Grand i10 Sportz,2016.0,350000,25000.0,False,False,False,False,True,False,True,False,False,True,True,False,False,False,False
221,Hyundai Grand i10 1.2 CRDi Asta,2019.0,755000,8000.0,False,True,False,False,False,False,True,False,False,True,True,False,False,False,False
222,Maruti Ertiga SHVS VDI,2017.0,720000,60000.0,False,True,False,False,False,False,True,False,False,True,True,False,False,False,False
223,Volkswagen Polo Petrol Comfortline 1.2L,2013.0,400000,100000.0,False,False,False,False,True,False,True,False,False,True,True,False,False,False,False
224,Chevrolet Beat Diesel PS,2012.0,159000,68000.0,False,True,False,False,False,True,False,False,False,True,True,False,False,False,False
225,Maruti Swift ZXi BSIV,2017.0,550000,38000.0,False,False,False,False,True,True,False,False,False,True,True,False,False,False,False
226,Maruti Ritz VDi,2013.0,335000,80000.0,False,True,False,False,False,True,False,False,False,True,True,False,False,False,False
227,Tata Indigo CS Emax CNG GLX,2014.0,185000,72000.0,True,False,False,False,False,True,False,False,False,True,True,False,False,False,False
228,Maruti Eeco 5 STR With AC Plus HTR CNG,2012.0,229999,75000.0,True,False,False,False,False,True,False,False,False,True,True,False,False,False,False
229,Maruti Estilo LXI,2014.0,225000,43000.0,False,False,False,False,True,True,False,False,False,True,True,False,False,False,False
230,Tata Zest Quadrajet 1.3 XM,2015.0,400000,100000.0,False,True,False,False,False,False,True,False,False,True,True,False,False,False,False
231,Maruti Swift VDI BSIV,2014.0,470000,163000.0,False,True,False,False,False,False,True,False,False,True,True,False,False,False,False
232,Maruti Alto LX,2011.0,145000,25000.0,False,False,False,False,True,False,True,False,False,True,True,False,False,False,False
233,Chevrolet Cruze LTZ,2010.0,240000,81925.0,False,True,False,False,False,False,True,False,False,True,True,False,False,False,False
234,Renault KWID RXT Optional,2017.0,270000,40000.0,False,False,False,False,True,False,True,False,False,True,True,False,False,False,False
235,Hyundai EON Era Plus,2012.0,200000,46000.0,False,False,False,False,True,False,True,False,False,True,True,False,False,False,False
236,Mahindra XUV500 W6 2WD,2012.0,550000,80000.0,False,True,False,False,False,False,True,False,False,True,True,False,False,False,False
237,Renault KWID 1.0 RXT Optional,2018.0,325000,35000.0,False,False,False,False,True,False,True,False,False,True,True,False,False,False,False
238,Skoda Rapid 1.5 TDI AT Style BSIV,2017.0,860000,82080.0,False,True,False,False,False,False,True,False,True,False,True,False,False,False,False
239,Mahindra XUV500 W8 2WD,2012.0,600000,200000.0,False,True,False,False,False,False,True,False,False,True,True,False,False,False,False
240,Chevrolet Spark 1.0,2009.0,125000,60000.0,False,False,False,False,True,False,True,False,False,True,True,False,False,False,False
241,Maruti Ertiga VDI,2013.0,400000,110000.0,False,True,False,False,False,False,True,False,False,True,True,False,False,False,False
242,Maruti Swift VVT VXI,2017.0,400000,30000.0,False,False,False,False,True,False,True,False,False,True,True,False,False,False,False
243,Hyundai i20 Sportz Petrol,2010.0,250000,40000.0,False,False,False,False,True,False,True,False,False,True,True,False,False,False,False
244,Hyundai Grand i10 1.2 Kappa Asta,2019.0,600000,10000.0,False,False,False,False,True,False,True,False,False,True,True,False,False,False,False
245,Maruti Zen Estilo VXI BSIV,2010.0,175000,52047.0,False,False,False,False,True,False,True,False,False,True,True,False,False,False,False
246,Maruti Vitara Brezza ZDi,2018.0,800000,50000.0,False,True,False,False,False,False,True,False,False,True,True,False,False,False,False
247,Maruti Swift VXI BSIV,2019.0,600000,10000.0,False,False,False,False,True,False,True,False,False,True,True,False,False,False,False
248,Maruti Swift VDI BSIV,2017.0,600000,90000.0,False,True,False,False,False,False,True,False,False,True,True,False,False,False,False
249,Maruti Alto 800 LXI,2016.0,130000,40000.0,False,False,False,False,True,False,True,False,False,True,True,False,False,False,False
250,Maruti Wagon R LXI Minor,2007.0,95000,80000.0,False,False,False,False,True,False,True,False,False,True,True,False,False,False,False
251,Tata Safari Storme VX,2016.0,1000000,70000.0,False,True,False,False,False,False,True,False,False,True,True,False,False,False,False
252,Mahindra Bolero SLX,2010.0,400000,50000.0,False,True,False,False,False,False,True,False,False,True,True,False,False,False,False
253,Toyota Fortuner 4x4 MT,2014.0,1000000,110000.0,False,True,False,False,False,False,True,False,False,True,True,False,False,False,False
254,Ford Ecosport 1.5 DV5 MT Titanium,2014.0,500000,49000.0,False,True,False,False,False,False,True,False,False,True,True,False,False,False,False
255,Mahindra XUV500 W11 AT BSIV,2018.0,1600000,35000.0,False,True,False,False,False,False,True,False,True,False,True,False,False,False,False
256,Mahindra Supro VX 8 Str,2017.0,500000,160000.0,False,True,False,False,False,False,True,False,False,True,True,False,False,False,False
257,Maruti Alto 800 VXI,2016.0,300000,30000.0,False,False,False,False,True,False,True,False,False,True,True,False,False,False,False
258,Mahindra KUV 100 D75 K2,2017.0,409999,40000.0,False,True,False,False,False,False,True,False,False,True,True,False,False,False,False
259,Maruti Swift Glam,2009.0,250000,70000.0,False,False,False,False,True,False,True,False,False,True,True,False,False,False,False
260,Toyota Fortuner 4x4 MT,2015.0,1400000,120000.0,False,True,False,False,False,False,True,False,False,True,True,False,False,False,False
261,Honda Brio 1.2 VX MT,2018.0,475000,20000.0,False,False,False,False,True,False,True,False,False,True,True,False,False,False,False
262,Honda Brio 1.2 VX MT,2018.0,475000,22000.0,False,False,False,False,True,False,True,False,False,True,True,False,False,False,False
263,Tata Tiago NRG Petrol,2019.0,575000,8000.0,False,False,False,False,True,False,True,False,False,True,True,False,False,False,False
264,Maruti Vitara Brezza ZDi Plus,2018.0,850000,10000.0,False,True,False,False,False,False,True,False,False,True,True,False,False,False,False
265,Hyundai Santro Era,2019.0,350000,30000.0,False,False,False,False,True,False,True,False,False,True,True,False,False,False,False
266,Hyundai Verna 1.4 VTVT,2017.0,330000,80577.0,False,False,False,False,True,False,True,False,False,True,True,False,False,False,False
267,Honda City i-DTEC V,2017.0,1044999,25000.0,False,True,False,False,False,False,True,False,False,True,True,False,False,False,False
268,Hyundai EON D Lite Plus,2015.0,235000,40903.0,False,False,False,False,True,True,False,False,False,True,True,False,False,False,False
269,Maruti Wagon R VXI,2004.0,130000,46000.0,False,False,False,False,True,False,True,False,False,True,True,False,False,False,False
270,Hyundai Grand i10 Sportz,2015.0,400000,61690.0,False,True,False,False,False,True,False,False,False,True,True,False,False,False,False
271,Hyundai i20 Asta 1.2,2015.0,600000,64484.0,False,False,False,False,True,True,False,False,False,True,True,False,False,False,False
272,Maruti Omni E MPI STD BS IV,2018.0,250000,120000.0,False,False,False,False,True,False,True,False,False,True,True,False,False,False,False
273,Honda Mobilio V i DTEC,2015.0,600000,120000.0,False,True,False,False,False,False,True,False,False,True,True,False,False,False,False
274,Honda Accord 2.4 MT,2009.0,350000,57035.0,False,False,False,False,True,True,False,False,False,True,True,False,False,False,False
275,Ford Figo 1.2P Ambiente MT,2015.0,229999,45000.0,False,False,False,False,True,False,True,False,False,True,True,False,False,False,False
276,Tata Nano Lx,2011.0,75000,15000.0,False,False,False,False,True,False,True,False,False,True,True,False,False,False,False
277,Hyundai i20 Active 1.2 SX,2016.0,600000,60000.0,False,False,False,False,True,False,True,False,False,True,True,False,False,False,False
278,Tata Indigo LS Dicor,2011.0,220000,80000.0,False,True,False,False,False,False,True,False,False,True,True,False,False,False,False
279,Maruti Swift Dzire VDI,2014.0,240000,90000.0,False,True,False,False,False,False,True,False,False,True,True,False,False,False,False
280,Renault KWID 1.0 RXT Optional,2017.0,390000,30000.0,False,False,False,False,True,False,True,False,False,True,True,False,False,False,False
281,Chevrolet Beat LS,2012.0,180000,50000.0,False,False,False,False,True,False,True,False,False,True,True,False,False,False,False
282,Maruti Alto 800 LXI,2018.0,310000,5000.0,False,False,False,False,True,False,True,False,False,True,True,False,False,False,False
283,Maruti Wagon R AMT VXI,2018.0,420000,24000.0,False,True,False,False,False,False,True,False,True,False,True,False,False,False,False
284,Tata Tiago NRG Petrol,2019.0,550000,10000.0,False,False,False,False,True,False,True,False,False,True,True,False,False,False,False
285,Mahindra TUV 300 T4 Plus,2018.0,760000,50000.0,False,True,False,False,False,False,True,False,False,True,True,False,False,False,False
286,Maruti Omni MPI STD BSIV,2018.0,250000,20000.0,False,False,False,False,True,False,True,False,False,True,True,False,False,False,False
287,Hyundai Santro Magna BSIV,2019.0,500000,1250.0,False,False,False,False,True,False,True,False,False,True,True,False,False,False,False
288,Tata Zest Revotron 1.2 XT,2015.0,380000,17152.0,False,False,False,False,True,False,True,False,False,True,True,False,False,False,False
289,Mahindra XUV500 W11 Option AT AWD,2019.0,1850000,5000.0,False,True,False,False,False,False,True,False,True,False,True,False,False,False,False
290,Volkswagen Polo Diesel Trendline 1.2L,2012.0,350000,77000.0,False,True,False,False,False,False,True,False,False,True,True,False,False,False,False
291,Toyota Innova 2.5 G (Diesel) 7 Seater,2015.0,1125000,65000.0,False,True,False,False,False,False,True,False,False,True,True,False,False,False,False
292,Tata Indica Vista Quadrajet LX,2011.0,133000,80000.0,False,True,False,False,False,False,True,False,False,True,True,False,False,False,False
293,Hyundai EON Era Plus,2013.0,200000,24005.0,False,False,False,False,True,False,True,False,False,True,True,False,False,False,False
294,Maruti Vitara Brezza ZDi Plus,2018.0,940000,20000.0,False,True,False,False,False,False,True,False,False,True,True,False,False,False,False
295,Renault Duster 85PS Diesel RxL,2014.0,400000,120000.0,False,True,False,False,False,False,True,False,False,True,True,False,False,False,False
296,Maruti Swift Dzire ZDI,2015.0,625000,60000.0,False,True,False,False,False,False,True,False,False,True,True,False,False,False,False
297,Maruti Swift 1.3 VXi,2005.0,110000,80000.0,False,False,False,False,True,False,True,False,False,True,True,False,False,False,False
298,Renault Duster 110PS Diesel RxZ,2012.0,490000,100000.0,False,True,False,False,False,False,True,False,False,True,True,False,False,False,False
299,Maruti Alto K10 VXI Airbag,2015.0,275000,30000.0,False,False,False,False,True,False,True,False,False,True,True,False,False,False,False
300,Maruti Swift VDI,2012.0,352000,109000.0,False,True,False,False,False,False,True,False,False,True,True,False,False,False,False
301,Hyundai EON LPG Magna Plus,2012.0,180000,90000.0,False,False,False,True,False,False,True,False,False,True,True,False,False,False,False
302,Maruti Alto LX,2012.0,150000,90000.0,False,False,False,False,True,False,True,False,False,True,True,False,False,False,False
303,Mahindra Bolero DI DX 7 Seater,2007.0,225000,120000.0,False,True,False,False,False,False,True,False,False,True,True,False,False,False,False
304,Honda Mobilio V i DTEC,2014.0,600000,44000.0,False,True,False,False,False,False,True,False,False,True,True,False,False,False,False
305,Maruti Ertiga BSIV ZXI,2015.0,500000,80000.0,False,False,False,False,True,False,True,False,False,True,True,False,False,False,False
306,Honda BR-V i-VTEC S MT,2018.0,900000,5000.0,False,False,False,False,True,False,True,False,False,True,True,False,False,False,False
307,Hyundai i20 Magna 1.2,2016.0,600000,61000.0,False,False,False,False,True,False,True,False,False,True,True,False,False,False,False
308,Hyundai i10 Era 1.1,2009.0,270000,27633.0,False,False,False,False,True,False,True,False,False,True,True,False,False,False,False
309,Hyundai Santro Xing GLS Audio LPG,2012.0,250000,100000.0,False,False,False,True,False,False,True,False,False,True,True,False,False,False,False
310,Ford Figo 1.2P Titanium MT,2019.0,700000,12586.0,False,False,False,False,True,True,False,False,False,True,True,False,False,False,False
311,Fiat Avventura Urban Cross 1.3 Multijet Emotion,2018.0,650000,38083.0,False,True,False,False,False,True,False,False,False,True,True,False,False,False,False
312,Ford Figo Diesel ZXI,2012.0,400000,55328.0,False,True,False,False,False,True,False,False,False,True,True,False,False,False,False
313,Ford Figo Diesel Titanium,2012.0,425000,81632.0,False,True,False,False,False,True,False,False,False,True,True,False,False,False,False
314,Ford Aspire Titanium Diesel BSIV,2016.0,600000,155201.0,False,True,False,False,False,True,False,False,False,True,True,False,False,False,False
315,Ford EcoSport 1.5 TDCi Titanium BSIV,2013.0,600000,93283.0,False,True,False,False,False,True,False,False,False,True,True,False,False,False,False
316,Maruti Swift Ldi BSIII,2009.0,300000,217871.0,False,True,False,False,False,True,False,False,False,True,True,False,False,False,False
317,Ford Fiesta Classic 1.4 Duratorq CLXI,2012.0,450000,90165.0,False,True,False,False,False,True,False,False,False,True,True,False,False,False,False
318,Ford Ecosport 1.5 DV5 MT Titanium,2014.0,750000,101504.0,False,True,False,False,False,True,False,False,False,True,True,False,False,False,False
319,Honda WR-V i-DTEC V,2019.0,900000,60000.0,False,True,False,False,False,False,True,False,False,True,True,False,False,False,False
320,Skoda Laura L n K 1.9 PD,2006.0,350000,60000.0,False,True,False,False,False,False,True,False,False,True,True,False,False,False,False
321,Honda City i DTEC S,2014.0,520000,82000.0,False,True,False,False,False,False,True,False,False,True,True,False,False,False,False
322,Mahindra Scorpio 1.99 S4,2016.0,509999,60000.0,False,True,False,False,False,False,True,False,False,True,True,False,False,False,False
323,Maruti Baleno Alpha 1.2,2019.0,556000,24000.0,False,False,False,False,True,False,True,False,False,True,True,False,False,False,False
324,Tata Indigo Grand Dicor,2014.0,225000,120000.0,False,True,False,False,False,False,True,False,False,True,True,False,False,False,False
325,Honda Amaze EX i-Dtech,2013.0,325000,65000.0,False,True,False,False,False,True,False,False,False,True,True,False,False,False,False
326,Maruti Swift VDI,2013.0,365000,65000.0,False,True,False,False,False,True,False,False,False,True,True,False,False,False,False
327,Hyundai Creta 1.6 CRDi SX Plus,2015.0,850000,84000.0,False,True,False,False,False,True,False,False,False,True,True,False,False,False,False
328,Toyota Etios GD SP,2013.0,350000,75000.0,False,True,False,False,False,True,False,False,False,True,True,False,False,False,False
329,Maruti Alto LX,2011.0,135000,50000.0,False,False,False,False,True,False,True,False,False,True,True,False,False,False,False
330,Maruti Wagon R LXI Minor,2007.0,140000,49000.0,False,False,False,False,True,True,False,False,False,True,True,False,False,False,False
331,Maruti SX4 S Cross DDiS 320 Delta,2012.0,665000,560000.0,False,True,False,False,False,True,False,False,False,True,True,False,False,False,False
332,Renault KWID RXT,2015.0,275000,14365.0,False,False,False,False,True,True,False,False,False,True,True,False,False,False,False
333,Toyota Fortuner 2.8 4WD AT BSIV,2017.0,2750000,41000.0,False,True,False,False,False,False,True,False,True,False,True,False,False,False,False
334,Hyundai Verna 1.6 SX,2013.0,484999,65000.0,False,True,False,False,False,True,False,False,False,True,True,False,False,False,False
335,Maruti Ciaz VDi Option SHVS,2015.0,565000,65000.0,False,True,False,False,False,True,False,False,False,True,True,False,False,False,False
336,Maruti Swift Dzire VDI,2013.0,425000,61083.0,False,True,False,False,False,True,False,False,False,True,True,False,False,False,False
337,Mahindra Scorpio VLX 2WD AIRBAG SE BSIV,2012.0,565000,72000.0,False,True,False,False,False,True,False,False,False,True,True,False,False,False,False
338,Renault Duster 110PS Diesel RxL,2014.0,525000,65000.0,False,True,False,False,False,True,False,False,False,True,True,False,False,False,False
339,Hyundai Tucson 2.0 e-VGT 2WD MT,2017.0,1650000,55000.0,False,True,False,False,False,True,False,False,False,True,True,False,False,False,False
340,Hyundai Creta 1.6 VTVT AT SX Plus,2018.0,1475000,11700.0,False,False,False,False,True,True,False,False,True,False,True,False,False,False,False
341,Hyundai Verna VTVT 1.6 AT SX Option,2017.0,1100000,10000.0,False,False,False,False,True,False,True,False,True,False,True,False,False,False,False
342,Maruti Swift ZXI BSIV,2016.0,670000,7104.0,False,False,False,False,True,False,False,True,False,True,True,False,False,False,False
343,Maruti S-Cross Zeta DDiS 200 SH,2015.0,750000,45974.0,False,True,False,False,False,False,False,True,False,True,True,False,False,False,False
344,Hyundai Verna 1.6 VTVT SX,2015.0,760000,55340.0,False,False,False,False,True,False,False,True,False,True,True,False,False,False,False
345,Renault Pulse RxL,2015.0,390000,60000.0,False,True,False,False,False,False,False,True,False,True,True,False,False,False,False
346,Honda Brio V MT,2014.0,425000,29654.0,False,False,False,False,True,False,False,True,False,True,True,False,False,False,False
347,Maruti Baleno Alpha 1.3,2016.0,770000,64672.0,False,True,False,False,False,False,False,True,False,True,True,False,False,False,False
348,Honda City i VTEC V,2015.0,775000,66521.0,False,False,False,False,True,False,False,True,False,True,True,False,False,False,False
349,BMW 3 Series 320d Luxury Line,2016.0,2150000,43000.0,False,True,False,False,False,True,False,False,True,False,True,False,False,False,False
350,Mercedes-Benz C-Class Progressive C 220d,2018.0,3800000,10000.0,False,True,False,False,False,True,False,False,True,False,True,False,False,False,False
351,Audi A4 3.0 TDI Quattro,2013.0,1580000,86000.0,False,True,False,False,False,True,False,False,True,False,True,False,False,False,False
352,BMW X5 xDrive 30d xLine,2019.0,4950000,30000.0,False,True,False,False,False,True,False,False,True,False,True,False,False,False,False
353,Hyundai Creta 1.6 CRDi SX,2016.0,535000,52600.0,False,True,False,False,False,False,True,False,False,True,True,False,False,False,False
354,Hyundai Grand i10 1.2 Kappa Magna AT,2017.0,550000,19890.0,False,False,False,False,True,True,False,False,True,False,True,False,False,False,False
356,Maruti Ertiga VXI,2015.0,625000,11918.0,False,False,False,False,True,False,False,True,False,True,True,False,False,False,False
357,Hyundai Grand i10 Magna AT,2017.0,520000,10510.0,False,False,False,False,True,True,False,False,True,False,True,False,False,False,False
358,Chevrolet Beat LT Option,2016.0,239000,41000.0,False,False,False,False,True,True,False,False,False,True,True,False,False,False,False
359,Toyota Fortuner 4x2 AT,2017.0,2600000,47162.0,False,True,False,False,False,False,False,True,True,False,True,False,False,False,False
361,Hyundai i10 Magna,2012.0,229999,49824.0,False,False,False,False,True,True,False,False,False,True,True,False,False,False,False
362,Audi A6 2.0 TDI Premium Plus,2013.0,1300000,58500.0,False,True,False,False,False,True,False,False,True,False,True,False,False,False,False
363,Hyundai Santro GS,2005.0,80000,56580.0,False,False,False,False,True,True,False,False,False,True,True,False,False,False,False
364,Skoda Laura Ambiente 2.0 TDI CR MT,2012.0,385000,52000.0,False,True,False,False,False,True,False,False,False,True,True,False,False,False,False
366,Maruti Swift Dzire VDI,2017.0,600000,46507.0,False,True,False,False,False,False,False,True,False,True,True,False,False,False,False
382,Hyundai Verna 1.6 VTVT SX,2015.0,760000,55340.0,False,False,False,False,True,False,True,False,False,True,True,False,False,False,False
390,Maruti Ertiga VXI,2015.0,625000,60000.0,False,False,False,False,True,False,False,True,False,True,True,False,False,False,False
394,Maruti S-Cross Zeta DDiS 200 SH,2015.0,750000,60000.0,False,True,False,False,False,False,False,True,False,True,True,False,False,False,False
409,Chevrolet Beat LT Option,2014.0,239000,41000.0,False,False,False,False,True,True,False,False,False,True,True,False,False,False,False
415,Hyundai Verna 1.6 VTVT SX,2015.0,760000,60000.0,False,False,False,False,True,False,False,True,False,True,True,False,False,False,False
417,Maruti Alto 800 LXI,2014.0,114999,30000.0,False,False,False,False,True,False,True,False,False,True,True,False,False,False,False
418,Mahindra Scorpio 1.99 S6 Plus,2016.0,900000,35000.0,False,True,False,False,False,False,True,False,False,True,True,False,False,False,False
419,Maruti Omni E MPI STD BS IV,2014.0,229999,11451.0,False,False,False,False,True,False,True,False,False,True,True,False,False,False,False
420,Tata Nexon 1.5 Revotorq XZ,2019.0,800000,60000.0,False,True,False,False,False,False,True,False,False,True,True,False,False,False,False
421,Maruti Swift VDI,2018.0,600000,60000.0,False,True,False,False,False,False,True,False,False,True,True,False,False,False,False
422,Chevrolet Tavera LS B3 7 Seats BSII,2005.0,150000,150000.0,False,True,False,False,False,False,True,False,False,True,True,False,False,False,False
423,Chevrolet Optra Magnum 2.0 LS,2009.0,150000,66000.0,False,True,False,False,False,False,True,False,False,True,True,False,False,False,False
424,Maruti Eeco 5 Seater Standard BSIV,2014.0,380000,5000.0,False,False,False,False,True,False,True,False,False,True,True,False,False,False,False
425,Tata Nano Lx BSIV,2012.0,75000,29900.0,False,False,False,False,True,False,True,False,False,True,True,False,False,False,False
426,Tata Hexa XT 4X4,2017.0,1600000,3000.0,False,True,False,False,False,False,True,False,False,True,True,False,False,False,False
427,Tata Indica Vista Quadrajet VX,2012.0,185000,85000.0,False,True,False,False,False,False,True,False,False,True,True,False,False,False,False
428,Mahindra Scorpio 2.6 CRDe SLE,2011.0,425000,50000.0,False,True,False,False,False,False,True,False,False,True,True,False,False,False,False
429,Maruti Swift Dzire AMT ZXI Plus BS IV,2017.0,710000,8000.0,False,False,False,False,True,False,True,False,True,False,True,False,False,False,False
430,Honda Amaze S AT i-Vtech,2015.0,450000,7900.0,False,False,False,False,True,False,True,False,True,False,True,False,False,False,False
431,Datsun RediGO T Option,2017.0,210000,50000.0,False,False,False,False,True,False,True,False,False,True,True,False,False,False,False
432,Maruti Alto K10 VXI,2016.0,270000,25000.0,False,False,False,False,True,False,True,False,False,True,True,False,False,False,False
433,Maruti Alto LXi,2009.0,110000,20000.0,False,False,False,False,True,False,True,False,False,True,True,False,False,False,False
434,Maruti Swift VXI,2018.0,540000,17500.0,False,False,False,False,True,False,True,False,False,True,True,False,False,False,False
435,Mahindra Renault Logan 1.4 GLX Petrol,2008.0,145000,25000.0,False,False,False,False,True,False,True,False,False,True,True,False,False,False,False
436,Tata Safari Storme VX,2013.0,360000,206500.0,False,True,False,False,False,False,True,False,False,True,True,False,False,False,False
437,Hyundai i10 Magna LPG,2013.0,250000,88600.0,False,False,False,True,False,False,True,False,False,True,True,False,False,False,False
438,Tata Venture EX,2012.0,110000,80000.0,False,True,False,False,False,False,True,False,False,True,True,False,False,False,False
439,Chevrolet Aveo U-VA 1.2 LS,2010.0,140000,60000.0,False,False,False,False,True,False,True,False,False,True,True,False,False,False,False
440,Maruti Ciaz Zeta BSIV,2019.0,925000,11000.0,False,False,False,False,True,False,True,False,False,True,True,False,False,False,False
441,Tata Hexa XM,2017.0,969999,30000.0,False,True,False,False,False,False,True,False,False,True,True,False,False,False,False
442,Mahindra Thar CRDe ABS,2019.0,900000,15000.0,False,True,False,False,False,False,True,False,False,True,True,False,False,False,False
443,Maruti Alto K10 2010-2014 VXI,2011.0,135000,90000.0,False,False,False,False,True,False,True,False,False,True,True,False,False,False,False
444,Maruti 800 AC,2012.0,180000,120000.0,False,False,False,False,True,False,True,False,False,True,True,False,False,False,False
445,Maruti Alto 800 VXI,2015.0,190000,70000.0,False,False,False,False,True,False,True,False,False,True,True,False,False,False,False
446,Mahindra Bolero SLX,2011.0,311000,140000.0,False,True,False,False,False,False,True,False,False,True,True,False,False,False,False
447,Maruti Ritz LXI,2009.0,300000,15000.0,False,False,False,False,True,False,True,False,False,True,True,False,False,False,False
448,Honda Jazz VX,2014.0,600000,20000.0,False,False,False,False,True,False,True,False,False,True,True,False,False,False,False
449,Mahindra Scorpio SLE BSIII,2009.0,550000,100000.0,False,True,False,False,False,False,True,False,False,True,True,False,False,False,False
450,Skoda Rapid 1.6 MPI AT Elegance Plus,2015.0,600000,70000.0,False,False,False,False,True,False,True,False,True,False,True,False,False,False,False
451,Maruti Alto 800 VXI,2018.0,195000,5000.0,False,False,False,False,True,False,True,False,False,True,True,False,False,False,False
452,Tata Nano LX,2013.0,58000,27974.0,False,False,False,False,True,False,True,False,False,True,True,False,False,False,False
453,Maruti Alto 800 VXI,2018.0,183000,40000.0,False,False,False,False,True,False,True,False,False,True,True,False,False,False,False
454,Maruti Zen Estilo 1.1 VXI BSIII,2007.0,95000,80000.0,False,False,False,False,True,False,True,False,False,True,True,False,False,False,False
455,Maruti Wagon R LX Minor,2013.0,250000,38000.0,False,False,False,False,True,False,True,False,False,True,True,False,False,False,False
457,Tata Zest Revotron 1.2 XT,2014.0,400000,35000.0,False,False,False,False,True,False,True,False,False,True,True,False,False,False,False
458,Maruti Swift AMT VXI,2018.0,600000,18000.0,False,False,False,False,True,False,True,False,True,False,True,False,False,False,False
459,Honda Amaze SX i-VTEC,2016.0,600000,60000.0,False,False,False,False,True,False,True,False,False,True,True,False,False,False,False
460,Hyundai Grand i10 Nios Magna CRDi,2020.0,700000,1400.0,False,True,False,False,False,False,True,False,False,True,True,False,False,False,False
461,Chevrolet Beat LS,2011.0,160000,60000.0,False,False,False,False,True,False,True,False,False,True,True,False,False,False,False
462,Maruti Wagon R LXI Minor,2009.0,150000,53000.0,False,False,False,False,True,False,True,False,False,True,True,False,False,False,False
463,Volkswagen Jetta 1.9 L TDI,2010.0,250000,100000.0,False,True,False,False,False,True,False,False,False,True,True,False,False,False,False
464,Renault Duster 85PS Diesel RxL,2015.0,650000,100000.0,False,True,False,False,False,False,True,False,False,True,True,False,False,False,False
465,Hyundai Xcent 1.1 CRDi SX Option,2016.0,600000,30000.0,False,True,False,False,False,False,True,False,False,True,True,False,False,False,False
466,Hyundai i20 1.2 Sportz,2011.0,250000,120000.0,False,False,False,False,True,False,True,False,False,True,True,False,False,False,False
467,Hyundai Grand i10 1.2 Kappa Asta,2017.0,475000,42000.0,False,False,False,False,True,False,True,False,False,True,True,False,False,False,False
468,Hyundai Grand i10 CRDi Sportz,2015.0,325000,100000.0,False,True,False,False,False,False,True,False,False,True,True,False,False,False,False
469,Honda City i VTEC V,2016.0,639000,28205.0,False,False,False,False,True,True,False,False,False,True,True,False,False,False,False
470,Maruti Celerio VXI AT,2017.0,415000,32670.0,False,False,False,False,True,True,False,False,True,False,True,False,False,False,False
471,Hyundai Creta 1.6 CRDi AT SX Plus,2016.0,1199000,30093.0,False,True,False,False,False,True,False,False,True,False,True,False,False,False,False
472,Maruti Ertiga VXI CNG,2013.0,525000,56228.0,True,False,False,False,False,True,False,False,False,True,True,False,False,False,False
473,Hyundai Verna 1.6 SX VTVT,2013.0,425000,59319.0,False,False,False,False,True,True,False,False,False,True,True,False,False,False,False
474,Maruti Vitara Brezza VDi,2016.0,699000,39503.0,False,True,False,False,False,True,False,False,False,True,True,False,False,False,False
475,Hyundai Grand i10 1.2 Kappa Sportz Dual Tone,2013.0,325000,35299.0,False,False,False,False,True,True,False,False,False,True,True,False,False,False,False
476,Toyota Etios V,2011.0,275000,51687.0,False,False,False,False,True,True,False,False,False,True,True,False,False,False,False
477,Volkswagen Vento Petrol Highline AT,2011.0,269000,76259.0,False,False,False,False,True,True,False,False,True,False,True,False,False,False,False
478,Volkswagen Polo Diesel Highline 1.2L,2013.0,399000,44049.0,False,True,False,False,False,True,False,False,False,True,True,False,False,False,False
479,Mahindra KUV 100 mFALCON D75 K8,2017.0,475000,45087.0,False,True,False,False,False,True,False,False,False,True,True,False,False,False,False
480,Toyota Etios V,2011.0,249000,41125.0,False,False,False,False,True,True,False,False,False,True,True,False,False,False,False
481,Audi A4 New  2.0 TDI Multitronic,2014.0,1549000,42215.0,False,True,False,False,False,True,False,False,True,False,True,False,False,False,False
482,Volkswagen Polo Petrol Highline 1.2L,2011.0,254999,54206.0,False,False,False,False,True,True,False,False,False,True,True,False,False,False,False
483,Skoda Rapid 1.6 MPI Active,2012.0,269000,52547.0,False,False,False,False,True,True,False,False,False,True,True,False,False,False,False
484,Maruti Wagon R Stingray LXI,2014.0,299000,54565.0,False,False,False,False,True,True,False,False,False,True,True,False,False,False,False
485,Hyundai Verna 1.6 SX CRDi (O),2014.0,550000,50000.0,False,True,False,False,False,False,True,False,False,True,True,False,False,False,False
486,Land Rover Discovery Sport TD4 HSE 7S,2018.0,4000000,68000.0,False,True,False,False,False,False,True,False,True,False,True,False,False,False,False
487,Maruti Swift VXI,2019.0,500000,20000.0,False,False,False,False,True,False,True,False,False,True,True,False,False,False,False
488,Maruti Alto LXi,2010.0,140000,60000.0,False,False,False,False,True,False,True,False,False,True,True,False,False,False,False
489,Maruti Swift VDI,2013.0,325000,60000.0,False,True,False,False,False,False,True,False,False,True,True,False,False,False,False
490,Hyundai Verna CRDi 1.6 SX Option,2019.0,1200000,25000.0,False,True,False,False,False,False,True,False,False,True,True,False,False,False,False
491,Maruti Alto 800 VXI,2017.0,229999,40000.0,False,False,False,False,True,False,True,False,False,True,True,False,False,False,False
492,Maruti Alto 800 LXI,2006.0,165000,132000.0,False,False,False,False,True,False,True,False,False,True,True,False,False,False,False
493,Tata Tiago XZA AMT,2018.0,525000,10980.0,False,False,False,False,True,True,False,False,True,False,True,False,False,False,False
494,Hyundai EON Era Plus,2018.0,325000,20629.0,False,False,False,False,True,True,False,False,False,True,True,False,False,False,False
495,Hyundai Grand i10 AT Asta,2015.0,400000,30000.0,False,False,False,False,True,False,True,False,True,False,True,False,False,False,False
496,Maruti Ciaz VXi,2015.0,550000,69782.0,False,False,False,False,True,True,False,False,False,True,True,False,False,False,False
497,Maruti 800 Std,2003.0,98000,54000.0,False,False,False,False,True,False,True,False,False,True,True,False,False,False,False
498,Mahindra XUV500 W8 4WD,2013.0,900000,63654.0,False,True,False,False,False,True,False,False,False,True,True,False,False,False,False
499,Renault Lodgy 85PS RxL,2017.0,700000,60000.0,False,True,False,False,False,False,True,False,False,True,True,False,False,False,False
500,Mahindra Scorpio S6 Plus 7 Seater,2015.0,890000,52000.0,False,True,False,False,False,True,False,False,False,True,True,False,False,False,False
501,Maruti Swift LDI BSIV,2015.0,490000,59385.0,False,True,False,False,False,True,False,False,False,True,True,False,False,False,False
502,Hyundai i20 2015-2017 Magna 1.2,2015.0,525000,70378.0,False,False,False,False,True,True,False,False,False,True,True,False,False,False,False
503,Maruti Wagon R LXI BS IV,2013.0,330000,55425.0,False,False,False,False,True,True,False,False,False,True,True,False,False,False,False
504,Mahindra Bolero Power Plus SLX,2018.0,790000,40890.0,False,True,False,False,False,True,False,False,False,True,True,False,False,False,False
505,Toyota Innova Crysta 2.8 ZX AT BSIV,2017.0,1700000,75000.0,False,True,False,False,False,False,True,False,True,False,True,False,False,False,False
506,Maruti Ciaz VDI SHVS,2017.0,750000,55545.0,False,True,False,False,False,True,False,False,False,True,True,False,False,False,False
507,Honda Amaze EX i-Dtech,2014.0,409999,60000.0,False,True,False,False,False,True,False,False,False,True,True,False,False,False,False
508,Hyundai EON Magna Plus,2016.0,220000,43700.0,False,False,False,False,True,False,True,False,False,True,True,False,False,False,False
509,Hyundai EON Era Plus,2017.0,290000,20000.0,False,False,False,False,True,False,True,False,False,True,True,False,False,False,False
510,Honda City i DTec SV,2014.0,600000,27483.0,False,True,False,False,False,True,False,False,False,True,True,False,False,False,False
511,Maruti Swift LXI,2019.0,470000,8000.0,False,False,False,False,True,False,True,False,False,True,True,False,False,False,False
512,Hyundai i10 Sportz 1.2,2008.0,150000,30000.0,False,False,False,False,True,False,True,False,False,True,True,False,False,False,False
513,Maruti Zen LXI,2006.0,80000,70000.0,False,False,False,False,True,False,True,False,False,True,True,False,False,False,False
514,Honda WR-V i-VTEC VX,2018.0,875000,1440.0,False,False,False,False,True,False,True,False,False,True,True,False,False,False,False
515,Maruti Alto 800 LXI,2019.0,300000,50000.0,False,False,False,False,True,False,True,False,False,True,True,False,False,False,False
516,Toyota Fortuner 2.8 2WD AT BSIV,2017.0,2800000,20000.0,False,True,False,False,False,False,True,False,True,False,True,False,False,False,False
517,Toyota Innova Crysta 2.4 ZX MT,2017.0,1330000,91195.0,False,True,False,False,False,True,False,False,False,True,True,False,False,False,False
518,Volkswagen Polo 1.5 TDI Trendline,2011.0,220000,63657.0,False,True,False,False,False,True,False,False,False,True,True,False,False,False,False
519,Mahindra Verito Vibe 1.5 dCi D4,2013.0,250000,60000.0,False,True,False,False,False,False,True,False,False,True,True,False,False,False,False
520,Toyota Innova 2.5 G (Diesel) 7 Seater,2016.0,919999,75000.0,False,True,False,False,False,True,False,False,False,True,True,False,False,False,False
521,Volkswagen Vento Magnific 1.6 Highline,2013.0,380000,97248.0,False,False,False,False,True,True,False,False,False,True,True,False,False,False,False
522,Maruti Swift VDI,2012.0,450000,46000.0,False,True,False,False,False,False,True,False,False,True,True,False,False,False,False
523,Hyundai Verna 1.6 VTVT AT S Option,2016.0,770000,10000.0,False,False,False,False,True,False,True,False,True,False,True,False,False,False,False
524,Maruti Swift Dzire LDI,2018.0,550000,80000.0,False,True,False,False,False,False,True,False,False,True,True,False,False,False,False
525,Maruti SX4 Vxi BSIV,2013.0,400000,35000.0,False,False,False,False,True,False,True,False,False,True,True,False,False,False,False
526,Maruti Celerio VXI AT,2017.0,450000,50000.0,False,True,False,False,False,False,True,False,True,False,True,False,False,False,False
527,Maruti Wagon R Stingray VXI,2014.0,300000,75000.0,False,False,False,False,True,False,True,False,False,True,True,False,False,False,False
528,Toyota Etios Liva 1.4 VD,2017.0,425000,36000.0,False,True,False,False,False,True,False,False,False,True,True,False,False,False,False
529,Hyundai Xcent 1.2 Kappa SX,2016.0,350000,12000.0,False,False,False,False,True,False,True,False,False,True,True,False,False,False,False
530,Honda Amaze VX O iDTEC,2017.0,550000,12997.0,False,True,False,False,False,True,False,False,False,True,True,False,False,False,False
531,Maruti Ciaz 1.4 AT Zeta,2017.0,500000,40000.0,False,False,False,False,True,False,True,False,True,False,True,False,False,False,False
532,Mahindra Scorpio S4 4WD,2015.0,600000,60000.0,False,True,False,False,False,False,True,False,False,True,True,False,False,False,False
533,Hyundai Verna CRDi 1.6 SX Option,2018.0,1150000,26430.0,False,True,False,False,False,True,False,False,False,True,True,False,False,False,False
534,Maruti Swift 1.3 VXI ABS,2015.0,475000,24600.0,False,False,False,False,True,True,False,False,False,True,True,False,False,False,False
535,Maruti Wagon R LXI,2011.0,260000,28481.0,False,False,False,False,True,True,False,False,False,True,True,False,False,False,False
536,Ford Ecosport 1.0 Ecoboost Titanium Optional,2013.0,350000,100000.0,False,False,False,False,True,False,True,False,False,True,True,False,False,False,False
537,Mahindra XUV500 W8 2WD,2013.0,750000,41988.0,False,True,False,False,False,True,False,False,False,True,True,False,False,False,False
538,Maruti Wagon R LXI,2009.0,180000,30375.0,False,False,False,False,True,True,False,False,False,True,True,False,False,False,False
539,Renault KWID Climber 1.0 AMT BSIV,2017.0,350000,7658.0,False,False,False,False,True,True,False,False,True,False,True,False,False,False,False
540,Maruti Swift Dzire VDI,2017.0,611000,34400.0,False,True,False,False,False,True,False,False,False,True,True,False,False,False,False
541,Renault KWID RXL BSIV,2017.0,325000,18500.0,False,False,False,False,True,True,False,False,False,True,True,False,False,False,False
542,Maruti Wagon R AMT VXI,2014.0,300000,28942.0,False,False,False,False,True,True,False,False,True,False,True,False,False,False,False
543,Mahindra XUV500 W8 2WD,2012.0,711000,53600.0,False,True,False,False,False,True,False,False,False,True,True,False,False,False,False
544,Toyota Innova 2.5 G (Diesel) 8 Seater,2015.0,851000,53652.0,False,True,False,False,False,True,False,False,False,True,True,False,False,False,False
545,Maruti Ertiga VXI,2014.0,500000,25000.0,False,False,False,False,True,False,True,False,False,True,True,False,False,False,False
546,Maruti Alto 800 VXI,2017.0,150000,50000.0,False,False,False,False,True,False,True,False,False,True,True,False,False,False,False
547,Mahindra KUV 100 G80 K2,2018.0,450000,5000.0,False,True,False,False,False,False,True,False,False,True,True,False,False,False,False
548,Hyundai i20 1.4 Asta Option,2017.0,744000,106000.0,False,True,False,False,False,False,True,False,False,True,True,False,False,False,False
549,Maruti Celerio ZXI Optional AMT BSIV,2017.0,370000,82000.0,False,False,False,False,True,False,True,False,True,False,True,False,False,False,False
550,Hyundai EON Magna Plus,2013.0,125000,205000.0,False,False,False,False,True,False,True,False,False,True,True,False,False,False,False
551,Fiat Linea Classic 1.3 Multijet,2015.0,350000,130000.0,False,True,False,False,False,False,True,False,False,True,True,False,False,False,False
552,Tata Indigo CR4,2013.0,170000,60000.0,False,True,False,False,False,False,True,False,False,True,True,False,False,False,False
553,Mahindra Scorpio S11 BSIV,2014.0,1300000,35000.0,False,True,False,False,False,False,True,False,False,True,True,False,False,False,False
554,Hyundai Grand i10 1.2 Kappa Sportz BSIV,2019.0,550000,60000.0,False,False,False,False,True,False,True,False,False,True,True,False,False,False,False
555,Honda Brio 1.2 S MT,2017.0,400000,15000.0,False,False,False,False,True,False,True,False,False,True,True,False,False,False,False
556,Tata Nano Lx,2011.0,120000,20000.0,False,False,False,False,True,False,True,False,False,True,True,False,False,False,False
558,Ford Figo Petrol Titanium,2010.0,275000,70000.0,False,False,False,False,True,False,True,False,False,True,True,False,False,False,False
559,Tata Zest Revotron 1.2T XE,2016.0,285000,90000.0,False,False,False,False,True,False,True,False,False,True,True,False,False,False,False
560,Hyundai Creta 1.4 CRDi Base,2016.0,900000,80000.0,False,True,False,False,False,False,True,False,False,True,True,False,False,False,False
561,Toyota Innova Crysta 2.4 GX MT 8S BSIV,2018.0,1700000,5000.0,False,True,False,False,False,False,True,False,False,True,True,False,False,False,False
562,Ford Figo Aspire 1.2 Ti-VCT Titanium Plus,2018.0,650000,15000.0,False,False,False,False,True,False,True,False,False,True,True,False,False,False,False
563,Maruti Ertiga VXI,2014.0,500000,35000.0,False,False,False,False,True,False,True,False,False,True,True,False,False,False,False
564,Toyota Etios Cross 1.2L G,2015.0,320000,60000.0,False,False,False,False,True,False,True,False,False,True,True,False,False,False,False
565,Renault Duster 110PS Diesel RxZ,2013.0,450000,120000.0,False,True,False,False,False,False,True,False,False,True,True,False,False,False,False
566,Mahindra KUV 100 mFALCON D75 K8 AW,2016.0,350000,90000.0,False,True,False,False,False,False,True,False,False,True,True,False,False,False,False
567,Maruti Swift Dzire VXI,2015.0,400000,90000.0,False,False,False,False,True,False,True,False,False,True,True,False,False,False,False
569,Tata Hexa XTA,2017.0,1200000,50000.0,False,True,False,False,False,False,True,False,True,False,True,False,False,False,False
570,Maruti Swift Dzire VXI 1.2 BS IV,2018.0,615000,40000.0,False,False,False,False,True,False,True,False,False,True,True,False,False,False,False
571,Tata Nano LX,2013.0,60000,40000.0,False,False,False,False,True,False,True,False,False,True,True,False,False,False,False
572,Maruti Ignis 1.2 Alpha BSIV,2017.0,500000,60000.0,False,False,False,False,True,False,True,False,False,True,True,False,False,False,False
573,Honda Mobilio V i VTEC,2015.0,600000,45000.0,False,False,False,False,True,False,True,False,False,True,True,False,False,False,False
574,Hyundai Getz 1.3 GVS,2010.0,110000,110000.0,False,False,False,False,True,False,True,False,False,True,True,False,False,False,False
575,Hyundai Santro Xing GL Plus,2013.0,175000,80000.0,False,False,False,False,True,False,True,False,False,True,True,False,False,False,False
576,Maruti Swift Dzire LDI,2017.0,425000,90000.0,False,True,False,False,False,False,True,False,False,True,True,False,False,False,False
577,Hyundai i20 1.2 Spotz,2017.0,400000,50000.0,False,False,False,False,True,False,True,False,False,True,True,False,False,False,False
578,Tata Tigor 1.2 Revotron XM,2018.0,509999,5000.0,False,False,False,False,True,False,True,False,False,True,True,False,False,False,False
579,Hyundai Santro Xing GLS,2009.0,110000,120000.0,False,False,False,False,True,False,True,False,False,True,True,False,False,False,False
580,Nissan Sunny Diesel XV,2013.0,450000,80000.0,False,True,False,False,False,False,True,False,False,True,True,False,False,False,False
581,Hyundai Santro Xing GLS,2009.0,140000,120000.0,False,False,False,False,True,False,True,False,False,True,True,False,False,False,False
582,Tata Indigo CR4,2011.0,130000,90000.0,False,True,False,False,False,False,True,False,False,True,True,False,False,False,False
583,Maruti Alto 800 LXI,2017.0,160000,50000.0,False,False,False,False,True,False,True,False,False,True,True,False,False,False,False
584,Maruti Alto 800 LXI,2016.0,150000,60000.0,False,False,False,False,True,False,True,False,False,True,True,False,False,False,False
585,Tata Nano Std,2011.0,40000,60000.0,False,False,False,False,True,False,True,False,False,True,True,False,False,False,False
586,Hyundai EON D Lite,2016.0,210000,30000.0,False,False,False,False,True,False,True,False,False,True,True,False,False,False,False
587,Toyota Innova 2.5 GX (Diesel) 7 Seater,2015.0,940000,128000.0,False,True,False,False,False,False,True,False,False,True,True,False,False,False,False
588,Nissan Terrano XV Premium 110 PS,2013.0,750000,80000.0,False,True,False,False,False,False,True,False,False,True,True,False,False,False,False
589,Maruti Baleno Alpha 1.3,2016.0,610000,100000.0,False,True,False,False,False,False,True,False,False,True,True,False,False,False,False
590,Nissan Sunny XV D Premium Leather,2015.0,450000,50000.0,False,True,False,False,False,False,True,False,False,True,True,False,False,False,False
591,Toyota Etios Liva GD,2012.0,409999,60000.0,False,True,False,False,False,False,True,False,False,True,True,False,False,False,False
592,Hyundai EON 1.0 Era Plus,2018.0,100000,60000.0,False,False,False,False,True,False,True,False,False,True,True,False,False,False,False
593,Renault KWID 1.0 RXT Optional,2018.0,300000,10500.0,False,False,False,False,True,False,True,False,False,True,True,False,False,False,False
594,Mahindra Bolero 2011-2019 SLX,2013.0,400000,107000.0,False,True,False,False,False,False,True,False,False,True,True,False,False,False,False
595,Maruti Wagon R LXI BS IV,2010.0,222000,70000.0,False,False,False,False,True,False,True,False,False,True,True,False,False,False,False
604,Chevrolet Beat LT Option,2016.0,239000,60000.0,False,False,False,False,True,True,False,False,False,True,True,False,False,False,False
610,Skoda Laura Ambiente 2.0 TDI CR MT,2012.0,385000,52000.0,False,True,False,False,False,False,True,False,False,True,True,False,False,False,False
613,Mercedes-Benz C-Class Progressive C 220d,2018.0,3800000,10000.0,False,True,False,False,False,False,True,False,True,False,True,False,False,False,False
629,Maruti Swift Dzire VDI,2014.0,600000,46507.0,False,True,False,False,False,False,False,True,False,True,True,False,False,False,False
630,Volkswagen Jetta 2.0L TDI Highline AT,2012.0,735000,55300.0,False,True,False,False,False,True,False,False,True,False,True,False,False,False,False
631,Tata Indica Vista Quadrajet 90 VX,2012.0,285000,74300.0,False,True,False,False,False,True,False,False,False,True,True,False,False,False,False
632,Honda City VX MT,2010.0,350000,48781.0,False,False,False,False,True,True,False,False,False,True,True,False,False,False,False
633,Volkswagen Jetta 1.9 Highline TDI,2014.0,290000,87620.0,False,True,False,False,False,True,False,False,True,False,True,False,False,False,False
634,Volkswagen Vento 1.5 TDI Highline Plus AT,2017.0,890000,40219.0,False,True,False,False,False,True,False,False,True,False,True,False,False,False,False
635,Honda Jazz VX,2011.0,385000,11473.0,False,False,False,False,True,True,False,False,False,True,True,False,False,False,False
636,Maruti Eeco 5 Seater AC BSIV,2017.0,425000,8352.0,False,False,False,False,True,True,False,False,False,True,True,False,False,False,False
637,Maruti Wagon R VXI AMT1.2BSIV,2017.0,525000,9745.0,False,False,False,False,True,True,False,False,True,False,True,False,False,False,False
638,Hyundai Grand i10 Asta,2017.0,550000,9748.0,False,False,False,False,True,True,False,False,False,True,True,False,False,False,False
639,Volkswagen Polo 1.0 MPI Trendline,2012.0,271000,49000.0,False,False,False,False,True,True,False,False,False,True,True,False,False,False,False
640,Hyundai Creta 1.6 CRDi SX Option,2018.0,1490000,20694.0,False,True,False,False,False,True,False,False,False,True,True,False,False,False,False
641,Hyundai Grand i10 Asta Option,2015.0,490000,31080.0,False,False,False,False,True,True,False,False,False,True,True,False,False,False,False
642,Hyundai EON Era Plus,2014.0,260000,37605.0,False,False,False,False,True,True,False,False,False,True,True,False,False,False,False
643,Hyundai Xcent 1.1 CRDi SX Option,2014.0,455000,55850.0,False,True,False,False,False,True,False,False,False,True,True,False,False,False,False
644,Tata Nano Lx BSIV,2010.0,75000,58850.0,False,False,False,False,True,True,False,False,False,True,True,False,False,False,False
645,Toyota Etios Cross 1.2L G,2015.0,421000,23839.0,False,False,False,False,True,True,False,False,False,True,True,False,False,False,False
646,Maruti Swift DDiS LDI,2016.0,550000,54000.0,False,True,False,False,False,True,False,False,False,True,True,False,False,False,False
647,Hyundai i10 Sportz 1.2 AT,2013.0,330000,38000.0,False,False,False,False,True,True,False,False,True,False,True,False,False,False,False
648,Volkswagen Vento 1.5 TDI Comfortline,2012.0,390000,45454.0,False,True,False,False,False,True,False,False,False,True,True,False,False,False,False
649,Skoda Rapid 1.5 TDI AT Ambition,2015.0,599000,46957.0,False,True,False,False,False,True,False,False,True,False,True,False,False,False,False
650,Renault KWID RXT Optional,2016.0,250000,25000.0,False,False,False,False,True,False,True,False,False,True,True,False,False,False,False
651,Audi Q3 35 TDI Quattro Technology,2018.0,2700000,25000.0,False,True,False,False,False,False,True,False,True,False,True,False,False,False,False
652,Mahindra Renault Logan 1.4 GLX Petrol,2008.0,80000,90000.0,False,False,False,False,True,False,True,False,False,True,True,False,False,False,False
653,Maruti Alto K10 VXI,2019.0,350000,5000.0,False,False,False,False,True,False,True,False,False,True,True,False,False,False,False
654,Maruti Swift VDI BSIV,2015.0,475000,60000.0,False,True,False,False,False,False,True,False,False,True,True,False,False,False,False
655,Audi A5 Sportback,2020.0,4700000,1500.0,False,True,False,False,False,False,True,False,True,False,True,False,False,False,False
656,Maruti Swift Dzire VDI,2018.0,500000,50000.0,False,True,False,False,False,False,True,False,False,True,True,False,False,False,False
657,Chevrolet Sail Hatchback 1.3 TCDi LT ABS,2014.0,250000,120000.0,False,True,False,False,False,False,True,False,False,True,True,False,False,False,False
658,Maruti Alto K10 VXI Airbag,2019.0,350000,5000.0,False,False,False,False,True,False,True,False,False,True,True,False,False,False,False
659,BMW 7 Series Signature 730Ld,2014.0,4000000,47000.0,False,True,False,False,False,False,True,False,True,False,True,False,False,False,False
660,Toyota Camry 2.5 Hybrid,2017.0,1900000,60000.0,False,False,False,False,True,False,True,False,True,False,True,False,False,False,False
661,Hyundai Grand i10 CRDi Sportz,2015.0,409999,58000.0,False,True,False,False,False,False,True,False,False,True,True,False,False,False,False
662,Mahindra XUV500 W5 BSIV,2018.0,1050000,35000.0,False,True,False,False,False,False,True,False,False,True,True,False,False,False,False
663,Maruti Alto K10 VXI,2017.0,320000,30000.0,False,False,False,False,True,False,True,False,False,True,True,False,False,False,False
664,Mahindra XUV300 W8 Option Diesel BSIV,2019.0,1000000,10000.0,False,True,False,False,False,False,True,False,False,True,True,False,False,False,False
665,Toyota Innova Crysta 2.4 VX MT BSIV,2017.0,1770000,25000.0,False,True,False,False,False,False,True,False,False,True,True,False,False,False,False
666,Mahindra Thar CRDe,2018.0,950000,20000.0,False,True,False,False,False,False,True,False,False,True,True,False,False,False,False
667,Hyundai EON Magna Plus,2014.0,220000,42000.0,False,False,False,False,True,False,True,False,False,True,True,False,False,False,False
668,Tata Hexa XM,2017.0,1000000,50000.0,False,True,False,False,False,False,True,False,False,True,True,False,False,False,False
669,Honda Mobilio E i DTEC,2017.0,660000,116000.0,False,True,False,False,False,False,True,False,False,True,True,False,False,False,False
670,Maruti Ertiga ZDI,2015.0,716000,100000.0,False,True,False,False,False,False,True,False,False,True,True,False,False,False,False
671,Maruti Ciaz ZXi Plus,2015.0,675000,66000.0,False,False,False,False,True,False,True,False,False,True,True,False,False,False,False
672,Fiat Grande Punto EVO 1.3 Dynamic,2014.0,325000,70000.0,False,True,False,False,False,False,True,False,False,True,True,False,False,False,False
673,Hyundai Creta 1.6 CRDi SX Option,2015.0,950000,60000.0,False,True,False,False,False,False,True,False,False,True,True,False,False,False,False
674,Tata Indica Vista TDI LS,2014.0,250000,25000.0,False,True,False,False,False,False,True,False,False,True,True,False,False,False,False
675,Land Rover Discovery S 2.0 SD4,2018.0,4000000,68000.0,False,False,False,False,True,False,True,False,True,False,True,False,False,False,False
676,Maruti Alto 800 LXI,2014.0,210000,20000.0,False,False,False,False,True,False,True,False,False,True,True,False,False,False,False
677,Maruti Vitara Brezza VDi Option,2018.0,725000,26350.0,False,True,False,False,False,False,True,False,False,True,True,False,False,False,False
678,Mahindra Scorpio SLE BSIV,2012.0,550000,90000.0,False,True,False,False,False,False,True,False,False,True,True,False,False,False,False
679,Hyundai Santro LE zipPlus,2001.0,68000,70000.0,False,False,False,False,True,False,True,False,False,True,True,False,False,False,False
680,Hyundai Grand i10 1.2 Kappa Asta,2017.0,500000,26500.0,False,False,False,False,True,False,True,False,False,True,True,False,False,False,False
682,Mahindra Scorpio S11 BSIV,2018.0,1300000,35000.0,False,True,False,False,False,False,True,False,False,True,True,False,False,False,False
683,Hyundai Creta 1.4 EX Diesel,2020.0,1050000,10000.0,False,True,False,False,False,False,True,False,False,True,True,False,False,False,False
686,Hyundai Verna CRDi 1.6 SX,2017.0,900000,50000.0,False,True,False,False,False,False,True,False,False,True,True,False,False,False,False
687,Hyundai Grand i10 1.2 Kappa Sportz BSIV,2019.0,550000,25000.0,False,True,False,False,False,False,True,False,False,True,True,False,False,False,False
690,Hyundai i20 Asta 1.4 CRDi,2013.0,300000,90000.0,False,True,False,False,False,False,True,False,False,True,True,False,False,False,False
695,Ford Figo Aspire 1.2 Ti-VCT Trend,2018.0,550000,35000.0,False,False,False,False,True,False,True,False,False,True,True,False,False,False,False
696,Mahindra XUV500 W8 4WD,2012.0,650000,71042.0,False,True,False,False,False,True,False,False,False,True,True,False,False,False,False
697,Ford Fiesta 1.5 TDCi Titanium,2011.0,195000,133564.0,False,True,False,False,False,True,False,False,False,True,True,False,False,False,False
700,Honda City i-VTEC CVT ZX,2018.0,1140000,23038.0,False,False,False,False,True,False,False,True,True,False,True,False,False,False,False
701,Chevrolet Beat Diesel LS,2011.0,95000,70000.0,False,True,False,False,False,False,True,False,False,True,True,False,False,False,False
702,BMW 3 Series GT Luxury Line,2017.0,3050000,30000.0,False,True,False,False,False,False,True,False,True,False,True,False,False,False,False
703,Hyundai Grand i10 1.2 Kappa Magna AT,2017.0,550000,19890.0,False,True,False,False,False,True,False,False,True,False,True,False,False,False,False
706,Chevrolet Beat LT Option,2016.0,239000,41000.0,False,False,False,False,True,False,True,False,False,True,True,False,False,False,False
710,Maruti Baleno Delta 1.2,2017.0,585000,60000.0,False,False,False,False,True,False,False,True,False,True,True,False,False,False,False
711,Maruti Baleno Alpha CVT,2018.0,825000,11212.0,False,False,False,False,True,False,False,True,True,False,True,False,False,False,False
712,Hyundai i20 1.4 Magna Executive,2013.0,280000,52000.0,False,True,False,False,False,True,False,False,False,True,True,False,False,False,False
713,Maruti Baleno Zeta,2016.0,725000,49217.0,False,False,False,False,True,False,False,True,False,True,True,False,False,False,False
714,Mahindra Verito 1.5 D4 BSIV,2015.0,300000,90000.0,False,True,False,False,False,False,True,False,False,True,True,False,False,False,False
715,Hyundai Xcent 1.2 Kappa S,2014.0,375000,70000.0,False,False,False,False,True,False,True,False,False,True,True,False,False,False,False
716,Ford Endeavour 3.2 Titanium AT 4X4,2016.0,1950000,106000.0,False,True,False,False,False,False,True,False,True,False,True,False,False,False,False
717,Maruti Eeco 7 Seater Standard BSIV,2018.0,270000,20000.0,False,False,False,False,True,False,True,False,False,True,True,False,False,False,False
718,Hyundai EON 1.0 Era Plus,2017.0,280000,28838.0,False,False,False,False,True,False,True,False,False,True,True,False,False,False,False
719,Tata Indica GLS BS IV,2008.0,80000,200000.0,False,False,False,False,True,False,True,False,False,True,True,False,False,False,False
720,Tata Indica DLS,2006.0,55000,100000.0,False,True,False,False,False,False,True,False,False,True,True,False,False,False,False
721,Maruti Alto 800 LXI Airbag,2014.0,250000,50000.0,False,False,False,False,True,False,True,False,False,True,True,False,False,False,False
722,Chevrolet Beat Diesel LS,2012.0,160000,50000.0,False,True,False,False,False,False,True,False,False,True,True,False,False,False,False
723,Honda Jazz 1.5 VX i DTEC,2018.0,790000,19571.0,False,True,False,False,False,True,False,False,False,True,True,False,False,False,False
724,Honda City i-VTEC ZX,2018.0,1200000,29600.0,False,False,False,False,True,True,False,False,False,True,True,False,False,False,False
725,Maruti Swift LXI,2011.0,175000,70000.0,False,False,False,False,True,False,True,False,False,True,True,False,False,False,False
726,Maruti Vitara Brezza ZDi Plus AMT Dual Tone,2018.0,950000,15000.0,False,True,False,False,False,False,True,False,True,False,True,False,False,False,False
727,Maruti Celerio LXI MT BSIV,2019.0,340000,50000.0,False,False,False,False,True,False,True,False,False,True,True,False,False,False,False
728,Renault Captur 1.5 Diesel RXT,2017.0,825000,13500.0,False,True,False,False,False,False,True,False,False,True,True,False,False,False,False
729,Audi A4 30 TFSI Technology,2018.0,3100000,22000.0,False,False,False,False,True,False,True,False,True,False,True,False,False,False,False
730,Honda Amaze VX Diesel BSIV,2018.0,780000,25000.0,False,True,False,False,False,True,False,False,False,True,True,False,False,False,False
731,Honda Amaze VX Petrol BSIV,2018.0,690000,39000.0,False,False,False,False,True,True,False,False,False,True,True,False,False,False,False
732,Maruti Alto 800 VXI,2016.0,245000,60000.0,False,False,False,False,True,False,True,False,False,True,True,False,False,False,False
733,Honda Amaze VX Diesel BSIV,2018.0,790000,49000.0,False,True,False,False,False,True,False,False,False,True,True,False,False,False,False
734,Honda Amaze VX i-VTEC,2018.0,680000,48600.0,False,False,False,False,True,True,False,False,False,True,True,False,False,False,False
735,Mahindra KUV 100 mFALCON G80 K2,2016.0,425000,25000.0,False,False,False,False,True,False,True,False,False,True,True,False,False,False,False
736,Maruti Zen Estilo Sports,2008.0,140000,120000.0,False,False,False,False,True,False,True,False,False,True,True,False,False,False,False
737,Maruti Ertiga ZDI Plus,2019.0,1100000,30000.0,False,True,False,False,False,False,True,False,False,True,True,False,False,False,False
738,Renault Lodgy 85PS RxL,2015.0,715000,35000.0,False,True,False,False,False,False,True,False,False,True,True,False,False,False,False
740,Audi Q3 2.0 TDI Quattro Premium Plus,2015.0,1750000,127643.0,False,True,False,False,False,True,False,False,True,False,True,False,False,False,False
741,Audi A6 2.0 TDI  Design Edition,2014.0,1750000,102354.0,False,True,False,False,False,True,False,False,True,False,True,False,False,False,False
742,Audi Q5 2.0 TFSI Quattro Premium Plus,2014.0,1850000,62237.0,False,False,False,False,True,True,False,False,True,False,True,False,False,False,False
743,Ford EcoSport 1.5 TDCi Titanium BSIV,2018.0,950000,21394.0,False,True,False,False,False,True,False,False,False,True,True,False,False,False,False
744,Datsun GO T Petrol,2015.0,310000,32686.0,False,False,False,False,True,True,False,False,False,True,True,False,False,False,False
745,Renault Pulse RxZ,2017.0,490000,22000.0,False,True,False,False,False,True,False,False,False,True,True,False,False,False,False
746,Hyundai Grand i10 Magna,2017.0,480000,53261.0,False,False,False,False,True,True,False,False,False,True,True,False,False,False,False
747,Land Rover Discovery Sport SD4 HSE Luxury,2016.0,3500000,53000.0,False,True,False,False,False,True,False,False,True,False,True,False,False,False,False
748,Renault KWID 1.0 RXT Optional,2018.0,370000,10000.0,False,False,False,False,True,True,False,False,False,True,True,False,False,False,False
749,Maruti Baleno Alpha 1.3,2017.0,835000,14000.0,False,True,False,False,False,True,False,False,False,True,True,False,False,False,False
750,Volkswagen Polo 2015-2019 1.2 MPI Highline,2017.0,650000,44000.0,False,False,False,False,True,True,False,False,False,True,True,False,False,False,False
751,Toyota Etios VD,2014.0,670000,39895.0,False,True,False,False,False,True,False,False,False,True,True,False,False,False,False
752,Chevrolet Cruze LTZ AT,2017.0,950000,73000.0,False,True,False,False,False,True,False,False,True,False,True,False,False,False,False
753,Honda City i-VTEC SV,2014.0,690000,17000.0,False,False,False,False,True,True,False,False,False,True,True,False,False,False,False
754,Volkswagen Polo 2015-2019 1.2 MPI Highline,2017.0,670000,18591.0,False,False,False,False,True,True,False,False,False,True,True,False,False,False,False
755,Tata Nexon 1.5 Revotorq XZ,2017.0,925000,26766.0,False,True,False,False,False,True,False,False,False,True,True,False,False,False,False
756,Hyundai EON Magna Plus,2015.0,250000,30000.0,False,False,False,False,True,False,True,False,False,True,True,False,False,False,False
757,Tata Sumo Gold EX,2016.0,509999,42000.0,False,True,False,False,False,False,True,False,False,True,True,False,False,False,False
758,Honda City i DTEC VX,2014.0,520000,110000.0,False,True,False,False,False,False,True,False,False,True,True,False,False,False,False
759,Tata Indica DLE,2005.0,100000,100000.0,False,True,False,False,False,False,True,False,False,True,True,False,False,False,False
760,Ford EcoSport 1.5 TDCi Titanium BSIV,2018.0,950000,27620.0,False,True,False,False,False,True,False,False,False,True,True,False,False,False,False
761,Ford Figo Aspire 1.2 Ti-VCT Titanium Plus,2015.0,450000,70000.0,False,False,False,False,True,False,True,False,False,True,True,False,False,False,False
762,Maruti Swift Dzire VDI,2015.0,480000,50000.0,False,True,False,False,False,False,True,False,False,True,True,False,False,False,False
763,Mercedes-Benz New C-Class C 220 CDI Grand Edition,2014.0,2490000,46000.0,False,True,False,False,False,False,True,False,True,False,True,False,False,False,False
764,Toyota Innova 2.5 VX 8 STR,2012.0,790000,82000.0,False,True,False,False,False,False,True,False,False,True,True,False,False,False,False
765,Maruti Omni MPI STD BSIV,2016.0,120000,120000.0,False,False,False,False,True,False,True,False,False,True,True,False,False,False,False
766,Tata Indica GLS BS IV,2010.0,99000,70000.0,False,False,False,False,True,False,True,False,False,True,True,False,False,False,False
767,Maruti S-Cross Zeta DDiS 200 SH,2018.0,1015000,20000.0,False,True,False,False,False,False,True,False,False,True,True,False,False,False,False
768,Toyota Innova Crysta 2.5 VX BS IV,2011.0,520000,120000.0,False,True,False,False,False,False,True,False,False,True,True,False,False,False,False
769,Hyundai Verna CRDi 1.6 AT SX Option,2018.0,1100000,30000.0,False,True,False,False,False,False,True,False,True,False,True,False,False,False,False
770,Toyota Innova 2.5 V Diesel 7-seater,2005.0,200000,60000.0,False,True,False,False,False,False,True,False,False,True,True,False,False,False,False
771,Maruti Swift Dzire VDI,2016.0,525000,60000.0,False,True,False,False,False,False,True,False,False,True,True,False,False,False,False
772,Hyundai i20 Asta 1.2,2016.0,500000,40000.0,False,False,False,False,True,False,True,False,False,True,True,False,False,False,False
773,Mahindra Scorpio S2 7 Seater,2016.0,675000,161327.0,False,True,False,False,False,False,True,False,False,True,True,False,False,False,False
774,Mahindra Bolero DI,2007.0,250000,50000.0,False,True,False,False,False,False,True,False,False,True,True,False,False,False,False
775,Hyundai Grand i10 1.2 Kappa Sportz BSIV,2018.0,450000,6000.0,False,False,False,False,True,False,True,False,False,True,True,False,False,False,False
776,Chevrolet Beat Diesel LS,2012.0,200000,85000.0,False,True,False,False,False,False,True,False,False,True,True,False,False,False,False
777,Mahindra Scorpio VLS AT 2.2 mHAWK,2011.0,525000,70000.0,False,True,False,False,False,False,True,False,True,False,True,False,False,False,False
778,Honda Amaze S i-Dtech,2015.0,475000,110000.0,False,True,False,False,False,False,True,False,False,True,True,False,False,False,False
780,Hyundai Grand i10 CRDi Sportz,2015.0,400000,42000.0,False,True,False,False,False,False,True,False,False,True,True,False,False,False,False
781,Ford Ecosport 1.5 DV5 MT Titanium,2013.0,425000,72000.0,False,True,False,False,False,False,True,False,False,True,True,False,False,False,False
782,Maruti Eeco 5 Seater AC BSIV,2017.0,260000,30000.0,False,True,False,False,False,True,False,False,False,True,True,False,False,False,False
783,Hyundai Verna SX,2007.0,155000,65000.0,False,False,False,False,True,True,False,False,False,True,True,False,False,False,False
784,Honda Jazz 1.5 VX i DTEC,2015.0,450000,38000.0,False,True,False,False,False,False,True,False,False,True,True,False,False,False,False
785,Hyundai i20 Active S Diesel,2018.0,650000,37000.0,False,True,False,False,False,True,False,False,False,True,True,False,False,False,False
786,Maruti Alto 800 LXI,2018.0,285000,30000.0,False,False,False,False,True,True,False,False,False,True,True,False,False,False,False
787,Honda Amaze V CVT Petrol BSIV,2018.0,725000,26000.0,False,False,False,False,True,True,False,False,True,False,True,False,False,False,False
788,Maruti Ciaz ZXi,2016.0,625000,30000.0,False,False,False,False,True,True,False,False,False,True,True,False,False,False,False
789,Hyundai i20 Active SX Petrol,2016.0,550000,23000.0,False,False,False,False,True,True,False,False,False,True,True,False,False,False,False
790,Hyundai i10 Magna,2012.0,240000,40000.0,False,False,False,False,True,True,False,False,False,True,True,False,False,False,False
791,Nissan Terrano XL 85 PS,2014.0,600000,27000.0,False,True,False,False,False,True,False,False,False,True,True,False,False,False,False
792,Tata New Safari DICOR 2.2 EX 4x2,2012.0,350000,65000.0,False,True,False,False,False,True,False,False,False,True,True,False,False,False,False
793,Hyundai EON Magna Plus,2015.0,245000,32000.0,False,False,False,False,True,True,False,False,False,True,True,False,False,False,False
794,Mahindra Bolero B6,2016.0,600000,56000.0,False,True,False,False,False,True,False,False,False,True,True,False,False,False,False
795,BMW X1 sDrive 20d xLine,2017.0,2400000,30000.0,False,True,False,False,False,False,True,False,True,False,True,False,False,False,False
796,Mahindra Scorpio SLE BS IV,2014.0,620000,80000.0,False,True,False,False,False,True,False,False,False,True,True,False,False,False,False
797,Maruti Ertiga ZXI,2014.0,635000,13250.0,False,False,False,False,True,True,False,False,False,True,True,False,False,False,False
798,Maruti Alto LX,2011.0,180000,36000.0,False,False,False,False,True,True,False,False,False,True,True,False,False,False,False
799,Maruti Alto LX,2004.0,110000,60000.0,False,False,False,False,True,False,True,False,False,True,True,False,False,False,False
800,Chevrolet Tavera Neo 2 LT L 9 Str,2012.0,400000,110000.0,False,True,False,False,False,False,True,False,False,True,True,False,False,False,False
801,Mahindra Bolero Power Plus SLX,2018.0,550000,44000.0,False,True,False,False,False,False,True,False,False,True,True,False,False,False,False
802,Maruti Swift 1.3 VXi,2006.0,200000,45000.0,False,False,False,False,True,False,True,False,False,True,True,False,False,False,False
803,Mahindra Scorpio S2 7 Seater,2017.0,750000,120000.0,False,True,False,False,False,False,True,False,False,True,True,False,False,False,False
804,Hyundai EON D Lite Plus,2013.0,229999,13500.0,False,False,False,False,True,False,True,False,False,True,True,False,False,False,False
805,Renault KWID 1.0 RXT Optional,2017.0,350000,10000.0,False,False,False,False,True,False,True,False,False,True,True,False,False,False,False
806,Tata Tigor 1.2 Revotron XT,2018.0,450000,8500.0,False,False,False,False,True,False,True,False,False,True,True,False,False,False,False
807,Maruti SX4 Celebration Diesel,2012.0,250000,120000.0,False,True,False,False,False,False,True,False,False,True,True,False,False,False,False
808,Volkswagen Polo Diesel Comfortline 1.2L,2012.0,225000,120000.0,False,True,False,False,False,False,True,False,False,True,True,False,False,False,False
809,Tata Manza Club Class Quadrajet90 VX,2013.0,170000,60400.0,False,True,False,False,False,False,True,False,False,True,True,False,False,False,False
811,Hyundai Xcent 1.1 CRDi Base,2015.0,375000,72000.0,False,True,False,False,False,False,True,False,False,True,True,False,False,False,False
812,Maruti Swift VDI,2013.0,390000,90000.0,False,True,False,False,False,False,True,False,False,True,True,False,False,False,False
813,Hyundai i20 Active 1.2 S,2017.0,600000,10000.0,False,False,False,False,True,False,True,False,False,True,True,False,False,False,False
814,Hyundai Grand i10 Sportz,2017.0,375000,10000.0,False,False,False,False,True,False,True,False,False,True,True,False,False,False,False
815,Maruti Baleno Zeta,2020.0,700000,1100.0,False,False,False,False,True,False,True,False,False,True,True,False,False,False,False
816,Maruti Swift VXI Deca,2017.0,455000,40000.0,False,False,False,False,True,False,True,False,False,True,True,False,False,False,False
817,Hyundai i10 Sportz 1.1L,2017.0,375000,10000.0,False,False,False,False,True,False,True,False,False,True,True,False,False,False,False
818,Hyundai Grand i10 Asta,2014.0,341000,31491.0,False,False,False,False,True,False,True,False,False,True,True,False,False,False,False
819,Maruti Ignis 1.2 AMT Delta BSIV,2017.0,450000,15000.0,False,False,False,False,True,False,True,False,True,False,True,False,False,False,False
820,Toyota Innova Crysta 2.4 VX MT 8S BSIV,2017.0,1900000,100000.0,False,True,False,False,False,False,True,False,False,True,True,False,False,False,False
821,Mahindra Bolero Power Plus LX,2016.0,500000,60000.0,False,True,False,False,False,False,True,False,False,True,True,False,False,False,False
822,Maruti Vitara Brezza ZDi Plus,2016.0,819999,85000.0,False,True,False,False,False,False,True,False,False,True,True,False,False,False,False
823,Mahindra KUV 100 mFALCON D75 K6,2016.0,430000,20000.0,False,True,False,False,False,False,True,False,False,True,True,False,False,False,False
824,Mahindra Xylo D4,2017.0,750000,80000.0,False,True,False,False,False,False,True,False,False,True,True,False,False,False,False
825,Tata Nano Lx,2011.0,60000,40000.0,False,False,False,False,True,False,True,False,False,True,True,False,False,False,False
826,Toyota Innova 2.5 VX (Diesel) 8 Seater,2015.0,1500000,46412.0,False,True,False,False,False,False,True,False,False,True,True,False,False,False,False
827,Mahindra TUV 300 T4,2016.0,630000,50000.0,False,True,False,False,False,False,True,False,False,True,True,False,False,False,False
828,Tata Safari Storme VX Varicor 400,2018.0,1085000,15000.0,False,True,False,False,False,False,True,False,False,True,True,False,False,False,False
829,Maruti Baleno Delta Automatic,2018.0,550000,25000.0,False,False,False,False,True,False,True,False,True,False,True,False,False,False,False
830,Chevrolet Spark 1.0 LT,2011.0,165000,60000.0,False,False,False,False,True,False,True,False,False,True,True,False,False,False,False
831,Ford Figo Diesel Celebration Edition,2013.0,260000,65000.0,False,True,False,False,False,False,True,False,False,True,True,False,False,False,False
832,Maruti Alto LX,2011.0,151000,40000.0,False,False,False,False,True,False,True,False,False,True,True,False,False,False,False
833,Maruti Vitara Brezza VDi,2018.0,780000,50000.0,False,True,False,False,False,False,True,False,False,True,True,False,False,False,False
834,Tata Indica Vista TDI LS,2010.0,170000,107500.0,False,True,False,False,False,True,False,False,False,True,True,False,False,False,False
835,Hyundai i20 Active S Petrol,2016.0,535000,55838.0,False,False,False,False,True,True,False,False,False,True,True,False,False,False,False
836,Maruti Swift VDI BSIV,2007.0,195000,112880.0,False,True,False,False,False,True,False,False,False,True,True,False,False,False,False
837,Nissan Sunny XL,2012.0,350000,40000.0,False,False,False,False,True,False,True,False,False,True,True,False,False,False,False
838,Hyundai Verna 1.6 SX VTVT (O),2013.0,425000,66000.0,False,True,False,False,False,False,True,False,False,True,True,False,False,False,False
839,Renault KWID 1.0 RXT Optional,2017.0,300000,30300.0,False,False,False,False,True,False,True,False,False,True,True,False,False,False,False
840,Maruti Swift Dzire VXi,2009.0,250000,80659.0,False,False,False,False,True,True,False,False,False,True,True,False,False,False,False
841,Chevrolet Aveo 1.4 LS,2008.0,170000,81324.0,False,False,False,False,True,True,False,False,False,True,True,False,False,False,False
842,Chevrolet Beat PS,2015.0,200000,50000.0,False,False,False,False,True,False,True,False,False,True,True,False,False,False,False
843,Chevrolet Beat PS,2016.0,300000,25000.0,False,False,False,False,True,False,True,False,False,True,True,False,False,False,False
844,Honda Amaze S i-Dtech,2015.0,300000,66755.0,False,True,False,False,False,True,False,False,False,True,True,False,False,False,False
845,Honda City E,2013.0,380000,123084.0,False,False,False,False,True,True,False,False,False,True,True,False,False,False,False
846,Honda Amaze S i-Dtech,2013.0,310000,95851.0,False,True,False,False,False,True,False,False,False,True,True,False,False,False,False
847,Maruti Wagon R VXI Minor ABS,2010.0,260000,50000.0,False,False,False,False,True,False,True,False,False,True,True,False,False,False,False
848,Mahindra Xylo H4 ABS,2016.0,850000,40000.0,False,True,False,False,False,False,True,False,False,True,True,False,False,False,False
849,Chevrolet Beat Diesel LT,2012.0,250000,110000.0,False,True,False,False,False,False,True,False,False,True,True,False,False,False,False
850,Toyota Corolla Altis D-4D J,2014.0,715000,234000.0,False,True,False,False,False,False,True,False,False,True,True,False,False,False,False
851,Hyundai i20 1.4 CRDi Era,2011.0,220000,70000.0,False,True,False,False,False,False,True,False,False,True,True,False,False,False,False
852,Nissan Sunny Diesel XV,2012.0,300000,170000.0,False,True,False,False,False,False,True,False,False,True,True,False,False,False,False
853,Datsun RediGO T Option,2017.0,220000,40000.0,False,False,False,False,True,False,True,False,False,True,True,False,False,False,False
854,Tata Indigo LS,2009.0,100000,20000.0,False,True,False,False,False,False,True,False,False,True,True,False,False,False,False
855,Ford Figo Aspire 1.2 Ti-VCT Trend,2016.0,380000,15000.0,False,False,False,False,True,False,True,False,False,True,True,False,False,False,False
856,Hyundai Santro Xing XK (Non-AC),2007.0,100000,50000.0,False,False,False,False,True,False,True,False,False,True,True,False,False,False,False
857,Toyota Etios GD,2012.0,300000,60000.0,False,True,False,False,False,False,True,False,False,True,True,False,False,False,False
858,Chevrolet Beat Diesel LS,2013.0,190000,70000.0,False,True,False,False,False,False,True,False,False,True,True,False,False,False,False
859,Ford EcoSport 1.5 Ti VCT MT Trend BSIV,2017.0,650000,19014.0,False,False,False,False,True,False,True,False,False,True,True,False,False,False,False
860,Toyota Corolla Executive (HE),2009.0,300000,23262.0,False,False,False,False,True,True,False,False,False,True,True,False,False,False,False
861,Ford Freestyle Titanium Diesel BSIV,2016.0,700000,29600.0,False,True,False,False,False,True,False,False,False,True,True,False,False,False,False
862,Maruti Ignis 1.2 Zeta BSIV,2018.0,500000,12000.0,False,False,False,False,True,False,True,False,False,True,True,False,False,False,False
863,Toyota Etios V,2013.0,415000,40771.0,False,False,False,False,True,True,False,False,False,True,True,False,False,False,False
864,Renault Duster RXL AWD,2014.0,550000,66569.0,False,True,False,False,False,True,False,False,False,True,True,False,False,False,False
865,Volkswagen Polo 1.5 TDI Trendline,2014.0,415000,81358.0,False,True,False,False,False,True,False,False,False,True,True,False,False,False,False
866,Volkswagen Polo 1.5 TDI Comfortline,2015.0,450000,82695.0,False,True,False,False,False,True,False,False,False,True,True,False,False,False,False
867,Honda Jazz VX CVT,2016.0,580000,32000.0,False,False,False,False,True,True,False,False,True,False,True,False,False,False,False
868,Maruti Swift Dzire Tour LDI,2014.0,300000,60000.0,False,True,False,False,False,True,False,False,False,True,True,False,False,False,False
869,Hyundai Verna CRDi 1.6 SX Option,2018.0,1200000,60000.0,False,True,False,False,False,False,True,False,False,True,True,False,False,False,False
870,Maruti 800 Std MPFi,2006.0,78000,64700.0,False,False,False,False,True,False,True,False,False,True,True,False,False,False,False
871,Tata Zest Quadrajet 1.3 75PS XE,2016.0,400000,88470.0,False,True,False,False,False,False,True,False,False,True,True,False,False,False,False
872,Hyundai Verna 1.6 CRDI SX Option,2016.0,850000,75000.0,False,True,False,False,False,False,True,False,False,True,True,False,False,False,False
873,Mercedes-Benz E-Class E250 CDI Blue Efficiency,2012.0,2500000,35000.0,False,True,False,False,False,False,True,False,True,False,True,False,False,False,False
874,Toyota Etios 1.4 VXD,2017.0,780000,70000.0,False,True,False,False,False,False,True,False,False,True,True,False,False,False,False
875,Toyota Fortuner 2.8 2WD AT BSIV,2017.0,3200000,57000.0,False,True,False,False,False,False,True,False,True,False,True,False,False,False,False
876,Maruti Alto 800 VXI,2020.0,350000,1000.0,False,False,False,False,True,False,True,False,False,True,True,False,False,False,False
877,Volkswagen Vento 1.5 TDI Highline,2015.0,525000,98000.0,False,True,False,False,False,True,False,False,False,True,True,False,False,False,False
878,Volkswagen Ameo 1.5 TDI Comfortline,2018.0,580000,60000.0,False,True,False,False,False,False,True,False,False,True,True,False,False,False,False
879,Mahindra TUV 300 T10,2018.0,695000,70000.0,False,True,False,False,False,False,True,False,False,True,True,False,False,False,False
880,Mahindra Alturas G4 4X2 AT BSIV,2019.0,2700000,5000.0,False,True,False,False,False,False,True,False,True,False,True,False,False,False,False
881,Maruti Alto 800 VXI,2014.0,160000,90000.0,False,False,False,False,True,False,True,False,False,True,True,False,False,False,False
882,Toyota Innova Crysta 2.4 VX MT BSIV,2017.0,1300000,70000.0,False,True,False,False,False,False,True,False,False,True,True,False,False,False,False
883,Toyota Innova 2.5 G (Diesel) 8 Seater BS IV,2009.0,450000,192000.0,False,True,False,False,False,False,True,False,False,True,True,False,False,False,False
884,Maruti Alto LX BSIII,2008.0,75000,120000.0,False,False,False,False,True,False,True,False,False,True,True,False,False,False,False
885,Tata Indica Vista Aqua TDI BSIII,2009.0,90000,120000.0,False,True,False,False,False,False,True,False,False,True,True,False,False,False,False
886,Maruti Swift VXI,2020.0,619000,1500.0,False,False,False,False,True,False,True,False,False,True,True,False,False,False,False
887,Jeep Compass 2.0 Longitude Option BSIV,2018.0,1700000,50000.0,False,True,False,False,False,False,True,False,False,True,True,False,False,False,False
888,Ford Fiesta 1.6 ZXi Leather,2006.0,95000,83411.0,False,False,False,False,True,False,True,False,False,True,True,False,False,False,False
889,Ford Fiesta 1.6 ZXi Leather,2006.0,81000,83411.0,False,False,False,False,True,False,True,False,False,True,True,False,False,False,False
890,Maruti Ertiga VDI,2019.0,925000,50000.0,False,True,False,False,False,False,True,False,False,True,True,False,False,False,False
891,Mahindra Bolero Power Plus Plus AC BSIV PS,2015.0,450000,40000.0,False,True,False,False,False,False,True,False,False,True,True,False,False,False,False
892,Mahindra Scorpio EX,2014.0,600000,13270.0,False,True,False,False,False,False,True,False,False,True,True,False,False,False,False
893,Mahindra Thar DI 4X4 PS,2016.0,700000,50000.0,False,True,False,False,False,False,True,False,False,True,True,False,False,False,False
894,Hyundai Grand i10 1.2 Kappa Magna BSIV,2017.0,486000,26500.0,False,False,False,False,True,False,True,False,False,True,True,False,False,False,False
895,Maruti Swift VDI,2013.0,400000,90000.0,False,True,False,False,False,False,True,False,False,True,True,False,False,False,False
896,Maruti Alto 800 LXI,2018.0,275000,35000.0,False,False,False,False,True,False,True,False,False,True,True,False,False,False,False
897,Hyundai i20 Asta Option 1.4 CRDi,2016.0,580000,57000.0,False,True,False,False,False,False,True,False,False,True,True,False,False,False,False
898,Maruti Swift Dzire LXI,2015.0,375000,70000.0,False,False,False,False,True,False,True,False,False,True,True,False,False,False,False
899,Maruti Swift Dzire VDI,2017.0,600000,60000.0,False,True,False,False,False,False,True,False,False,True,True,False,False,False,False
900,Maruti 800 EX,2001.0,40000,30000.0,False,False,False,False,True,False,True,False,False,True,True,False,False,False,False
901,Renault KWID Climber 1.0 AMT,2017.0,300000,20000.0,False,False,False,False,True,False,True,False,True,False,True,False,False,False,False
902,Mahindra Bolero Power Plus SLE,2018.0,630000,40000.0,False,True,False,False,False,False,True,False,False,True,True,False,False,False,False
903,Nissan Micra Diesel XV Premium,2013.0,210000,13770.0,False,True,False,False,False,False,True,False,False,True,True,False,False,False,False
904,Maruti Zen LXi - BS III,2005.0,125000,34000.0,False,False,False,False,True,True,False,False,False,True,True,False,False,False,False
905,Maruti Alto LXi BSIII,2008.0,125000,102000.0,False,False,False,False,True,True,False,False,False,True,True,False,False,False,False
906,Honda City i DTEC SV,2014.0,725000,110000.0,False,True,False,False,False,False,True,False,False,True,True,False,False,False,False
907,Maruti Swift Dzire VDI,2015.0,530000,100000.0,False,True,False,False,False,False,True,False,False,True,True,False,False,False,False
908,Mahindra Xylo E4 ABS BS IV,2013.0,350000,42000.0,False,True,False,False,False,False,True,False,False,True,True,False,False,False,False
909,Renault KWID RXL,2016.0,229999,38000.0,False,False,False,False,True,False,True,False,False,True,True,False,False,False,False
910,Honda WR-V i-DTEC VX,2018.0,800000,60000.0,False,True,False,False,False,False,True,False,False,True,True,False,False,False,False
911,Nissan Terrano XL 110 PS,2014.0,425000,136906.0,False,True,False,False,False,False,True,False,False,True,True,False,False,False,False
912,Honda Amaze S CVT Petrol,2019.0,610000,10000.0,False,False,False,False,True,False,True,False,True,False,True,False,False,False,False
913,Toyota Corolla Altis Diesel D4DGL,2011.0,550000,120000.0,False,True,False,False,False,False,True,False,False,True,True,False,False,False,False
914,Hyundai EON Era Plus,2013.0,200000,120000.0,False,False,False,False,True,False,True,False,False,True,True,False,False,False,False
915,Hyundai Elite i20 Asta Option CVT BSIV,2019.0,720000,3000.0,False,False,False,False,True,False,True,False,True,False,True,False,False,False,False
916,Maruti Ritz VDi,2014.0,350000,133000.0,False,True,False,False,False,False,True,False,False,True,True,False,False,False,False
917,Maruti Wagon R VXI BS IV,2016.0,400000,25000.0,False,False,False,False,True,False,True,False,False,True,True,False,False,False,False
918,Hyundai i20 Active 1.2 S,2017.0,570000,35000.0,False,False,False,False,True,False,True,False,False,True,True,False,False,False,False
919,Maruti Omni MPI STD BSIV,2015.0,130000,70000.0,False,False,False,False,True,False,True,False,False,True,True,False,False,False,False
920,Maruti Alto 800 LXI,2016.0,210000,52000.0,False,False,False,False,True,False,True,False,False,True,True,False,False,False,False
921,Hyundai Creta 1.4 E Plus,2018.0,800000,52000.0,False,True,False,False,False,False,True,False,False,True,True,False,False,False,False
922,Honda Jazz 1.5 E i DTEC,2017.0,700000,39000.0,False,True,False,False,False,False,True,False,False,True,True,False,False,False,False
923,Tata Indica Vista Quadrajet VX,2011.0,200000,28689.0,False,True,False,False,False,False,True,False,False,True,True,False,False,False,False
924,Ford Fiesta Classic 1.4 Duratorq CLXI,2014.0,325000,80322.0,False,True,False,False,False,True,False,False,False,True,True,False,False,False,False
925,Ford Freestyle Trend Petrol BSIV,2019.0,650000,8000.0,False,False,False,False,True,False,True,False,False,True,True,False,False,False,False
926,Hyundai Grand i10 1.2 CRDi Magna,2015.0,350000,61658.0,False,True,False,False,False,True,False,False,False,True,True,False,False,False,False
927,Maruti Ertiga SHVS VDI,2016.0,600000,80000.0,False,True,False,False,False,False,True,False,False,True,True,False,False,False,False
928,Mahindra Scorpio SLE BSIII,2010.0,400000,185000.0,False,True,False,False,False,False,True,False,False,True,True,False,False,False,False
929,Maruti 800 DX,2000.0,50000,60000.0,False,False,False,False,True,False,True,False,False,True,True,False,False,False,False
930,Honda CR-V Diesel 4WD,2018.0,1800000,60000.0,False,True,False,False,False,False,True,False,True,False,True,False,False,False,False
931,Hyundai Grand i10 1.2 Kappa Magna AT,2019.0,650000,20000.0,False,False,False,False,True,False,True,False,True,False,True,False,False,False,False
932,Maruti Ertiga BSIV VXI AT,2017.0,800000,30600.0,False,True,False,False,False,False,True,False,True,False,True,False,False,False,False
933,Volkswagen Polo 1.0 TSI Highline Plus,2020.0,802000,5000.0,False,False,False,False,True,False,True,False,False,True,True,False,False,False,False
934,Hyundai Xcent 1.1 CRDi SX,2016.0,430000,35000.0,False,True,False,False,False,False,True,False,False,True,True,False,False,False,False
935,Hyundai Verna 1.6 SX VTVT,2017.0,650000,23000.0,False,False,False,False,True,False,True,False,False,True,True,False,False,False,False
936,Mahindra Scorpio 2.6 SLX Turbo 7 Seater,2004.0,170000,120000.0,False,True,False,False,False,False,True,False,False,True,True,False,False,False,False
937,Skoda Superb Elegance 2.0 TDI CR AT,2011.0,450000,235000.0,False,True,False,False,False,False,True,False,True,False,True,False,False,False,False
938,Maruti Alto 800 LXI,2013.0,250000,87000.0,False,False,False,False,True,False,True,False,False,True,True,False,False,False,False
939,Chevrolet Beat LT,2012.0,155000,12000.0,False,False,False,False,True,False,True,False,False,True,True,False,False,False,False
940,Toyota Innova 2.5 E 8 STR,2012.0,287000,70000.0,False,True,False,False,False,False,True,False,False,True,True,False,False,False,False
941,Maruti Baleno Alpha 1.3,2016.0,675000,60000.0,False,True,False,False,False,False,True,False,False,True,True,False,False,False,False
942,Hyundai Grand i10 Nios Sportz,2020.0,600000,5000.0,False,False,False,False,True,False,True,False,False,True,True,False,False,False,False
943,Hyundai Grand i10 Nios AMT Magna,2020.0,640000,4000.0,False,False,False,False,True,False,True,False,True,False,True,False,False,False,False
944,Hyundai Verna 1.6 VTVT S,2015.0,600000,35000.0,False,False,False,False,True,False,True,False,False,True,True,False,False,False,False
945,Hyundai i10 Magna LPG,2014.0,290000,29000.0,False,False,False,True,False,False,True,False,False,True,True,False,False,False,False
946,Hyundai Verna 1.6 VTVT S,2015.0,600000,30000.0,False,False,False,False,True,False,True,False,False,True,True,False,False,False,False
947,Tata Manza Aqua Quadrajet BS IV,2012.0,190000,120000.0,False,True,False,False,False,False,True,False,False,True,True,False,False,False,False
948,Maruti Alto K10 VXI,2017.0,325000,15000.0,False,False,False,False,True,False,True,False,False,True,True,False,False,False,False
949,Mahindra Bolero DI,2006.0,200000,73756.0,False,True,False,False,False,False,True,False,False,True,True,False,False,False,False
950,Toyota Fortuner 2.8 2WD AT BSIV,2018.0,2800000,40000.0,False,True,False,False,False,False,True,False,True,False,True,False,False,False,False
951,Hyundai i20 Asta 1.4 CRDi,2015.0,550000,90000.0,False,True,False,False,False,False,True,False,False,True,True,False,False,False,False
952,Renault KWID RXT BSIV,2019.0,250000,60000.0,False,False,False,False,True,False,True,False,False,True,True,False,False,False,False
953,Mahindra XUV500 W8 2WD,2012.0,580000,70000.0,False,True,False,False,False,False,True,False,False,True,True,False,False,False,False
954,Daewoo Matiz SD,2002.0,60000,60000.0,False,False,False,False,True,False,True,False,False,True,True,False,False,False,False
955,Toyota Etios GD,2012.0,300000,185000.0,False,True,False,False,False,False,True,False,False,True,True,False,False,False,False
956,Tata Hexa XT,2017.0,1200000,16400.0,False,True,False,False,False,False,True,False,False,True,True,False,False,False,False
957,Honda Jazz V,2019.0,650000,60000.0,False,False,False,False,True,False,True,False,False,True,True,False,False,False,False
958,Maruti A-Star Lxi,2008.0,120000,40000.0,False,False,False,False,True,False,True,False,False,True,True,False,False,False,False
959,Hyundai Verna VTVT 1.6 AT SX Option,2018.0,950000,41395.0,False,False,False,False,True,False,True,False,True,False,True,False,False,False,False
961,Chevrolet Beat LT,2013.0,165000,50000.0,False,False,False,False,True,False,True,False,False,True,True,False,False,False,False
962,Hyundai Elantra SX,2015.0,700000,48000.0,False,False,False,False,True,True,False,False,False,True,True,False,False,False,False
963,Mahindra XUV500 W8 4WD,2015.0,750000,53000.0,False,True,False,False,False,True,False,False,False,True,True,False,False,False,False
965,Datsun redi-GO AMT 1.0 T Option,2018.0,290000,60000.0,False,False,False,False,True,True,False,False,True,False,True,False,False,False,False
966,Skoda Superb Ambition 2.0 TDI CR AT,2013.0,675000,88000.0,False,True,False,False,False,True,False,False,True,False,True,False,False,False,False
967,Nissan Terrano XL Plus 85 PS,2015.0,530000,55000.0,False,True,False,False,False,True,False,False,False,True,True,False,False,False,False
968,BMW X1 sDrive20d M Sport,2014.0,1485000,48000.0,False,True,False,False,False,True,False,False,True,False,True,False,False,False,False
969,Chevrolet Enjoy TCDi LT 7 Seater,2014.0,325000,71014.0,False,True,False,False,False,True,False,False,False,True,True,False,False,False,False
970,Honda Amaze S Diesel,2015.0,400000,60000.0,False,True,False,False,False,True,False,False,False,True,True,False,False,False,False
971,Mahindra KUV 100 D75 K6 Plus,2017.0,380000,71000.0,False,True,False,False,False,True,False,False,False,True,True,False,False,False,False
972,Honda City i-VTEC CVT VX,2016.0,750000,45000.0,False,False,False,False,True,True,False,False,True,False,True,False,False,False,False
973,Honda Brio VX,2017.0,390000,60000.0,False,False,False,False,True,True,False,False,False,True,True,False,False,False,False
975,MG Hector Sharp Diesel MT BSIV,2019.0,1825000,14000.0,False,True,False,False,False,True,False,False,False,True,True,False,False,False,False
976,Audi A4 35 TDI Premium Plus,2019.0,3256000,17000.0,False,True,False,False,False,True,False,False,True,False,True,False,False,False,False
977,Renault Scala Diesel RxL,2015.0,370000,60000.0,False,True,False,False,False,True,False,False,False,True,True,False,False,False,False
978,Ford Fiesta Diesel Style,2013.0,380000,83000.0,False,True,False,False,False,True,False,False,False,True,True,False,False,False,False
979,Maruti Eeco 5 Seater AC BSIV,2018.0,395000,20000.0,False,False,False,False,True,False,True,False,False,True,True,False,False,False,False
980,Skoda Laura 1.9 TDI MT Ambiente,2010.0,360000,160000.0,False,True,False,False,False,False,True,False,False,True,True,False,False,False,False
981,Nissan Terrano XL Plus 85 PS,2015.0,451000,100000.0,False,True,False,False,False,False,True,False,False,True,True,False,False,False,False
982,Mahindra XUV500 W8 4WD,2014.0,800000,156000.0,False,True,False,False,False,False,True,False,False,True,True,False,False,False,False
983,Ford Figo Aspire 1.5 TDCi Trend,2017.0,675000,60000.0,False,True,False,False,False,False,True,False,False,True,True,False,False,False,False
984,Maruti Swift VDI,2013.0,400000,170000.0,False,True,False,False,False,False,True,False,False,True,True,False,False,False,False
985,Tata Indica GLS BS IV,2009.0,200000,100000.0,False,False,False,False,True,False,True,False,False,True,True,False,False,False,False
986,Renault Scala Diesel RxL,2014.0,400000,35000.0,False,True,False,False,False,False,True,False,False,True,True,False,False,False,False
990,Maruti Baleno Alpha,2019.0,700000,16000.0,False,False,False,False,True,False,True,False,False,True,True,False,False,False,False
994,Hyundai Grand i10 1.2 Kappa Asta,2017.0,500000,50000.0,False,True,False,False,False,False,True,False,False,True,True,False,False,False,False
996,Maruti Baleno Sigma 1.2,2015.0,500000,10000.0,False,False,False,False,True,False,True,False,False,True,True,False,False,False,False
997,Maruti Wagon R VXI,2016.0,360000,33000.0,False,False,False,False,True,True,False,False,False,True,True,False,False,False,False
998,Maruti Alto LXi BSIII,2010.0,210000,25000.0,False,False,False,False,True,False,True,False,False,True,True,False,False,False,False
999,Chevrolet Aveo 1.4 LT BSIV,2009.0,250000,48000.0,False,False,False,False,True,False,True,False,False,True,True,False,False,False,False
1000,Toyota Innova 2.5 G (Diesel) 8 Seater,2016.0,990000,146000.0,False,True,False,False,False,True,False,False,False,True,True,False,False,False,False
1001,Honda City i VTEC V,2014.0,530000,50000.0,False,False,False,False,True,False,True,False,False,True,True,False,False,False,False
1002,Maruti Baleno Alpha 1.3,2016.0,575000,50000.0,False,True,False,False,False,False,True,False,False,True,True,False,False,False,False
1003,Mahindra Xylo E4,2012.0,400000,99000.0,False,True,False,False,False,True,False,False,False,True,True,False,False,False,False
1004,Honda Mobilio S i DTEC,2016.0,680000,50000.0,False,True,False,False,False,False,True,False,False,True,True,False,False,False,False
1005,Hyundai Santa Fe 4WD AT,2014.0,1000000,80000.0,False,True,False,False,False,False,True,False,True,False,True,False,False,False,False
1006,Force One EX,2014.0,346000,37516.0,False,True,False,False,False,False,True,False,False,True,True,False,False,False,False
1007,Mahindra Xylo D2 BS IV,2015.0,450000,20000.0,False,True,False,False,False,False,True,False,False,True,True,False,False,False,False
1008,Hyundai Grand i10 1.2 Kappa Sportz BSIV,2019.0,500000,5000.0,False,False,False,False,True,False,True,False,False,True,True,False,False,False,False
1009,Hyundai Grand i10 1.2 CRDi Asta,2019.0,700000,8000.0,False,True,False,False,False,False,True,False,False,True,True,False,False,False,False
1010,Maruti Alto 800 LXI,2019.0,280000,25880.0,False,False,False,False,True,False,True,False,False,True,True,False,False,False,False
1011,Hyundai Santro Magna AMT BSIV,2019.0,475000,10000.0,False,False,False,False,True,False,True,False,True,False,True,False,False,False,False
1012,Maruti Swift Dzire VDi,2009.0,300000,50000.0,False,True,False,False,False,False,True,False,False,True,True,False,False,False,False
1013,Maruti Alto K10 LXI,2014.0,200999,40000.0,False,False,False,False,True,False,True,False,False,True,True,False,False,False,False
1014,Tata Indigo LS BSII,2012.0,160000,60000.0,False,True,False,False,False,False,True,False,False,True,True,False,False,False,False
1015,Tata New Safari DICOR 2.2 GX 4x2 BS IV,2012.0,320000,80000.0,False,True,False,False,False,False,True,False,False,True,True,False,False,False,False
1016,Maruti Wagon R LXI Minor,2008.0,300000,30000.0,False,False,False,False,True,False,True,False,False,True,True,False,False,False,False
1017,Honda City V MT,2012.0,700000,10000.0,False,False,False,False,True,False,True,False,False,True,True,False,False,False,False
1018,Mahindra Bolero Power Plus Plus Non AC BSIV PS,2015.0,500000,110000.0,False,True,False,False,False,False,True,False,False,True,True,False,False,False,False
1019,Honda City i VTEC V,2016.0,500000,20000.0,False,False,False,False,True,False,True,False,False,True,True,False,False,False,False
1020,Honda Brio 1.2 S Option MT,2019.0,484999,9000.0,False,False,False,False,True,False,True,False,False,True,True,False,False,False,False
1021,Maruti Alto K10 VXI Airbag,2018.0,380000,25000.0,False,False,False,False,True,False,True,False,False,True,True,False,False,False,False
1022,Hyundai Santro Sportz BSIV,2019.0,480000,10000.0,False,False,False,False,True,False,True,False,False,True,True,False,False,False,False
1023,Fiat Linea Dynamic,2013.0,350000,70000.0,False,False,False,False,True,False,True,False,False,True,True,False,False,False,False
1024,Maruti Alto 800 LXI,2014.0,110000,25000.0,False,False,False,False,True,False,True,False,False,True,True,False,False,False,False
1025,Maruti Alto 800 LX,2017.0,180000,60000.0,False,False,False,False,True,False,True,False,False,True,True,False,False,False,False
1026,Renault KWID RXL,2020.0,300000,20000.0,False,False,False,False,True,False,True,False,False,True,True,False,False,False,False
1027,Maruti Baleno Delta 1.2,2017.0,509000,60000.0,False,False,False,False,True,False,True,False,False,True,True,False,False,False,False
1028,Maruti SX4 S Cross DDiS 320 Zeta,2016.0,650000,80000.0,False,True,False,False,False,False,True,False,False,True,True,False,False,False,False
1029,Ford Figo Petrol LXI,2010.0,130000,110000.0,False,False,False,False,True,False,True,False,False,True,True,False,False,False,False
1030,Chevrolet Cruze LTZ,2012.0,400000,40000.0,False,True,False,False,False,False,True,False,False,True,True,False,False,False,False
1031,Maruti Alto LXi,2014.0,69000,100000.0,False,False,False,False,True,False,True,False,False,True,True,False,False,False,False
1032,Mahindra Scorpio S11 BSIV,2018.0,1380000,25000.0,False,True,False,False,False,False,True,False,False,True,True,False,False,False,False
1033,Maruti Zen Estilo VXI BSIII,2007.0,90000,90000.0,False,False,False,False,True,False,True,False,False,True,True,False,False,False,False
1034,Mahindra XUV500 W6 1.99 mHawk,2016.0,1000000,40000.0,False,True,False,False,False,False,True,False,False,True,True,False,False,False,False
1035,Tata Indica DLS,2005.0,70000,120000.0,False,True,False,False,False,False,True,False,False,True,True,False,False,False,False
1036,Tata Indica Vista Aqua 1.2 Safire BSIV,2010.0,97000,128000.0,False,False,False,False,True,False,True,False,False,True,True,False,False,False,False
1037,Tata Indigo CR4,2012.0,130000,120000.0,False,True,False,False,False,False,True,False,False,True,True,False,False,False,False
1038,Maruti Swift 1.3 VXi,2009.0,199000,60000.0,False,False,False,False,True,False,True,False,False,True,True,False,False,False,False
1039,Honda Civic 1.8 S AT,2006.0,125000,70000.0,False,False,False,False,True,False,True,False,True,False,True,False,False,False,False
1040,Hyundai Xcent 1.1 CRDi Base,2015.0,420000,60000.0,False,True,False,False,False,False,True,False,False,True,True,False,False,False,False
1041,Mahindra NuvoSport N8,2016.0,525000,110000.0,False,True,False,False,False,False,True,False,False,True,True,False,False,False,False
1042,Hyundai Santro Xing GLS,2008.0,125000,85000.0,False,False,False,False,True,False,True,False,False,True,True,False,False,False,False
1043,Hyundai Verna Transform CRDi VGT SX ABS,2010.0,325000,135000.0,False,True,False,False,False,False,True,False,False,True,True,False,False,False,False
1044,Maruti Wagon R LXI BS IV,2010.0,110000,50000.0,False,False,False,False,True,False,True,False,False,True,True,False,False,False,False
1045,Maruti S-Presso VXI Plus,2019.0,450000,1950.0,False,False,False,False,True,False,True,False,False,True,True,False,False,False,False
1046,Maruti Swift 1.3 VXi,2005.0,85000,118400.0,False,False,False,False,True,False,True,False,False,True,True,False,False,False,False
1047,Ford Ecosport 1.5 DV5 MT Titanium,2015.0,650000,68000.0,False,True,False,False,False,False,True,False,False,True,True,False,False,False,False
1049,Toyota Etios Liva 1.2 VX,2017.0,650000,6480.0,False,False,False,False,True,False,False,True,False,True,True,False,False,False,False
1050,Maruti Vitara Brezza VDi,2017.0,750000,32077.0,False,True,False,False,False,False,False,True,False,True,True,False,False,False,False
1051,Toyota Yaris G,2018.0,850000,60000.0,False,False,False,False,True,False,False,True,False,True,True,False,False,False,False
1052,Hyundai EON Era Plus Option,2017.0,315000,18469.0,False,False,False,False,True,False,False,True,False,True,True,False,False,False,False
1053,Maruti Swift LXI Option,2015.0,415000,28217.0,False,False,False,False,True,False,False,True,False,True,True,False,False,False,False
1054,Maruti Ciaz ZDi Plus,2016.0,640000,72787.0,False,True,False,False,False,False,False,True,False,True,True,False,False,False,False
1055,Maruti Ciaz 1.4 Alpha,2017.0,780000,31063.0,False,False,False,False,True,False,False,True,False,True,True,False,False,False,False
1056,Toyota Fortuner 4x2 AT,2017.0,2595000,79641.0,False,True,False,False,False,False,False,True,True,False,True,False,False,False,False
1057,Hyundai Creta 1.6 CRDi SX,2015.0,850000,58692.0,False,True,False,False,False,False,False,True,False,True,True,False,False,False,False
1058,Hyundai Creta 1.6 CRDi SX,2015.0,900000,54784.0,False,True,False,False,False,False,False,True,False,True,True,False,False,False,False
1059,Toyota Corolla Altis GL MT,2016.0,1150000,64156.0,False,False,False,False,True,False,False,True,False,True,True,False,False,False,False
1060,Maruti Esteem Lxi - BSIII,2007.0,75000,54000.0,False,False,False,False,True,False,True,False,False,True,True,False,False,False,False
1061,Volkswagen Vento Diesel Comfortline,2012.0,215000,97000.0,False,True,False,False,False,False,True,False,False,True,True,False,False,False,False
1062,Hyundai Santro Magna AMT BSIV,2019.0,400000,16000.0,False,False,False,False,True,False,True,False,True,False,True,False,False,False,False
1063,Maruti Swift Dzire AMT ZXI,2019.0,550000,60000.0,False,False,False,False,True,False,True,False,True,False,True,False,False,False,False
1064,Chevrolet Beat LT,2016.0,245000,52000.0,False,False,False,False,True,True,False,False,False,True,True,False,False,False,False
1065,Honda City i-VTEC VX,2017.0,950000,35000.0,False,False,False,False,True,False,True,False,False,True,True,False,False,False,False
1066,Maruti Wagon R VXI BS IV,2017.0,350000,30000.0,False,False,False,False,True,False,True,False,False,True,True,False,False,False,False
1067,Hyundai Verna 1.6 VTVT,2013.0,370000,60000.0,False,False,False,False,True,False,True,False,False,True,True,False,False,False,False
1068,Tata Sumo Victa EX 7/9 Str BSII,2009.0,130000,120000.0,False,True,False,False,False,False,True,False,False,True,True,False,False,False,False
1069,Chevrolet Sail Hatchback 1.2 LS,2016.0,250000,30000.0,False,False,False,False,True,False,True,False,False,True,True,False,False,False,False
1070,BMW X1 sDrive 20d xLine,2019.0,2600000,9500.0,False,True,False,False,False,False,True,False,True,False,True,False,False,False,False
1071,Hyundai EON Magna Plus,2016.0,229999,80000.0,False,False,False,False,True,False,True,False,False,True,True,False,False,False,False
1072,Mahindra Bolero Power Plus ZLX,2017.0,750000,29000.0,False,True,False,False,False,False,True,False,False,True,True,False,False,False,False
1073,Chevrolet Optra Magnum 2.0 LS,2011.0,195000,120000.0,False,True,False,False,False,False,True,False,False,True,True,False,False,False,False
1075,Mahindra Scorpio S7 140 BSIV,2018.0,1100000,20000.0,False,True,False,False,False,False,True,False,False,True,True,False,False,False,False
1076,Datsun RediGO S,2016.0,270000,22000.0,False,False,False,False,True,False,True,False,False,True,True,False,False,False,False
1077,Skoda Fabia 1.2 MPI Ambition Plus,2012.0,300000,50000.0,False,False,False,False,True,False,True,False,False,True,True,False,False,False,False
1078,Chevrolet Beat Diesel LT,2012.0,200000,50000.0,False,True,False,False,False,False,True,False,False,True,True,False,False,False,False
1079,Maruti Zen Estilo 1.1 LXI BSIII,2007.0,120000,81366.0,False,False,False,False,True,False,True,False,False,True,True,False,False,False,False
1080,Maruti Esteem Vxi - BSIII,2006.0,95000,110000.0,False,False,False,False,True,False,True,False,False,True,True,False,False,False,False
1082,Toyota Innova 2.5 G (Diesel) 8 Seater BS IV,2006.0,229999,60000.0,False,True,False,False,False,False,True,False,False,True,True,False,False,False,False
1084,Renault Fluence 1.5,2012.0,300000,90000.0,False,True,False,False,False,False,True,False,False,True,True,False,False,False,False
1087,Maruti Alto 800 LXI,2017.0,250000,30000.0,False,False,False,False,True,False,True,False,False,True,True,False,False,False,False
1088,Maruti Wagon R LXI DUO BS IV,2012.0,180000,60000.0,False,False,False,True,False,False,True,False,False,True,True,False,False,False,False
1089,Hyundai Grand i10 1.2 Kappa Sportz Option,2017.0,525000,15000.0,False,False,False,False,True,False,True,False,False,True,True,False,False,False,False
1091,Maruti Swift 1.3 VXi,2005.0,160000,67000.0,False,False,False,False,True,False,True,False,False,True,True,False,False,False,False
1092,Maruti Swift LDI Optional,2017.0,500000,40000.0,False,True,False,False,False,False,True,False,False,True,True,False,False,False,False
1093,Hyundai Santro Xing GLS,2008.0,130000,100000.0,False,False,False,False,True,False,True,False,False,True,True,False,False,False,False
1094,Maruti Wagon R LXI,2005.0,70000,80000.0,False,False,False,False,True,False,True,False,False,True,True,False,False,False,False
1095,Honda Amaze VX i-DTEC,2013.0,450000,53000.0,False,True,False,False,False,False,True,False,False,True,True,False,False,False,False
1096,Chevrolet Aveo 1.4 CNG,2011.0,229999,100000.0,True,False,False,False,False,False,True,False,False,True,True,False,False,False,False
1097,Toyota Innova 2.5 G (Diesel) 7 Seater,2013.0,700000,200000.0,False,True,False,False,False,False,True,False,False,True,True,False,False,False,False
1098,Hyundai Elite i20 Magna Plus BSIV,2020.0,545000,7300.0,False,False,False,False,True,False,True,False,False,True,True,False,False,False,False
1099,Datsun RediGO T Option,2017.0,200000,30000.0,False,False,False,False,True,False,True,False,False,True,True,False,False,False,False
1100,Tata Safari Storme VX,2015.0,500000,120000.0,False,True,False,False,False,False,True,False,False,True,True,False,False,False,False
1102,Maruti Alto LXi,2010.0,160000,36000.0,False,False,False,False,True,False,True,False,False,True,True,False,False,False,False
1103,Maruti Ertiga SHVS ZDI Plus,2016.0,760000,49000.0,False,True,False,False,False,False,True,False,False,True,True,False,False,False,False
1104,Hyundai EON Magna Optional,2015.0,300000,22000.0,False,False,False,False,True,False,True,False,False,True,True,False,False,False,False
1105,Mahindra Bolero 2011-2019 SLX,2019.0,800000,24000.0,False,True,False,False,False,False,True,False,False,True,True,False,False,False,False
1106,Maruti Swift Dzire VDI,2018.0,680000,20000.0,False,True,False,False,False,False,True,False,False,True,True,False,False,False,False
1107,Toyota Innova Crysta 2.4 G MT BSIV,2016.0,1300000,70000.0,False,True,False,False,False,False,True,False,False,True,True,False,False,False,False
1108,Maruti Swift VXI BSIV,2016.0,500000,60000.0,False,False,False,False,True,False,True,False,False,True,True,False,False,False,False
1109,Audi Q5 2.0 TDI,2015.0,3500000,35000.0,False,True,False,False,False,False,True,False,True,False,True,False,False,False,False
1110,Hyundai Accent GLX,2008.0,145000,60000.0,False,False,False,False,True,False,True,False,False,True,True,False,False,False,False
1111,Mahindra Quanto C6,2014.0,300000,60000.0,False,True,False,False,False,False,True,False,False,True,True,False,False,False,False
1112,Maruti Baleno Zeta 1.2,2017.0,641000,25000.0,False,False,False,False,True,False,True,False,False,True,True,False,False,False,False
1113,Maruti Swift Dzire VDI,2015.0,650000,50000.0,False,True,False,False,False,False,True,False,False,True,True,False,False,False,False
1114,Ford Figo 1.5D Titanium Opt MT,2015.0,495000,52328.0,False,True,False,False,False,True,False,False,False,True,True,False,False,False,False
1115,Hyundai Santro Xing GLS,2013.0,324000,30000.0,False,False,False,False,True,False,True,False,False,True,True,False,False,False,False
1116,Ford Endeavour 3.2 Titanium AT 4X4,2016.0,2100000,91505.0,False,True,False,False,False,True,False,False,True,False,True,False,False,False,False
1117,Maruti Alto 800 LXI,2018.0,200000,35000.0,False,False,False,False,True,False,True,False,False,True,True,False,False,False,False
1118,Maruti Swift Dzire VDI,2015.0,320000,60000.0,False,True,False,False,False,False,True,False,False,True,True,False,False,False,False
1119,Hyundai EON Magna Optional,2015.0,300000,20500.0,False,False,False,False,True,False,True,False,False,True,True,False,False,False,False
1120,Tata Indica Vista Quadrajet LX,2013.0,180000,200000.0,False,True,False,False,False,False,True,False,False,True,True,False,False,False,False
1121,Maruti Swift Dzire ZDI,2015.0,800000,135000.0,False,True,False,False,False,False,True,False,False,True,True,False,False,False,False
1122,Mahindra Scorpio SLE BSIV,2009.0,420000,100000.0,False,True,False,False,False,False,True,False,False,True,True,False,False,False,False
1123,Maruti Vitara Brezza ZDi Plus,2014.0,875000,40000.0,False,True,False,False,False,False,True,False,False,True,True,False,False,False,False
1124,Maruti Swift Dzire ZDI,2014.0,580000,70000.0,False,True,False,False,False,False,True,False,False,True,True,False,False,False,False
1125,Renault Duster 110PS Diesel RxZ,2013.0,650000,120000.0,False,True,False,False,False,False,True,False,False,True,True,False,False,False,False
1126,Honda Amaze S AT i-Vtech,2014.0,400000,15000.0,False,False,False,False,True,False,True,False,True,False,True,False,False,False,False
1127,Hyundai Getz GLS,2005.0,250000,70000.0,False,False,False,False,True,False,True,False,False,True,True,False,False,False,False
1128,Maruti SX4 Vxi BSIV,2010.0,250000,70000.0,False,False,False,False,True,False,True,False,False,True,True,False,False,False,False
1129,Maruti Ignis 1.3 Delta,2018.0,590000,26350.0,False,True,False,False,False,True,False,False,False,True,True,False,False,False,False
1130,Tata Indigo CS LX (TDI) BS-III,2015.0,225000,68745.0,False,True,False,False,False,True,False,False,False,True,True,False,False,False,False
1131,Mahindra XUV500 W6 2WD,2016.0,900000,47000.0,False,True,False,False,False,False,True,False,False,True,True,False,False,False,False
1132,Maruti Alto K10 VXI AGS,2017.0,375000,27289.0,False,False,False,False,True,True,False,False,True,False,True,False,False,False,False
1133,Hyundai EON Era Plus,2016.0,320000,24662.0,False,False,False,False,True,True,False,False,False,True,True,False,False,False,False
1134,Maruti Swift Dzire VDI,2013.0,525000,37000.0,False,True,False,False,False,True,False,False,False,True,True,False,False,False,False
1135,Nissan Evalia XV,2014.0,650000,28245.0,False,True,False,False,False,True,False,False,False,True,True,False,False,False,False
1136,Hyundai Grand i10 1.2 CRDi Sportz Option,2017.0,575000,27005.0,False,True,False,False,False,True,False,False,False,True,True,False,False,False,False
1137,Hyundai i10 Magna,2014.0,355000,39227.0,False,False,False,False,True,True,False,False,False,True,True,False,False,False,False
1138,Mahindra KUV 100 D75 K4 Plus 5Str,2016.0,470000,31367.0,False,True,False,False,False,True,False,False,False,True,True,False,False,False,False
1139,Maruti Wagon R LXI,2008.0,221000,35008.0,False,False,False,False,True,True,False,False,False,True,True,False,False,False,False
1140,Hyundai Santro Xing GLS,2009.0,195000,27005.0,False,False,False,False,True,True,False,False,False,True,True,False,False,False,False
1141,Hyundai Verna SX Diesel,2013.0,580000,45264.0,False,True,False,False,False,True,False,False,False,True,True,False,False,False,False
1142,Maruti Eeco 7 Seater Standard BSIV,2014.0,325000,39093.0,False,False,False,False,True,True,False,False,False,True,True,False,False,False,False
1143,Honda City Corporate Edition,2013.0,495000,45241.0,False,False,False,False,True,True,False,False,False,True,True,False,False,False,False
1144,Hyundai EON Era,2014.0,290000,12000.0,False,True,False,False,False,True,False,False,False,True,True,False,False,False,False
1145,Datsun RediGO 1.0 T Option,2018.0,375000,2769.0,False,False,False,False,True,True,False,False,False,True,True,False,False,False,False
1146,Tata Indica Vista TDI LS,2014.0,211000,43128.0,False,True,False,False,False,True,False,False,False,True,True,False,False,False,False
1147,Chevrolet Sail Hatchback 1.2 LS,2015.0,280000,22255.0,False,False,False,False,True,False,True,False,False,True,True,False,False,False,False
1148,Hyundai i20 Sportz 1.2,2013.0,400000,59213.0,False,False,False,False,True,False,True,False,False,True,True,False,False,False,False
1149,Mahindra XUV500 W6 2WD,2015.0,850000,55000.0,False,True,False,False,False,False,True,False,False,True,True,False,False,False,False
1150,Ford Fiesta Titanium 1.5 TDCi,2011.0,550000,80000.0,False,True,False,False,False,False,True,False,False,True,True,False,False,False,False
1152,Mahindra Xylo D2 Maxx,2014.0,350000,170000.0,False,True,False,False,False,False,True,False,False,True,True,False,False,False,False
1153,Mahindra Scorpio S2 9 Seater,2015.0,830000,70000.0,False,True,False,False,False,False,True,False,False,True,True,False,False,False,False
1154,Mahindra Bolero Power Plus Plus AC BSIV PS,2019.0,850000,50000.0,False,True,False,False,False,False,True,False,False,True,True,False,False,False,False
1155,Maruti Wagon R LXI BS IV,2013.0,213000,80000.0,False,False,False,False,True,False,True,False,False,True,True,False,False,False,False
1156,Volkswagen Ameo 1.5 TDI Highline Plus 16,2018.0,660000,25000.0,False,True,False,False,False,False,True,False,False,True,True,False,False,False,False
1157,Nissan Micra XL,2017.0,415000,48965.0,False,False,False,False,True,True,False,False,False,True,True,False,False,False,False
1158,Mahindra XUV500 W8 4WD,2012.0,650000,76290.0,False,True,False,False,False,True,False,False,False,True,True,False,False,False,False
1159,Mahindra XUV500 W10 2WD,2016.0,1250000,35000.0,False,True,False,False,False,False,True,False,False,True,True,False,False,False,False
1160,Maruti Swift Dzire AMT VDI,2017.0,715000,25000.0,False,True,False,False,False,False,True,False,True,False,True,False,False,False,False
1162,Maruti Swift VDI,2016.0,565000,47000.0,False,True,False,False,False,True,False,False,False,True,True,False,False,False,False
1163,Maruti Swift Vdi BSIII,2010.0,325000,79357.0,False,True,False,False,False,True,False,False,False,True,True,False,False,False,False
1164,Ford Figo Diesel EXI,2012.0,409999,28000.0,False,True,False,False,False,False,True,False,False,True,True,False,False,False,False
1165,Hyundai i20 Asta 1.2,2012.0,300000,80000.0,False,False,False,False,True,False,True,False,False,True,True,False,False,False,False
1166,Maruti Ertiga SHVS LDI Option,2017.0,700000,120000.0,False,True,False,False,False,False,True,False,False,True,True,False,False,False,False
1167,Chevrolet Spark 1.0 LT,2009.0,70000,60000.0,False,False,False,False,True,False,True,False,False,True,True,False,False,False,False
1168,Ford Fiesta 1.5 TDCi Ambiente,2014.0,800000,20000.0,False,True,False,False,False,False,True,False,False,True,True,False,False,False,False
1169,Renault KWID 1.0,2016.0,265000,40000.0,False,False,False,False,True,False,True,False,False,True,True,False,False,False,False
1170,Mahindra Scorpio S10 7 Seater,2015.0,630000,60000.0,False,True,False,False,False,False,True,False,False,True,True,False,False,False,False
1174,Hyundai Grand i10 1.2 Kappa Magna AT,2017.0,550000,60000.0,False,False,False,False,True,True,False,False,True,False,True,False,False,False,False
1187,Maruti Alto LXi,2009.0,150000,120000.0,False,False,False,False,True,False,True,False,False,True,True,False,False,False,False
1188,Tata Indigo LS,2008.0,105000,90000.0,False,True,False,False,False,False,True,False,False,True,True,False,False,False,False
1189,Tata Indica Vista TDI LX,2013.0,185000,65000.0,False,True,False,False,False,False,True,False,False,True,True,False,False,False,False
1190,Fiat Grande Punto EVO 1.3 Active,2014.0,260000,50000.0,False,True,False,False,False,False,True,False,False,True,True,False,False,False,False
1191,Maruti Swift Dzire VDi,2012.0,450000,33000.0,False,True,False,False,False,False,True,False,False,True,True,False,False,False,False
1192,Maruti Swift VXI Deca,2016.0,500000,38000.0,False,False,False,False,True,False,True,False,False,True,True,False,False,False,False
1193,Maruti Alto K10 2010-2014 VXI,2012.0,260000,40000.0,False,False,False,False,True,False,True,False,False,True,True,False,False,False,False
1194,Tata Safari Storme VX Varicor 400,2016.0,869999,80000.0,False,True,False,False,False,False,True,False,False,True,True,False,False,False,False
1195,Maruti Baleno Alpha 1.2,2018.0,690000,40000.0,False,False,False,False,True,False,True,False,False,True,True,False,False,False,False
1196,Mitsubishi Pajero 2.8 SFX BSIV Dual Tone,2011.0,825000,120000.0,False,True,False,False,False,False,True,False,False,True,True,False,False,False,False
1197,Maruti Swift VXI Optional,2016.0,360000,30000.0,False,False,False,False,True,False,True,False,False,True,True,False,False,False,False
1198,Maruti Swift 1.2 DLX,2015.0,220000,40000.0,False,False,False,False,True,False,True,False,False,True,True,False,False,False,False
1199,Maruti Alto 800 LXI,2017.0,178000,35000.0,False,False,False,False,True,False,True,False,False,True,True,False,False,False,False
1200,Mahindra Thar DI 4X2,2018.0,515000,5000.0,False,True,False,False,False,False,True,False,False,True,True,False,False,False,False
1201,Maruti Ritz VXi,2014.0,300000,35000.0,False,False,False,False,True,False,True,False,False,True,True,False,False,False,False
1208,Tata Nexon 1.2 Revotron XZ Plus Dual Tone,2017.0,750000,15000.0,False,False,False,False,True,False,True,False,False,True,True,False,False,False,False
1210,Toyota Innova 2.5 G1 BSIV,2012.0,950000,80000.0,False,True,False,False,False,False,True,False,False,True,True,False,False,False,False
1214,Maruti Vitara Brezza LDi,2018.0,700000,25000.0,False,True,False,False,False,False,True,False,False,True,True,False,False,False,False
1215,Hyundai Santro Xing XL eRLX Euro III,2005.0,150000,47000.0,False,False,False,False,True,False,True,False,False,True,True,False,False,False,False
1216,Renault Fluence 1.5,2013.0,450000,60000.0,False,True,False,False,False,False,True,False,False,True,True,False,False,False,False
1217,Maruti Swift Ldi BSIII,2008.0,111000,120000.0,False,True,False,False,False,False,True,False,False,True,True,False,False,False,False
1218,Ford Freestyle Titanium Plus Diesel,2019.0,750000,1001.0,False,True,False,False,False,True,False,False,False,True,True,False,False,False,False
1219,Ford Figo 1.5P Titanium AT,2017.0,774000,1758.0,False,False,False,False,True,True,False,False,True,False,True,False,False,False,False
1220,Ford Figo 1.5P Titanium AT,2018.0,711000,1452.0,False,False,False,False,True,True,False,False,True,False,True,False,False,False,False
1221,Ford Figo 1.5D Titanium MT,2017.0,600000,35122.0,False,True,False,False,False,True,False,False,False,True,True,False,False,False,False
1222,Maruti Swift Dzire VDI,2015.0,455000,92621.0,False,True,False,False,False,True,False,False,False,True,True,False,False,False,False
1223,Maruti Swift Dzire VDI,2019.0,650000,5000.0,False,True,False,False,False,False,True,False,False,True,True,False,False,False,False
1224,Chevrolet Beat LT,2013.0,200000,60000.0,False,False,False,False,True,False,True,False,False,True,True,False,False,False,False
1225,Hyundai Creta 1.6 CRDi AT SX Plus,2016.0,875000,74000.0,False,True,False,False,False,False,True,False,True,False,True,False,False,False,False
1226,Skoda Rapid 1.5 TDI AT Ambition BSIV,2017.0,750000,40000.0,False,True,False,False,False,False,True,False,True,False,True,False,False,False,False
1227,Maruti Swift Dzire AMT VDI,2019.0,725000,22000.0,False,True,False,False,False,False,True,False,True,False,True,False,False,False,False
1228,Tata Hexa XT,2019.0,1100000,40000.0,False,True,False,False,False,False,True,False,False,True,True,False,False,False,False
1229,Ford Endeavour 3.2 Titanium AT 4X4,2017.0,2700000,30000.0,False,True,False,False,False,False,True,False,True,False,True,False,False,False,False
1230,Renault KWID RXT Optional,2016.0,280000,23000.0,False,False,False,False,True,False,True,False,False,True,True,False,False,False,False
1231,Tata Indica Vista Aqua TDI BSIII,2009.0,150000,30000.0,False,True,False,False,False,False,True,False,False,True,True,False,False,False,False
1232,Tata Manza Aura Safire,2010.0,200000,50000.0,False,False,False,False,True,False,True,False,False,True,True,False,False,False,False
1233,Tata Indica Vista Quadrajet VX,2012.0,185000,40000.0,False,True,False,False,False,False,True,False,False,True,True,False,False,False,False
1234,Renault KWID RXL,2019.0,300000,15000.0,False,False,False,False,True,False,True,False,False,True,True,False,False,False,False
1235,Hyundai Verna VTVT 1.6 SX,2018.0,800000,40000.0,False,False,False,False,True,False,True,False,False,True,True,False,False,False,False
1236,Maruti Zen LX,2000.0,60000,50000.0,False,False,False,False,True,False,True,False,False,True,True,False,False,False,False
1237,Hyundai Xcent 1.2 VTVT S,2018.0,500000,8000.0,False,False,False,False,True,False,True,False,False,True,True,False,False,False,False
1238,Hyundai EON Era Plus,2013.0,250000,35000.0,False,False,False,False,True,False,True,False,False,True,True,False,False,False,False
1239,Tata New Safari DICOR 2.2 EX 4x2,2010.0,250000,80000.0,False,True,False,False,False,False,True,False,False,True,True,False,False,False,False
1240,Mahindra Scorpio M2DI,2010.0,480000,90000.0,False,True,False,False,False,False,True,False,False,True,True,False,False,False,False
1241,Hyundai Santro GLS I - Euro I,2005.0,75000,60000.0,False,False,False,False,True,False,True,False,False,True,True,False,False,False,False
1242,Maruti 800 DX,2003.0,60000,35000.0,False,False,False,False,True,False,True,False,False,True,True,False,False,False,False
1243,Maruti Alto LXi BSIII,2008.0,125000,70000.0,False,False,False,False,True,False,True,False,False,True,True,False,False,False,False
1244,Maruti Baleno Zeta 1.2,2019.0,630000,40000.0,False,True,False,False,False,False,True,False,False,True,True,False,False,False,False
1245,Tata Safari Storme EX,2014.0,550000,78322.0,False,True,False,False,False,False,True,False,False,True,True,False,False,False,False
1246,Ford Fiesta Titanium 1.5 TDCi,2012.0,165000,120000.0,False,True,False,False,False,False,True,False,False,True,True,False,False,False,False
1247,Chevrolet Beat LS,2016.0,170000,125000.0,False,False,False,False,True,False,True,False,False,True,True,False,False,False,False
1248,Maruti Baleno Delta 1.2,2018.0,550000,8000.0,False,False,False,False,True,False,True,False,False,True,True,False,False,False,False
1249,Volkswagen Ameo 1.2 MPI Trendline,2018.0,465000,13000.0,False,False,False,False,True,False,True,False,False,True,True,False,False,False,False
1250,Hyundai Verna 1.6 Xi ABS,2008.0,220000,54309.0,False,False,False,False,True,False,True,False,False,True,True,False,False,False,False
1251,Tata Zest Revotron 1.2T XMS,2016.0,520000,25000.0,False,False,False,False,True,False,True,False,False,True,True,False,False,False,False
1252,Hyundai Venue SX Opt Diesel,2020.0,1000000,5000.0,False,True,False,False,False,False,True,False,False,True,True,False,False,False,False
1253,Hyundai Verna 1.4 EX,2011.0,500000,31000.0,False,True,False,False,False,False,True,False,False,True,True,False,False,False,False
1254,Maruti Wagon R LXI BS IV,2011.0,250000,50000.0,False,False,False,False,True,False,True,False,False,True,True,False,False,False,False
1255,Maruti Swift Dzire VDI,2018.0,700000,38217.0,False,True,False,False,False,False,True,False,False,True,True,False,False,False,False
1256,Maruti Ritz VDi,2011.0,200000,120000.0,False,True,False,False,False,False,True,False,False,True,True,False,False,False,False
1259,Tata Harrier XZ BSIV,2019.0,1700000,10000.0,False,True,False,False,False,False,True,False,False,True,True,False,False,False,False
1261,Mahindra KUV 100 mFALCON G80 K8 5str,2016.0,370000,60000.0,False,False,False,False,True,False,True,False,False,True,True,False,False,False,False
1263,Renault KWID RXT Optional,2016.0,280000,60000.0,False,False,False,False,True,False,True,False,False,True,True,False,False,False,False
1265,Hyundai i10 Sportz,2011.0,250000,50000.0,False,False,False,False,True,False,True,False,False,True,True,False,False,False,False
1266,Maruti Ignis 1.2 Delta BSIV,2019.0,500000,15000.0,False,False,False,False,True,False,True,False,False,True,True,False,False,False,False
1271,Tata Manza Club Class Quadrajet90 LS,2014.0,200000,100000.0,False,True,False,False,False,False,True,False,False,True,True,False,False,False,False
1272,Chevrolet Beat PS,2014.0,170000,77000.0,False,False,False,False,True,False,True,False,False,True,True,False,False,False,False
1273,Hyundai Accent Executive,2011.0,150000,60000.0,False,False,False,False,True,False,True,False,False,True,True,False,False,False,False
1274,Ford Figo Aspire 1.5 TDCi Titanium,2016.0,400000,70000.0,False,True,False,False,False,False,True,False,False,True,True,False,False,False,False
1275,Mahindra Scorpio M2DI,2014.0,550000,90000.0,False,True,False,False,False,False,True,False,False,True,True,False,False,False,False
1276,Mahindra Scorpio LX BSIV,2012.0,349000,150000.0,False,True,False,False,False,False,True,False,False,True,True,False,False,False,False
1277,Maruti Swift VDI BSIV,2014.0,458000,80000.0,False,True,False,False,False,False,True,False,False,True,True,False,False,False,False
1278,Maruti Alto K10 VXI,2018.0,300000,35000.0,False,False,False,False,True,False,True,False,False,True,True,False,False,False,False
1279,Maruti Alto LXi,2008.0,95000,70000.0,False,False,False,False,True,False,True,False,False,True,True,False,False,False,False
1280,Maruti S-Cross Zeta DDiS 200 SH,2018.0,850000,50000.0,False,True,False,False,False,False,True,False,False,True,True,False,False,False,False
1281,Ford Figo Diesel Celebration Edition,2013.0,190000,120000.0,False,True,False,False,False,False,True,False,False,True,True,False,False,False,False
1282,Maruti Wagon R LXI Minor,2009.0,150000,70000.0,False,False,False,False,True,False,True,False,False,True,True,False,False,False,False
1283,Maruti Alto 800 CNG LXI Optional,2019.0,300000,120000.0,True,False,False,False,False,False,True,False,False,True,True,False,False,False,False
1284,Maruti Ritz LXi,2016.0,275000,160000.0,False,False,False,False,True,False,True,False,False,True,True,False,False,False,False
1285,Tata Altroz XZ,2020.0,830000,10000.0,False,False,False,False,True,False,True,False,False,True,True,False,False,False,False
1286,Volkswagen Polo SR Petrol 1.2L,2013.0,380000,50000.0,False,False,False,False,True,False,True,False,False,True,True,False,False,False,False
1287,Chevrolet Spark 1.0 LS,2008.0,50000,70000.0,False,False,False,False,True,False,True,False,False,True,True,False,False,False,False
1288,Mahindra Bolero SLX,2008.0,155000,100000.0,False,True,False,False,False,False,True,False,False,True,True,False,False,False,False
1290,Skoda Superb 1.8 TFSI MT,2010.0,300000,80000.0,False,False,False,False,True,False,True,False,False,True,True,False,False,False,False
1291,Maruti Alto 800 LXI,2018.0,300000,16584.0,False,False,False,False,True,True,False,False,False,True,True,False,False,False,False
1292,Tata Tiago 2019-2020 XE Diesel,2016.0,385000,38000.0,False,True,False,False,False,True,False,False,False,True,True,False,False,False,False
1293,Maruti Wagon R LXI,2010.0,221000,51000.0,False,False,False,False,True,True,False,False,False,True,True,False,False,False,False
1294,Tata Tiago 1.05 Revotorq XE,2016.0,381000,38000.0,False,True,False,False,False,True,False,False,False,True,True,False,False,False,False
1295,Maruti Alto 800 LXI,2015.0,250999,35000.0,False,False,False,False,True,True,False,False,False,True,True,False,False,False,False
1296,Tata Tiago 1.05 Revotorq XE,2016.0,380000,38000.0,False,True,False,False,False,True,False,False,False,True,True,False,False,False,False
1297,Maruti Ciaz ZDi Plus,2017.0,751000,64000.0,False,True,False,False,False,True,False,False,False,True,True,False,False,False,False
1298,Mahindra XUV500 AT W10 FWD,2015.0,1250000,60000.0,False,True,False,False,False,True,False,False,True,False,True,False,False,False,False
1299,Hyundai EON 1.0 Era Plus,2014.0,229999,65000.0,False,False,False,False,True,True,False,False,False,True,True,False,False,False,False
1300,Tata Safari Storme EX,2019.0,1250000,24000.0,False,True,False,False,False,False,True,False,False,True,True,False,False,False,False
1301,Maruti Alto 800 LXI,2016.0,245000,68000.0,False,False,False,False,True,True,False,False,False,True,True,False,False,False,False
1302,Hyundai i20 1.4 CRDi Sportz,2011.0,321000,81257.0,False,True,False,False,False,True,False,False,False,True,True,False,False,False,False
1303,Hyundai Grand i10 1.2 CRDi Sportz Option,2017.0,509999,44000.0,False,True,False,False,False,True,False,False,False,True,True,False,False,False,False
1304,Tata Nano CX SE,2015.0,110000,45000.0,False,False,False,False,True,True,False,False,False,True,True,False,False,False,False
1305,Volkswagen Polo Diesel Highline 1.2L,2013.0,400000,75000.0,False,True,False,False,False,True,False,False,False,True,True,False,False,False,False
1306,Maruti Swift VXI,2013.0,370000,90000.0,False,False,False,False,True,False,True,False,False,True,True,False,False,False,False
1307,Tata Xenon XT EX 4X2,2014.0,291000,90000.0,False,True,False,False,False,False,True,False,False,True,True,False,False,False,False
1308,Maruti Omni 8 Seater BSIV,2013.0,170000,35000.0,False,False,False,False,True,False,True,False,False,True,True,False,False,False,False
1309,Maruti Alto 800 LXI,2019.0,295000,10000.0,False,False,False,False,True,False,True,False,False,True,True,False,False,False,False
1310,Renault KWID RXL,2019.0,375000,10000.0,False,False,False,False,True,False,True,False,False,True,True,False,False,False,False
1311,Mahindra XUV500 W7,2018.0,1150000,58000.0,False,True,False,False,False,False,True,False,False,True,True,False,False,False,False
1312,Maruti Baleno Delta 1.3,2018.0,650000,60000.0,False,True,False,False,False,False,True,False,False,True,True,False,False,False,False
1313,Tata Nano Twist XT,2015.0,73000,57000.0,False,False,False,False,True,False,True,False,False,True,True,False,False,False,False
1314,Renault KWID 1.0 RXT Optional,2017.0,300000,70000.0,False,True,False,False,False,False,True,False,False,True,True,False,False,False,False
1315,Maruti Swift Dzire VDI,2012.0,450000,80000.0,False,True,False,False,False,False,True,False,False,True,True,False,False,False,False
1316,Maruti Swift VXI,2019.0,580000,40000.0,False,False,False,False,True,False,True,False,False,True,True,False,False,False,False
1317,Hyundai Grand i10 1.2 Kappa Asta,2017.0,550000,3917.0,False,False,False,False,True,False,True,False,False,True,True,False,False,False,False
1318,Tata Tiago 1.05 Revotorq XT Option,2017.0,450000,35000.0,False,True,False,False,False,False,True,False,False,True,True,False,False,False,False
1319,Chevrolet Spark 1.0 LS,2014.0,220000,70000.0,False,False,False,False,True,False,True,False,False,True,True,False,False,False,False
1320,Maruti SX4 ZXI MT BSIV,2012.0,310000,69069.0,False,False,False,False,True,True,False,False,False,True,True,False,False,False,False
1321,Hyundai Elite i20 Sportz Plus BSIV,2019.0,650000,13500.0,False,False,False,False,True,False,True,False,False,True,True,False,False,False,False
1322,Maruti Wagon R Stingray VXI,2014.0,300000,59059.0,False,False,False,False,True,True,False,False,False,True,True,False,False,False,False
1323,Hyundai Accent Executive,2013.0,200000,70000.0,False,False,False,False,True,False,True,False,False,True,True,False,False,False,False
1324,Honda Brio S MT,2012.0,285000,39039.0,False,False,False,False,True,True,False,False,False,True,True,False,False,False,False
1325,Honda Brio Exclusive Edition,2014.0,335000,33033.0,False,False,False,False,True,True,False,False,False,True,True,False,False,False,False
1326,Hyundai i20 1.2 Sportz,2013.0,375000,41041.0,False,False,False,False,True,True,False,False,False,True,True,False,False,False,False
1327,Hyundai i10 Magna,2009.0,235000,67067.0,False,False,False,False,True,True,False,False,False,True,True,False,False,False,False
1328,Hyundai i10 Sportz 1.2 AT,2013.0,345000,66066.0,False,False,False,False,True,True,False,False,True,False,True,False,False,False,False
1329,Mahindra Quanto C8,2013.0,365000,82082.0,False,True,False,False,False,True,False,False,False,True,True,False,False,False,False
1330,Hyundai Grand i10 Sportz,2014.0,400000,48000.0,False,True,False,False,False,False,True,False,False,True,True,False,False,False,False
1331,Hyundai EON D Lite Plus,2015.0,250000,30000.0,False,False,False,False,True,False,True,False,False,True,True,False,False,False,False
1332,Hyundai Verna SX CRDi AT,2012.0,465000,70070.0,False,True,False,False,False,True,False,False,True,False,True,False,False,False,False
1333,Renault KWID RXT,2017.0,300000,10000.0,False,False,False,False,True,False,True,False,False,True,True,False,False,False,False
1334,Maruti Swift Dzire ZXI 1.2 BS IV,2018.0,655000,60000.0,False,False,False,False,True,False,True,False,False,True,True,False,False,False,False
1335,Hyundai i10 Sportz 1.2 AT,2015.0,500000,50000.0,False,False,False,False,True,True,False,False,True,False,True,False,False,False,False
1336,Hyundai Grand i10 AT Asta,2015.0,465000,63063.0,False,False,False,False,True,True,False,False,True,False,True,False,False,False,False
1337,Maruti Swift VDi BSIII W/ ABS,2008.0,263000,70000.0,False,True,False,False,False,False,True,False,False,True,True,False,False,False,False
1338,Maruti Omni MPI STD BSIV,2012.0,250000,90000.0,False,False,False,False,True,False,True,False,False,True,True,False,False,False,False
1343,Honda WR-V i-DTEC VX,2017.0,650000,140000.0,False,True,False,False,False,False,True,False,False,True,True,False,False,False,False
1344,Maruti Swift VDI Optional,2016.0,509999,40000.0,False,True,False,False,False,False,True,False,False,True,True,False,False,False,False
1345,Maruti Zen Estilo VXI BSIV,2011.0,280000,33000.0,False,False,False,False,True,False,True,False,False,True,True,False,False,False,False
1346,Maruti A-Star Vxi,2010.0,180000,40000.0,False,False,False,False,True,False,True,False,False,True,True,False,False,False,False
1350,Ford Ecosport 1.5 Petrol Ambiente,2017.0,650000,6000.0,False,False,False,False,True,False,True,False,False,True,True,False,False,False,False
1351,Tata Nano Cx BSIV,2011.0,75000,9528.0,False,False,False,False,True,True,False,False,False,True,True,False,False,False,False
1352,Tata Zest Revotron 1.2T XE,2018.0,450000,45000.0,False,False,False,False,True,False,True,False,False,True,True,False,False,False,False
1353,Ford EcoSport 1.5 Diesel Titanium Plus BSIV,2017.0,825000,35000.0,False,True,False,False,False,False,True,False,False,True,True,False,False,False,False
1354,Honda BR-V i-VTEC VX MT,2020.0,1250000,1100.0,False,True,False,False,False,True,False,False,False,True,True,False,False,False,False
1355,Maruti Omni E MPI STD BS IV,2017.0,215000,34000.0,False,False,False,False,True,True,False,False,False,True,True,False,False,False,False
1356,Mahindra XUV500 W6 2WD,2014.0,625000,68000.0,False,True,False,False,False,True,False,False,False,True,True,False,False,False,False
1357,Ford EcoSport 1.5 Diesel Titanium BSIV,2018.0,615000,15000.0,False,True,False,False,False,False,True,False,False,True,True,False,False,False,False
1358,Chevrolet Beat Diesel PS,2012.0,130000,58000.0,False,True,False,False,False,True,False,False,False,True,True,False,False,False,False
1359,Tata Indigo CS eLX BS IV,2013.0,175000,50300.0,False,True,False,False,False,False,True,False,False,True,True,False,False,False,False
1360,Maruti Ertiga 1.5 VDI,2020.0,550000,90000.0,False,True,False,False,False,False,True,False,False,True,True,False,False,False,False
1361,Isuzu D-Max V-Cross Standard,2018.0,1500000,40000.0,False,True,False,False,False,False,True,False,False,True,True,False,False,False,False
1362,Nissan Kicks XV Premium D BSIV,2019.0,1350000,15000.0,False,True,False,False,False,False,True,False,False,True,True,False,False,False,False
1363,Maruti Swift 1.2 DLX,2015.0,217000,45000.0,False,False,False,False,True,False,True,False,False,True,True,False,False,False,False
1364,Mahindra Bolero Power Plus SLX,2018.0,700000,80000.0,False,True,False,False,False,False,True,False,False,True,True,False,False,False,False
1365,Maruti Alto 800 Base,2014.0,175000,40000.0,False,False,False,False,True,False,True,False,False,True,True,False,False,False,False
1366,Volkswagen Ameo 1.5 TDI Highline 16 Alloy,2017.0,575000,80000.0,False,True,False,False,False,False,True,False,False,True,True,False,False,False,False
1367,Renault Duster 85PS Diesel RxL Optional,2012.0,450000,160000.0,False,True,False,False,False,False,True,False,False,True,True,False,False,False,False
1368,Maruti Swift VDI BSIV,2015.0,320000,74820.0,False,True,False,False,False,False,True,False,False,True,True,False,False,False,False
1369,Mahindra XUV500 W6 2WD,2014.0,550000,82000.0,False,True,False,False,False,False,True,False,False,True,True,False,False,False,False
1370,Ford Ecosport Sports Petrol,2020.0,1100000,1000.0,False,False,False,False,True,False,True,False,False,True,True,False,False,False,False
1371,Hyundai Tucson CRDi,2006.0,170000,170000.0,False,True,False,False,False,False,True,False,False,True,True,False,False,False,False
1372,Ford EcoSport 1.5 Diesel Titanium BSIV,2019.0,950000,17000.0,False,True,False,False,False,False,True,False,False,True,True,False,False,False,False
1373,Maruti Swift Dzire VDI,2014.0,425000,150000.0,False,True,False,False,False,False,True,False,False,True,True,False,False,False,False
1374,Hyundai i20 Asta Option 1.4 CRDi,2015.0,500000,80000.0,False,True,False,False,False,False,True,False,False,True,True,False,False,False,False
1375,Honda Amaze S i-Dtech,2013.0,349000,120000.0,False,True,False,False,False,False,True,False,False,True,True,False,False,False,False
1376,Maruti Swift VDI BSIV,2014.0,390000,90000.0,False,True,False,False,False,False,True,False,False,True,True,False,False,False,False
1377,Nissan Micra Diesel XV Primo,2012.0,225000,129000.0,False,True,False,False,False,False,True,False,False,True,True,False,False,False,False
1378,Tata Sumo LX,2009.0,100000,66778.0,False,True,False,False,False,False,True,False,False,True,True,False,False,False,False
1379,Hyundai EON Era Plus,2014.0,190000,50000.0,False,False,False,False,True,False,True,False,False,True,True,False,False,False,False
1380,Renault KWID RXT,2016.0,280000,40000.0,False,False,False,False,True,False,True,False,False,True,True,False,False,False,False
1392,Tata Tiago 1.2 Revotron XZ,2018.0,539000,60000.0,False,False,False,False,True,False,True,False,False,True,True,False,False,False,False
1393,Maruti Celerio ZXI,2017.0,420000,50000.0,False,False,False,False,True,False,True,False,False,True,True,False,False,False,False
1394,Honda Brio 1.2 S MT,2016.0,350000,63400.0,False,False,False,False,True,False,True,False,False,True,True,False,False,False,False
1395,Datsun GO Plus T BSIV,2015.0,380000,25000.0,False,False,False,False,True,False,True,False,False,True,True,False,False,False,False
1396,Maruti Wagon R VXI BS IV,2012.0,200000,90000.0,False,False,False,False,True,False,True,False,False,True,True,False,False,False,False
1397,Hyundai Santro Xing GL,2011.0,150000,157000.0,False,False,False,False,True,False,True,False,False,True,True,False,False,False,False
1398,Renault KWID RXT,2017.0,280000,50000.0,False,False,False,False,True,False,True,False,False,True,True,False,False,False,False
1399,Maruti Alto K10 2010-2014 VXI,2011.0,200000,60000.0,False,False,False,False,True,False,True,False,False,True,True,False,False,False,False
1401,Honda City i-VTEC VX,2018.0,1150000,14825.0,False,False,False,False,True,True,False,False,False,True,True,False,False,False,False
1402,Honda BR-V i-DTEC VX MT,2016.0,910000,43377.0,False,True,False,False,False,True,False,False,False,True,True,False,False,False,False
1403,Ford Figo Diesel Titanium,2010.0,160000,102307.0,False,True,False,False,False,True,False,False,False,True,True,False,False,False,False
1405,Chevrolet Beat Diesel,2012.0,160000,110000.0,False,True,False,False,False,False,True,False,False,True,True,False,False,False,False
1407,Chevrolet Sail Hatchback LT ABS,2013.0,225000,80000.0,False,True,False,False,False,False,True,False,False,True,True,False,False,False,False
1409,Honda City 1.3 EXI,2002.0,145000,100000.0,False,False,False,False,True,False,True,False,False,True,True,False,False,False,False
1411,Ford EcoSport 1.5 Diesel Titanium Plus BSIV,2018.0,930000,20000.0,False,True,False,False,False,False,True,False,False,True,True,False,False,False,False
1415,Renault Lodgy Stepway 85PS RXZ 8S,2017.0,650000,40000.0,False,True,False,False,False,False,True,False,False,True,True,False,False,False,False
1416,Maruti Swift VXI,2019.0,550000,51000.0,False,False,False,False,True,False,True,False,False,True,True,False,False,False,False
1419,Toyota Etios 1.5 V,2016.0,509999,35000.0,False,False,False,False,True,False,True,False,False,True,True,False,False,False,False
1438,Audi A4 3.0 TDI Quattro,2014.0,1580000,86000.0,False,True,False,False,False,True,False,False,True,False,True,False,False,False,False
1454,Maruti Baleno Alpha 1.3,2017.0,650000,70000.0,False,True,False,False,False,False,True,False,False,True,True,False,False,False,False
1455,Maruti Alto LXi,2011.0,150000,70000.0,False,False,False,False,True,False,True,False,False,True,True,False,False,False,False
1456,Renault KWID 1.0 RXT Optional,2017.0,400000,60000.0,False,False,False,False,True,False,True,False,False,True,True,False,False,False,False
1457,Tata Tiago 1.2 Revotron XE,2016.0,300000,30000.0,False,False,False,False,True,False,True,False,False,True,True,False,False,False,False
1458,Maruti Alto 800 Base,2012.0,250000,8000.0,False,False,False,False,True,False,True,False,False,True,True,False,False,False,False
1459,Tata Tigor 1.2 Revotron XM,2019.0,500000,10000.0,False,True,False,False,False,False,True,False,False,True,True,False,False,False,False
1461,Mahindra XUV500 AT W8 FWD,2015.0,740000,45000.0,False,True,False,False,False,True,False,False,True,False,True,False,False,False,False
1462,Hyundai Santro Xing XG,2005.0,70000,68500.0,False,False,False,False,True,True,False,False,False,True,True,False,False,False,False
1463,Hyundai Santro Sportz AMT,2019.0,484999,5007.0,False,False,False,False,True,True,False,False,True,False,True,False,False,False,False
1464,Nissan Micra Active XV S,2013.0,164000,30000.0,False,False,False,False,True,False,True,False,False,True,True,False,False,False,False
1465,Honda City 1.5 V AT,2008.0,140000,70000.0,False,False,False,False,True,False,True,False,True,False,True,False,False,False,False
1466,Mercedes-Benz E-Class E250 CDI Elegance,2011.0,999000,49600.0,False,True,False,False,False,True,False,False,True,False,True,False,False,False,False
1467,BMW 7 Series 730Ld,2006.0,1050000,60000.0,False,True,False,False,False,True,False,False,True,False,True,False,False,False,False
1468,Hyundai Verna 1.6 VTVT,2010.0,190000,38000.0,False,False,False,False,True,True,False,False,False,True,True,False,False,False,False
1469,Audi Q5 3.0 TDI Quattro Technology,2018.0,3899000,22000.0,False,True,False,False,False,True,False,False,True,False,True,False,False,False,False
1470,Hyundai i10 Sportz 1.2,2011.0,235000,43100.0,False,False,False,False,True,True,False,False,False,True,True,False,False,False,False
1471,Datsun GO Plus T,2017.0,350000,10171.0,False,False,False,False,True,True,False,False,False,True,True,False,False,False,False
1472,Renault Duster 110PS Diesel RxL,2015.0,465000,41123.0,False,True,False,False,False,True,False,False,False,True,True,False,False,False,False
1473,Toyota Camry Hybrid 2.5,2017.0,1900000,20118.0,False,False,False,False,True,True,False,False,True,False,True,False,False,False,False
1474,Honda City i DTec SV,2014.0,450000,40000.0,False,True,False,False,False,True,False,False,False,True,True,False,False,False,False
1475,Volkswagen Jetta 2.0L TDI Highline,2015.0,790000,52517.0,False,True,False,False,False,True,False,False,False,True,True,False,False,False,False
1476,Mahindra Marazzo M2 8Str,2019.0,900000,20000.0,False,True,False,False,False,False,True,False,False,True,True,False,False,False,False
1477,Ford Ecosport 1.5 DV5 MT Titanium Optional,2014.0,450000,99117.0,False,True,False,False,False,True,False,False,False,True,True,False,False,False,False
1478,Chevrolet Spark 1.0 LS,2009.0,135000,90000.0,False,False,False,False,True,False,True,False,False,True,True,False,False,False,False
1479,Maruti Celerio ZXI MT BSIV,2019.0,425000,3700.0,False,False,False,False,True,False,True,False,False,True,True,False,False,False,False
1480,Tata Indica Vista Terra 1.4 TDI,2010.0,100000,80000.0,False,True,False,False,False,False,True,False,False,True,True,False,False,False,False
1481,Tata Indica Vista Aqua 1.4 TDI,2011.0,90000,54000.0,False,True,False,False,False,False,True,False,False,True,True,False,False,False,False
1482,Hyundai EON Era Plus,2017.0,250000,19000.0,False,False,False,False,True,False,True,False,False,True,True,False,False,False,False
1483,Maruti Wagon R VXI BS IV,2014.0,275000,30000.0,False,False,False,False,True,False,True,False,False,True,True,False,False,False,False
1484,Honda BRV i-VTEC V MT,2017.0,600000,43500.0,False,False,False,False,True,False,True,False,False,True,True,False,False,False,False
1504,Renault KWID 1.0 RXT Optional,2014.0,350000,20000.0,False,False,False,False,True,False,True,False,False,True,True,False,False,False,False
1505,Maruti Swift Dzire VDI,2015.0,650000,58000.0,False,True,False,False,False,False,True,False,False,True,True,False,False,False,False
1506,Maruti Wagon R LX BS IV,2014.0,350000,40000.0,False,False,False,False,True,True,False,False,False,True,True,False,False,False,False
1507,Hyundai i20 Asta (o) 1.4 CRDi (Diesel),2012.0,440000,70000.0,False,True,False,False,False,True,False,False,False,True,True,False,False,False,False
1508,Hyundai Santro Xing GLS,2013.0,270000,60000.0,False,False,False,False,True,False,True,False,False,True,True,False,False,False,False
1509,Toyota Innova 2.5 V Diesel 7-seater,2014.0,1150000,135000.0,False,True,False,False,False,True,False,False,False,True,True,False,False,False,False
1510,Maruti Omni 8 Seater BSII,2015.0,238000,70000.0,False,False,False,False,True,True,False,False,False,True,True,False,False,False,False
1511,Skoda Fabia 1.2L Diesel Ambiente,2010.0,260000,150000.0,False,True,False,False,False,False,True,False,False,True,True,False,False,False,False
1512,Toyota Etios Liva VD,2015.0,480000,70000.0,False,True,False,False,False,False,True,False,False,True,True,False,False,False,False
1513,Hyundai Grand i10 Asta Option,2017.0,595000,27000.0,False,False,False,False,True,True,False,False,False,True,True,False,False,False,False
1514,Hyundai Verna CRDi 1.6 SX Option,2019.0,1295000,9000.0,False,True,False,False,False,True,False,False,False,True,True,False,False,False,False
1515,Hyundai Santro Asta,2018.0,515000,16000.0,False,False,False,False,True,True,False,False,False,True,True,False,False,False,False
1516,Renault Pulse RxZ Optional,2012.0,325000,47000.0,False,True,False,False,False,True,False,False,False,True,True,False,False,False,False
1517,Maruti Ciaz 1.4 Alpha,2018.0,925000,22000.0,False,False,False,False,True,False,True,False,False,True,True,False,False,False,False
1518,Nissan Terrano XL P,2017.0,844999,30000.0,False,True,False,False,False,False,True,False,False,True,True,False,False,False,False
1519,Maruti Ciaz 1.4 Alpha,2018.0,925000,20000.0,False,False,False,False,True,False,True,False,False,True,True,False,False,False,False
1520,Tata Manza Club Class Quadrajet90 LX,2013.0,300000,60000.0,False,True,False,False,False,False,True,False,False,True,True,False,False,False,False
1521,Maruti Alto K10 LXI,2010.0,175000,64000.0,False,False,False,False,True,True,False,False,False,True,True,False,False,False,False
1522,Maruti SX4 S Cross DDiS 320 Delta,2015.0,325000,60000.0,False,True,False,False,False,False,True,False,False,True,True,False,False,False,False
1523,Renault Duster 85PS Diesel RxZ,2017.0,600000,90000.0,False,True,False,False,False,False,True,False,False,True,True,False,False,False,False
1524,Maruti Swift ZXI Plus,2018.0,700000,30000.0,False,False,False,False,True,False,True,False,False,True,True,False,False,False,False
1525,Maruti Celerio ZXI,2019.0,490000,20000.0,False,False,False,False,True,True,False,False,False,True,True,False,False,False,False
1526,Tata Safari DICOR 2.2 EX 4x2,2013.0,380000,100000.0,False,True,False,False,False,False,True,False,False,True,True,False,False,False,False
1527,Hyundai Grand i10 1.2 Kappa Sportz Dual Tone,2018.0,550000,31000.0,False,False,False,False,True,True,False,False,False,True,True,False,False,False,False
1528,Maruti Alto 800 LXI,2013.0,225000,47000.0,False,False,False,False,True,True,False,False,False,True,True,False,False,False,False
1529,Tata Nexon 1.2 Revotron XM,2018.0,570000,11200.0,False,False,False,False,True,False,True,False,False,True,True,False,False,False,False
1530,Maruti Alto 800 LXI,2018.0,305000,35000.0,False,False,False,False,True,True,False,False,False,True,True,False,False,False,False
1531,Maruti Wagon R Duo Lxi,2010.0,240000,60000.0,False,False,False,True,False,True,False,False,False,True,True,False,False,False,False
1532,Maruti Ertiga SHVS VDI,2015.0,700000,55000.0,False,True,False,False,False,True,False,False,False,True,True,False,False,False,False
1533,Mahindra Bolero B4,2017.0,800000,75000.0,False,True,False,False,False,True,False,False,False,True,True,False,False,False,False
1534,Maruti Celerio VXI,2017.0,430000,93000.0,False,False,False,False,True,True,False,False,False,True,True,False,False,False,False
1535,Maruti Eeco Smiles 5 Seater AC,2014.0,325000,30000.0,False,False,False,False,True,True,False,False,False,True,True,False,False,False,False
1536,Renault Duster 85PS Diesel RxE,2013.0,450000,60000.0,False,True,False,False,False,True,False,False,False,True,True,False,False,False,False
1537,Maruti Swift Dzire VDI,2016.0,630000,65000.0,False,True,False,False,False,True,False,False,False,True,True,False,False,False,False
1538,Hyundai Santro GLS I - Euro II,2007.0,135000,85000.0,False,False,False,False,True,True,False,False,False,True,True,False,False,False,False
1539,Chevrolet Spark 1.0 PS,2010.0,110000,73000.0,False,False,False,False,True,False,True,False,False,True,True,False,False,False,False
1540,Maruti Swift ZDi,2012.0,350000,55000.0,False,True,False,False,False,True,False,False,False,True,True,False,False,False,False
1541,Toyota Innova 2.5 V Diesel 8-seater,2009.0,350000,350000.0,False,True,False,False,False,False,True,False,False,True,True,False,False,False,False
1542,Maruti Swift ZXI Plus,2014.0,600000,30000.0,False,False,False,False,True,False,True,False,False,True,True,False,False,False,False
1543,Maruti Swift Dzire VDI,2018.0,750000,20000.0,False,True,False,False,False,False,True,False,False,True,True,False,False,False,False
1544,Hyundai EON Era Plus,2018.0,270000,20000.0,False,False,False,False,True,False,True,False,False,True,True,False,False,False,False
1545,Maruti Wagon R Stingray VXI,2013.0,350000,65000.0,False,False,False,False,True,False,True,False,False,True,True,False,False,False,False
1546,Honda City i-VTEC CVT ZX,2018.0,1225000,22000.0,False,False,False,False,True,True,False,False,True,False,True,False,False,False,False
1547,Honda City i-VTEC VX,2018.0,1000000,28635.0,False,False,False,False,True,True,False,False,False,True,True,False,False,False,False
1548,Honda Amaze VX Diesel BSIV,2018.0,780000,32114.0,False,True,False,False,False,True,False,False,False,True,True,False,False,False,False
1549,Honda Amaze VX i-VTEC,2018.0,625000,68458.0,False,False,False,False,True,True,False,False,False,True,True,False,False,False,False
1550,Maruti Ritz VXi,2010.0,265000,42000.0,False,False,False,False,True,False,True,False,False,True,True,False,False,False,False
1556,Toyota Etios Liva GD,2012.0,409999,56000.0,False,True,False,False,False,False,True,False,False,True,True,False,False,False,False
1557,Hyundai EON 1.0 Era Plus,2018.0,100000,21302.0,False,True,False,False,False,False,True,False,False,True,True,False,False,False,False
1558,Hyundai i20 Active 1.4 SX,2016.0,650000,100000.0,False,True,False,False,False,False,True,False,False,True,True,False,False,False,False
1559,Mahindra TUV 300 T8,2017.0,650000,80000.0,False,True,False,False,False,False,True,False,False,True,True,False,False,False,False
1560,Hyundai Getz 1.3 GLS,2010.0,150000,105546.0,False,False,False,False,True,False,True,False,False,True,True,False,False,False,False
1561,Toyota Etios Liva 1.2 V,2018.0,500000,10000.0,False,False,False,False,True,False,True,False,False,True,True,False,False,False,False
1562,Hyundai i20 Magna Optional 1.2,2013.0,340000,35000.0,False,False,False,False,True,False,True,False,False,True,True,False,False,False,False
1564,Toyota Innova 2.5 G (Diesel) 8 Seater,2013.0,1010000,120000.0,False,True,False,False,False,False,True,False,False,True,True,False,False,False,False
1565,Maruti Swift VDI BSIV,2016.0,595000,70000.0,False,True,False,False,False,False,True,False,False,True,True,False,False,False,False
1566,Renault KWID RXL,2019.0,265000,40000.0,False,False,False,False,True,False,True,False,False,True,True,False,False,False,False
1567,Honda City 1.5 S MT,2011.0,310000,110000.0,False,False,False,False,True,False,True,False,False,True,True,False,False,False,False
1568,Honda City i DTEC VX,2014.0,700000,130000.0,False,True,False,False,False,False,True,False,False,True,True,False,False,False,False
1569,Honda Jazz 1.5 SV i DTEC,2015.0,450000,76000.0,False,True,False,False,False,False,True,False,False,True,True,False,False,False,False
1582,Maruti Alto VXi,2015.0,280000,26134.0,False,False,False,False,True,True,False,False,False,True,True,False,False,False,False
1586,Maruti Ritz VDi,2011.0,260000,52895.0,False,True,False,False,False,True,False,False,False,True,True,False,False,False,False
1587,Mahindra XUV500 W10 1.99 mHawk,2016.0,1044999,65000.0,False,True,False,False,False,True,False,False,False,True,True,False,False,False,False
1588,Mahindra Scorpio EX,2012.0,550000,60236.0,False,True,False,False,False,True,False,False,False,True,True,False,False,False,False
1589,Fiat 500 Lounge,2008.0,250999,110000.0,False,True,False,False,False,False,True,False,False,True,True,False,False,False,False
1590,Renault Triber RXT BSIV,2019.0,600000,10300.0,False,False,False,False,True,False,True,False,False,True,True,False,False,False,False
1591,Tata New Safari 4X4 EX,2012.0,550000,142000.0,False,True,False,False,False,False,True,False,False,True,True,False,False,False,False
1592,Mahindra TUV 300 mHAWK100 T8,2017.0,800000,25000.0,False,True,False,False,False,False,True,False,False,True,True,False,False,False,False
1593,Tata Altroz XE,2020.0,500000,60000.0,False,False,False,False,True,False,True,False,False,True,True,False,False,False,False
1595,Hyundai Grand i10 1.2 Kappa Sportz BSIV,2016.0,396000,28643.0,False,False,False,False,True,True,False,False,False,True,True,False,False,False,False
1596,Honda City i DTEC VX,2014.0,600000,50000.0,False,True,False,False,False,False,True,False,False,True,True,False,False,False,False
1597,Maruti Wagon R ZXI 1.2,2019.0,575000,30000.0,False,False,False,False,True,True,False,False,False,True,True,False,False,False,False
1598,Hyundai Santro Sportz BSIV,2020.0,520000,5000.0,False,False,False,False,True,False,True,False,False,True,True,False,False,False,False
1599,Mahindra XUV500 AT W10 FWD,2018.0,1400000,30000.0,False,True,False,False,False,False,True,False,True,False,True,False,False,False,False
1600,Chevrolet Beat Diesel LS,2013.0,195000,47253.0,False,True,False,False,False,True,False,False,False,True,True,False,False,False,False
1601,Hyundai Grand i10 Sportz,2014.0,400000,25000.0,False,False,False,False,True,False,True,False,False,True,True,False,False,False,False
1602,Hyundai i20 Active S Petrol,2016.0,560000,68523.0,False,True,False,False,False,True,False,False,False,True,True,False,False,False,False
1603,Hyundai EON 1.0 Era Plus,2019.0,400000,5000.0,False,False,False,False,True,False,True,False,False,True,True,False,False,False,False
1604,Tata Tigor 1.2 Revotron XT,2018.0,459999,40000.0,False,False,False,False,True,False,True,False,False,True,True,False,False,False,False
1605,Hyundai Xcent 1.2 CRDi E,2017.0,450000,43000.0,False,True,False,False,False,False,True,False,False,True,True,False,False,False,False
1606,Maruti Zen VXi - BS III,2004.0,79000,80000.0,False,False,False,False,True,False,True,False,False,True,True,False,False,False,False
1607,Chevrolet Beat Diesel LS,2012.0,120000,110000.0,False,True,False,False,False,False,True,False,False,True,True,False,False,False,False
1608,Chevrolet Optra Magnum 2.0 LT,2012.0,300000,25000.0,False,True,False,False,False,False,True,False,False,True,True,False,False,False,False
1610,Maruti A-Star Lxi,2009.0,145000,25000.0,False,False,False,False,True,False,True,False,False,True,True,False,False,False,False
1611,Ford Endeavour 3.2 Titanium AT 4X4,2019.0,3200000,20000.0,False,True,False,False,False,False,True,False,True,False,True,False,False,False,False
1612,Chevrolet Spark 1.0 LT,2013.0,240000,10000.0,False,False,False,False,True,False,True,False,False,True,True,False,False,False,False
1613,Honda WR-V i-DTEC VX,2018.0,700000,60000.0,False,True,False,False,False,False,True,False,False,True,True,False,False,False,False
1614,Mahindra KUV 100 mFALCON G80 K2 Plus,2016.0,420000,21000.0,False,False,False,False,True,False,True,False,False,True,True,False,False,False,False
1615,Maruti Alto K10 VXI,2016.0,350000,20000.0,False,False,False,False,True,False,True,False,False,True,True,False,False,False,False
1616,Maruti Swift VDI BSIV,2015.0,550000,32000.0,False,True,False,False,False,False,True,False,False,True,True,False,False,False,False
1617,Mitsubishi Montero 3.2 MT,2007.0,750000,180000.0,False,True,False,False,False,False,True,False,False,True,True,False,False,False,False
1618,Hyundai i20 Magna Optional 1.4 CRDi,2013.0,420000,50000.0,False,True,False,False,False,False,True,False,False,True,True,False,False,False,False
1620,Ford Endeavour 4x2 XLT,2004.0,195000,120000.0,False,True,False,False,False,False,True,False,False,True,True,False,False,False,False
1621,Maruti Swift LXi BSIV,2008.0,200000,50000.0,False,False,False,False,True,False,True,False,False,True,True,False,False,False,False
1627,Tata Indigo TDI,2013.0,182000,100000.0,False,True,False,False,False,False,True,False,False,True,True,False,False,False,False
1631,Hyundai EON Era Plus,2016.0,320000,24662.0,False,False,False,False,True,False,True,False,False,True,True,False,False,False,False
1633,Nissan Evalia XV,2014.0,650000,28245.0,False,True,False,False,False,False,True,False,False,True,True,False,False,False,False
1639,Maruti Swift VDI,2013.0,400000,50000.0,False,True,False,False,False,False,True,False,False,True,True,False,False,False,False
1640,Maruti Baleno Delta 1.3,2017.0,650000,20000.0,False,True,False,False,False,False,True,False,False,True,True,False,False,False,False
1641,Hyundai i10 Magna 1.2,2010.0,400000,50000.0,False,False,False,False,True,False,True,False,False,True,True,False,False,False,False
1642,Fiat Linea 1.3 Multijet Emotion,2015.0,550000,113600.0,False,True,False,False,False,False,True,False,False,True,True,False,False,False,False
1643,Ford Aspire Titanium Plus Diesel BSIV,2018.0,861999,20000.0,False,True,False,False,False,True,False,False,False,True,True,False,False,False,False
1644,Ford Aspire Titanium Plus BSIV,2018.0,782000,14000.0,False,False,False,False,True,True,False,False,False,True,True,False,False,False,False
1645,Ford Freestyle Titanium Plus Diesel BSIV,2018.0,836000,26000.0,False,True,False,False,False,True,False,False,False,True,True,False,False,False,False
1646,Honda City i VTEC V,2016.0,696000,138925.0,False,False,False,False,True,True,False,False,False,True,True,False,False,False,False
1647,Honda Jazz 1.5 VX i DTEC,2014.0,596000,121764.0,False,True,False,False,False,True,False,False,False,True,True,False,False,False,False
1648,Honda Jazz 1.2 VX i VTEC,2016.0,612000,105429.0,False,False,False,False,True,True,False,False,False,True,True,False,False,False,False
1649,Maruti Alto 800 LXI,2015.0,114999,35000.0,False,False,False,False,True,False,True,False,False,True,True,False,False,False,False
1650,Tata Bolt Quadrajet XE,2017.0,340000,60000.0,False,True,False,False,False,False,True,False,False,True,True,False,False,False,False
1651,Maruti Swift ZXI Plus,2020.0,550000,5000.0,False,False,False,False,True,False,True,False,False,True,True,False,False,False,False
1652,Maruti Wagon R VXI,2000.0,105000,80000.0,False,False,False,False,True,False,True,False,False,True,True,False,False,False,False
1653,Maruti Vitara Brezza ZDi,2019.0,890000,20000.0,False,True,False,False,False,False,True,False,False,True,True,False,False,False,False
1654,Tata Nexon 1.2 Revotron XZ Plus,2019.0,715000,8000.0,False,False,False,False,True,False,True,False,False,True,True,False,False,False,False
1655,Volkswagen Jetta 2.0L TDI Highline AT,2012.0,735000,55300.0,False,True,False,False,False,False,True,False,True,False,True,False,False,False,False
1660,Mahindra Bolero 2011-2019 SLE,2013.0,325000,62200.0,False,True,False,False,False,True,False,False,False,True,True,False,False,False,False
1661,Audi A8 4.2 TDI,2013.0,2800000,49000.0,False,True,False,False,False,True,False,False,True,False,True,False,False,False,False
1666,Volkswagen Polo GTI,2017.0,825000,13599.0,False,False,False,False,True,True,False,False,True,False,True,False,False,False,False
1669,Tata Tigor 1.2 Revotron XZ Option,2019.0,670000,17000.0,False,False,False,False,True,False,True,False,False,True,True,False,False,False,False
1670,Maruti Alto LX,2008.0,65000,140000.0,False,False,False,False,True,False,True,False,False,True,True,False,False,False,False
1671,Mahindra KUV 100 mFALCON G80 K8 5str,2017.0,600000,53000.0,False,False,False,False,True,False,True,False,False,True,True,False,False,False,False
1672,Hyundai EON Sportz,2012.0,150000,80000.0,False,False,False,False,True,False,True,False,False,True,True,False,False,False,False
1673,Toyota Innova Crysta 2.4 VX MT 8S BSIV,2018.0,1700000,15000.0,False,True,False,False,False,False,True,False,False,True,True,False,False,False,False
1674,Mahindra Scorpio M2DI,2014.0,500000,120000.0,False,True,False,False,False,False,True,False,False,True,True,False,False,False,False
1675,Hyundai Elite i20 Sportz Plus Dual Tone BSIV,2019.0,600000,5200.0,False,False,False,False,True,False,True,False,False,True,True,False,False,False,False
1676,Hyundai i10 Era 1.1 iTech SE,2011.0,235000,46000.0,False,False,False,False,True,False,True,False,False,True,True,False,False,False,False
1677,Hyundai Verna 1.6 SX,2012.0,390000,90000.0,False,True,False,False,False,False,True,False,False,True,True,False,False,False,False
1678,Volkswagen Polo 1.5 TDI Highline,2015.0,600000,70000.0,False,True,False,False,False,False,True,False,False,True,True,False,False,False,False
1679,Hyundai Grand i10 1.2 Kappa Magna AT,2017.0,450000,12700.0,False,False,False,False,True,False,True,False,True,False,True,False,False,False,False
1680,Maruti Ritz LDi,2011.0,250000,80000.0,False,True,False,False,False,False,True,False,False,True,True,False,False,False,False
1681,Mahindra XUV500 W10 2WD,2018.0,1400000,20000.0,False,True,False,False,False,False,True,False,False,True,True,False,False,False,False
1682,Renault KWID 1.0 RXT Optional,2018.0,300000,20000.0,False,False,False,False,True,False,True,False,False,True,True,False,False,False,False
1683,Ford EcoSport 1.5 Petrol Titanium BSIV,2017.0,800000,19000.0,False,False,False,False,True,False,True,False,False,True,True,False,False,False,False
1686,Ford Ecosport 1.0 Ecoboost Platinum Edition BSIV,2013.0,650000,45839.0,False,False,False,False,True,True,False,False,False,True,True,False,False,False,False
1687,Chevrolet Aveo 1.4 LS,2010.0,200000,60000.0,False,False,False,False,True,True,False,False,False,True,True,False,False,False,False
1688,Chevrolet Aveo U-VA 1.2 LS,2009.0,130000,87293.0,False,False,False,False,True,True,False,False,False,True,True,False,False,False,False
1689,Ford Figo Diesel EXI,2012.0,250000,156040.0,False,True,False,False,False,True,False,False,False,True,True,False,False,False,False
1690,Ford Endeavour 2.5L 4X2 MT,2004.0,400000,93415.0,False,True,False,False,False,True,False,False,False,True,True,False,False,False,False
1691,Ford Aspire Titanium BSIV,2017.0,430000,101159.0,False,False,False,False,True,True,False,False,False,True,True,False,False,False,False
1692,Tata Tiago 2019-2020 XZ,2019.0,450000,12000.0,False,False,False,False,True,False,True,False,False,True,True,False,False,False,False
1693,Maruti Swift ZXI,2013.0,350000,90000.0,False,False,False,False,True,False,True,False,False,True,True,False,False,False,False
1694,Chevrolet Spark 1.0 LT,2011.0,130000,68519.0,False,False,False,False,True,True,False,False,False,True,True,False,False,False,False
1695,Chevrolet Beat Diesel LS,2012.0,180000,55130.0,False,True,False,False,False,True,False,False,False,True,True,False,False,False,False
1696,Ford Ecosport 1.0 Ecoboost Titanium Optional,2014.0,475000,65239.0,False,False,False,False,True,True,False,False,False,True,True,False,False,False,False
1697,Volkswagen Polo 1.2 MPI Comfortline,2015.0,470000,58182.0,False,False,False,False,True,True,False,False,False,True,True,False,False,False,False
1698,Ford Fiesta Diesel Trend,2012.0,200000,91245.0,False,True,False,False,False,True,False,False,False,True,True,False,False,False,False
1699,Mahindra XUV500 W8 2WD,2013.0,650000,102989.0,False,True,False,False,False,True,False,False,False,True,True,False,False,False,False
1700,Honda City 1.5 E MT,2010.0,400000,50000.0,False,False,False,False,True,False,True,False,False,True,True,False,False,False,False
1701,Maruti Zen VXI,2000.0,100000,120000.0,False,False,False,False,True,False,True,False,False,True,True,False,False,False,False
1702,Maruti Swift Dzire VDI,2014.0,409999,90000.0,False,True,False,False,False,False,True,False,False,True,True,False,False,False,False
1703,Maruti Swift VDI BSIV,2018.0,640000,25000.0,False,True,False,False,False,False,True,False,False,True,True,False,False,False,False
1705,Maruti Baleno Zeta 1.3,2018.0,750000,70000.0,False,True,False,False,False,False,True,False,False,True,True,False,False,False,False
1706,Ford Fiesta Petrol Trend,2012.0,450000,60000.0,False,False,False,False,True,True,False,False,False,True,True,False,False,False,False
1707,Tata Tiago 1.2 Revotron XE,2019.0,425000,3000.0,False,False,False,False,True,False,True,False,False,True,True,False,False,False,False
1708,Hyundai Getz GLS,2005.0,250000,60000.0,False,False,False,False,True,False,True,False,False,True,True,False,False,False,False
1710,Maruti Swift VDI BSIV,2016.0,620000,70000.0,False,True,False,False,False,False,True,False,False,True,True,False,False,False,False
1711,Maruti Swift Vdi BSIII,2009.0,180000,220000.0,False,True,False,False,False,False,True,False,False,True,True,False,False,False,False
1714,Mahindra KUV 100 mFALCON G80 K2,2017.0,450000,30000.0,False,False,False,False,True,False,True,False,False,True,True,False,False,False,False
1715,Tata New Safari DICOR 2.2 VX 4x4,2012.0,450000,42655.0,False,True,False,False,False,False,True,False,False,True,True,False,False,False,False
1716,Toyota Innova 2.5 VX 8 STR BSIV,2012.0,725000,70000.0,False,True,False,False,False,False,True,False,False,True,True,False,False,False,False
1717,Hyundai i20 Magna,2010.0,250000,55000.0,False,False,False,False,True,False,True,False,False,True,True,False,False,False,False
1718,Renault KWID 1.0,2017.0,350000,55000.0,False,False,False,False,True,False,True,False,False,True,True,False,False,False,False
1719,Hyundai Xcent 1.2 VTVT E Plus,2018.0,511000,70000.0,False,False,False,False,True,False,True,False,False,True,True,False,False,False,False
1720,Maruti Ritz VDi,2012.0,300000,80000.0,False,True,False,False,False,False,True,False,False,True,True,False,False,False,False
1721,Audi Q5 2.0 TFSI Quattro,2010.0,1100000,110000.0,False,False,False,False,True,False,True,False,True,False,True,False,False,False,False
1722,Tata Tiago 1.2 Revotron XZ,2018.0,500000,30000.0,False,False,False,False,True,False,True,False,False,True,True,False,False,False,False
1723,Skoda Rapid 1.6 MPI Elegance,2012.0,350000,60000.0,False,False,False,False,True,False,True,False,False,True,True,False,False,False,False
1724,Maruti 800 Std BSIII,2003.0,60000,50000.0,False,False,False,False,True,False,True,False,False,True,True,False,False,False,False
1725,Hyundai Santro Xing GLS,2012.0,300000,50000.0,False,False,False,False,True,False,True,False,False,True,True,False,False,False,False
1726,Hyundai i20 1.4 CRDi Asta,2012.0,400000,70000.0,False,True,False,False,False,False,True,False,False,True,True,False,False,False,False
1727,Ford Ecosport 1.5 DV5 MT Titanium,2014.0,550000,110000.0,False,True,False,False,False,False,True,False,False,True,True,False,False,False,False
1728,Maruti Swift VDI,2012.0,250000,156000.0,False,True,False,False,False,False,True,False,False,True,True,False,False,False,False
1729,Toyota Innova 2.5 GX 7 STR,2012.0,800000,180000.0,False,True,False,False,False,False,True,False,False,True,True,False,False,False,False
1730,Maruti Eeco 5 Seater AC BSIV,2018.0,300000,25000.0,False,False,False,False,True,False,True,False,False,True,True,False,False,False,False
1731,Maruti Alto LX,2004.0,80000,120000.0,False,False,False,False,True,False,True,False,False,True,True,False,False,False,False
1732,Mahindra Scorpio S5 BSIV,2020.0,1200000,11000.0,False,True,False,False,False,False,True,False,False,True,True,False,False,False,False
1733,Renault KWID AMT,2017.0,355000,40000.0,False,False,False,False,True,False,True,False,True,False,True,False,False,False,False
1734,Maruti Swift Dzire VDI,2015.0,520000,50000.0,False,True,False,False,False,False,True,False,False,True,True,False,False,False,False
1735,Hyundai Verna 1.6 CRDI,2012.0,500000,26000.0,False,True,False,False,False,False,True,False,False,True,True,False,False,False,False
1736,Maruti Alto LXi,2008.0,114999,30000.0,False,False,False,False,True,False,True,False,False,True,True,False,False,False,False
1737,Toyota Fortuner 4x2 Manual,2014.0,1800000,60000.0,False,True,False,False,False,False,True,False,False,True,True,False,False,False,False
1738,Mahindra TUV 300 T6 Plus,2018.0,800000,20000.0,False,True,False,False,False,False,True,False,False,True,True,False,False,False,False
1739,Maruti Alto LXi,2011.0,135000,78000.0,False,False,False,False,True,False,True,False,False,True,True,False,False,False,False
1740,Hyundai Verna 1.6 SX VTVT,2014.0,550000,100000.0,False,False,False,False,True,False,True,False,False,True,True,False,False,False,False
1741,Volkswagen Vento Diesel Highline,2011.0,260000,150000.0,False,True,False,False,False,False,True,False,False,True,True,False,False,False,False
1742,Toyota Innova Crysta 2.8 GX AT BSIV,2016.0,1350000,120000.0,False,True,False,False,False,False,True,False,True,False,True,False,False,False,False
1743,Mahindra XUV500 AT W8 FWD,2017.0,1230000,70000.0,False,True,False,False,False,False,True,False,True,False,True,False,False,False,False
1744,Mahindra Quanto C6,2013.0,220000,110000.0,False,True,False,False,False,False,True,False,False,True,True,False,False,False,False
1745,Tata Indigo LX Dicor,2009.0,130000,50000.0,False,True,False,False,False,False,True,False,False,True,True,False,False,False,False
1746,Hyundai i20 1.2 Magna,2012.0,330000,44000.0,False,False,False,False,True,False,True,False,False,True,True,False,False,False,False
1747,Hyundai i10 Magna,2012.0,210000,50000.0,False,False,False,False,True,False,True,False,False,True,True,False,False,False,False
1748,Chevrolet Enjoy TCDi LT 7 Seater,2014.0,300000,146000.0,False,True,False,False,False,False,True,False,False,True,True,False,False,False,False
1749,Tata Tiago 1.2 Revotron XTA,2018.0,426000,15000.0,False,False,False,False,True,False,True,False,True,False,True,False,False,False,False
1750,Maruti Alto K10 VXI,2015.0,265000,60000.0,False,False,False,False,True,False,True,False,False,True,True,False,False,False,False
1751,Hyundai Verna 1.6 SX,2012.0,480000,80000.0,False,True,False,False,False,False,True,False,False,True,True,False,False,False,False
1752,Tata Nano Lx,2010.0,40000,90000.0,False,False,False,False,True,False,True,False,False,True,True,False,False,False,False
1753,Ford Ecosport 1.5 Petrol Titanium Plus AT,2018.0,875000,10000.0,False,False,False,False,True,False,True,False,True,False,True,False,False,False,False
1770,Maruti Swift Dzire VDI,2017.0,600000,60000.0,False,True,False,False,False,False,False,True,False,True,True,False,False,False,False
1771,Maruti Ignis 1.2 Sigma BSIV,2019.0,450000,40000.0,False,False,False,False,True,False,True,False,False,True,True,False,False,False,False
1773,Tata Manza Aura Safire BS IV,2013.0,200000,60000.0,False,False,False,False,True,False,True,False,False,True,True,False,False,False,False
1774,Ford Aspire Titanium Plus Diesel BSIV,2019.0,675000,15000.0,False,True,False,False,False,False,True,False,False,True,True,False,False,False,False
1775,Maruti Eeco 7 Seater Standard BSIV,2017.0,260000,30000.0,False,False,False,False,True,False,True,False,False,True,True,False,False,False,False
1778,Maruti Alto LX,2004.0,100000,70000.0,False,False,False,False,True,False,True,False,False,True,True,False,False,False,False
1779,Honda Amaze SX i-VTEC,2015.0,500000,70000.0,False,False,False,False,True,False,True,False,False,True,True,False,False,False,False
1780,Chevrolet Beat Diesel LT,2013.0,195000,46000.0,False,True,False,False,False,False,True,False,False,True,True,False,False,False,False
1781,Maruti Zen LX,1999.0,75000,70000.0,False,False,False,False,True,False,True,False,False,True,True,False,False,False,False
1783,Maruti Esteem Lxi - BSIII,2006.0,90000,90000.0,False,False,False,False,True,False,True,False,False,True,True,False,False,False,False
1784,Hyundai Xcent 1.1 CRDi Base,2016.0,515000,50000.0,False,True,False,False,False,False,True,False,False,True,True,False,False,False,False
1785,Maruti Zen LX,2001.0,62000,70000.0,False,False,False,False,True,False,True,False,False,True,True,False,False,False,False
1786,Hyundai Santro Magna CNG BSIV,2019.0,520000,10000.0,True,False,False,False,False,False,True,False,False,True,True,False,False,False,False
1787,Fiat Linea Emotion,2010.0,170000,100000.0,False,False,False,False,True,False,True,False,False,True,True,False,False,False,False
1788,Maruti Zen Estilo LXI BS IV,2009.0,125000,65000.0,False,False,False,False,True,False,True,False,False,True,True,False,False,False,False
1789,Maruti Celerio X ZXI BSIV,2019.0,490000,13900.0,False,False,False,False,True,False,True,False,False,True,True,False,False,False,False
1790,Tata Tigor 1.2 Revotron XZ Option,2017.0,434999,17563.0,False,False,False,False,True,False,True,False,False,True,True,False,False,False,False
1791,Tata Zest Revotron 1.2T XE,2016.0,380000,15000.0,False,False,False,False,True,False,True,False,False,True,True,False,False,False,False
1792,Ford Figo 1.5D Trend MT,2016.0,495000,40000.0,False,True,False,False,False,False,True,False,False,True,True,False,False,False,False
1793,Honda Brio S MT,2015.0,300000,60000.0,False,False,False,False,True,False,True,False,False,True,True,False,False,False,False
1794,Honda Amaze E i-VTEC,2017.0,430000,15000.0,False,False,False,False,True,False,True,False,False,True,True,False,False,False,False
1795,Honda Amaze E i-DTEC,2017.0,370000,60000.0,False,True,False,False,False,False,True,False,False,True,True,False,False,False,False
1796,Maruti Baleno Zeta 1.2,2019.0,750000,11000.0,False,False,False,False,True,False,True,False,False,True,True,False,False,False,False
1797,Maruti Alto K10 LXI CNG Optional,2016.0,300000,50000.0,True,False,False,False,False,False,True,False,False,True,True,False,False,False,False
1798,Hyundai Grand i10 Sportz,2015.0,300000,90000.0,False,False,False,False,True,False,True,False,False,True,True,False,False,False,False
1799,Hyundai i20 Asta Option 1.4 CRDi,2016.0,650000,40000.0,False,True,False,False,False,False,True,False,False,True,True,False,False,False,False
1800,Maruti Swift VDI BSIV,2017.0,509999,25000.0,False,True,False,False,False,False,True,False,False,True,True,False,False,False,False
1801,Maruti Swift DDiS VDI,2017.0,600000,120000.0,False,True,False,False,False,False,True,False,False,True,True,False,False,False,False
1803,Hyundai EON Magna Plus,2018.0,245000,30000.0,False,False,False,False,True,False,True,False,False,True,True,False,False,False,False
1805,Hyundai Grand i10 Sportz,2016.0,375000,25000.0,False,False,False,False,True,False,True,False,False,True,True,False,False,False,False
1806,Mahindra Bolero Power Plus SLX,2018.0,620000,35000.0,False,True,False,False,False,False,True,False,False,True,True,False,False,False,False
1807,Mahindra Xylo E8 ABS Airbag BSIV,2011.0,275000,160000.0,False,True,False,False,False,False,True,False,False,True,True,False,False,False,False
1808,Hyundai i20 1.4 Sportz,2017.0,700000,35000.0,False,True,False,False,False,False,True,False,False,True,True,False,False,False,False
1809,Hyundai Grand i10 CRDi Asta Option,2015.0,450000,50000.0,False,True,False,False,False,False,True,False,False,True,True,False,False,False,False
1810,Maruti Alto 800 Std Optional,2019.0,240000,5000.0,False,False,False,False,True,False,True,False,False,True,True,False,False,False,False
1812,Ford EcoSport 1.5 TDCi Titanium BSIV,2016.0,650000,81595.0,False,True,False,False,False,True,False,False,False,True,True,False,False,False,False
1813,Hyundai Getz GLS ABS,2005.0,71000,22000.0,False,False,False,False,True,False,True,False,False,True,True,False,False,False,False
1814,Maruti Swift VXI Optional,2015.0,400000,40000.0,False,False,False,False,True,False,True,False,False,True,True,False,False,False,False
1815,Nissan Kicks XL D BSIV,2019.0,1100000,4000.0,False,True,False,False,False,False,True,False,False,True,True,False,False,False,False
1816,BMW 3 Series 320d Luxury Line,2015.0,2200000,24000.0,False,True,False,False,False,False,True,False,True,False,True,False,False,False,False
1817,Honda Amaze VX i-VTEC,2018.0,800000,13500.0,False,False,False,False,True,True,False,False,False,True,True,False,False,False,False
1818,Maruti Ritz VDI (ABS) BS IV,2013.0,490000,40000.0,False,True,False,False,False,False,True,False,False,True,True,False,False,False,False
1819,Honda Jazz 1.2 VX i VTEC,2018.0,836000,9700.0,False,False,False,False,True,True,False,False,False,True,True,False,False,False,False
1820,Honda BR-V i-DTEC VX MT,2016.0,1249000,24000.0,False,True,False,False,False,True,False,False,False,True,True,False,False,False,False
1821,Honda WR-V i-DTEC VX,2019.0,1240000,13000.0,False,True,False,False,False,True,False,False,False,True,True,False,False,False,False
1822,Honda BR-V i-VTEC VX MT,2017.0,1068000,36000.0,False,False,False,False,True,True,False,False,False,True,True,False,False,False,False
1823,Hyundai Elite i20 Petrol Asta Option,2018.0,700000,27000.0,False,False,False,False,True,False,True,False,False,True,True,False,False,False,False
1824,Maruti Alto K10 VXI,2016.0,350000,40000.0,False,False,False,False,True,False,True,False,False,True,True,False,False,False,False
1825,Hyundai i20 Asta Option 1.4 CRDi,2016.0,750000,80000.0,False,True,False,False,False,False,True,False,False,True,True,False,False,False,False
1826,Maruti Celerio ZXI AT,2017.0,509999,25000.0,False,False,False,False,True,False,True,False,True,False,True,False,False,False,False
1827,Nissan Micra XL,2013.0,363000,28740.0,False,False,False,False,True,False,True,False,False,True,True,False,False,False,False
1828,Maruti Alto K10 LXI,2010.0,229999,48500.0,False,False,False,False,True,False,True,False,False,True,True,False,False,False,False
1829,Maruti Swift VXI,2018.0,550000,30000.0,False,False,False,False,True,False,True,False,False,True,True,False,False,False,False
1830,Hyundai Verna 1.6 SX CRDi (O),2011.0,390000,90000.0,False,True,False,False,False,False,True,False,False,True,True,False,False,False,False
1832,Maruti Celerio VXI,2015.0,220000,45000.0,False,False,False,False,True,False,True,False,False,True,True,False,False,False,False
1833,Maruti Wagon R AMT VXI Option,2018.0,370000,15000.0,False,False,False,False,True,False,True,False,True,False,True,False,False,False,False
1834,Maruti Swift Dzire VDI,2019.0,650000,20000.0,False,True,False,False,False,False,True,False,False,True,True,False,False,False,False
1835,Maruti Alto 800 LX,2017.0,280000,37000.0,False,False,False,False,True,False,True,False,False,True,True,False,False,False,False
1836,Maruti Swift Dzire VDI,2016.0,540000,80000.0,False,True,False,False,False,False,True,False,False,True,True,False,False,False,False
1837,Maruti Ciaz Sigma BSIV,2018.0,800000,20000.0,False,False,False,False,True,False,True,False,False,True,True,False,False,False,False
1838,Ford Figo 1.5D Titanium MT,2016.0,515000,25000.0,False,True,False,False,False,False,True,False,False,True,True,False,False,False,False
1839,Chevrolet Spark 1.0 LT Option Pack w/ Airbag,2013.0,165000,53000.0,False,False,False,False,True,True,False,False,False,True,True,False,False,False,False
1840,Chevrolet Beat LT,2015.0,245000,43000.0,False,False,False,False,True,True,False,False,False,True,True,False,False,False,False
1841,Ford Figo 1.2P Titanium Plus MT,2012.0,260000,60000.0,False,False,False,False,True,True,False,False,False,True,True,False,False,False,False
1842,Skoda Superb Elegance 2.0 TDI CR AT,2011.0,550000,73000.0,False,True,False,False,False,True,False,False,True,False,True,False,False,False,False
1843,Hyundai Grand i10 1.2 Kappa Era,2015.0,434999,29000.0,False,False,False,False,True,True,False,False,False,True,True,False,False,False,False
1844,Tata Safari Storme EX,2013.0,450000,95000.0,False,True,False,False,False,True,False,False,False,True,True,False,False,False,False
1845,Chevrolet Sail 1.2 Base,2014.0,290000,25000.0,False,False,False,False,True,False,True,False,False,True,True,False,False,False,False
1846,Ford Classic 1.6 Duratec LXI,2011.0,265000,20000.0,False,False,False,False,True,True,False,False,False,True,True,False,False,False,False
1847,Honda Brio 1.2 S MT,2014.0,325000,57000.0,False,False,False,False,True,True,False,False,False,True,True,False,False,False,False
1848,Chevrolet Cruze LTZ,2014.0,550000,52000.0,False,True,False,False,False,True,False,False,False,True,True,False,False,False,False
1849,Honda Brio 1.2 S MT,2012.0,275000,47000.0,False,False,False,False,True,True,False,False,False,True,True,False,False,False,False
1851,Maruti Wagon R VXI Optional,2015.0,190000,120000.0,False,False,False,False,True,False,True,False,False,True,True,False,False,False,False
1852,Maruti Alto LXi,2012.0,150000,50000.0,False,False,False,False,True,False,True,False,False,True,True,False,False,False,False
1853,Mahindra Bolero Power Plus SLX,2018.0,900000,25000.0,False,True,False,False,False,False,True,False,False,True,True,False,False,False,False
1854,Maruti Ertiga ZXI AT Petrol,2019.0,950000,11000.0,False,False,False,False,True,False,True,False,True,False,True,False,False,False,False
1855,Maruti Swift Dzire VXI,2013.0,475000,80000.0,False,False,False,False,True,False,True,False,False,True,True,False,False,False,False
1856,Hyundai Creta 1.6 Gamma SX Plus,2015.0,821000,50000.0,False,False,False,False,True,False,True,False,False,True,True,False,False,False,False
1857,Ford Figo Aspire 1.5 TDCi Trend,2015.0,459999,148620.0,False,True,False,False,False,True,False,False,False,True,True,False,False,False,False
1858,Hyundai Elite i20 Diesel Asta Option,2018.0,815000,42000.0,False,True,False,False,False,False,True,False,False,True,True,False,False,False,False
1859,Hyundai Verna 1.6 CRDI SX Option,2017.0,1200000,40000.0,False,True,False,False,False,False,True,False,False,True,True,False,False,False,False
1860,Maruti S-Cross Alpha DDiS 200 SH,2017.0,1000000,30000.0,False,True,False,False,False,False,True,False,False,True,True,False,False,False,False
1861,Mahindra TUV 300 T6 Plus,2017.0,400000,120000.0,False,True,False,False,False,False,True,False,False,True,True,False,False,False,False
1862,Volkswagen Vento 1.5 TDI Comfortline AT,2014.0,325000,70000.0,False,True,False,False,False,False,True,False,True,False,True,False,False,False,False
1866,Volkswagen Jetta 1.9 Highline TDI,2010.0,290000,87620.0,False,True,False,False,False,True,False,False,True,False,True,False,False,False,False
1874,Hyundai Grand i10 Asta Option,2015.0,490000,60000.0,False,False,False,False,True,True,False,False,False,True,True,False,False,False,False
1883,Hyundai Elite i20 Sportz Plus CVT BSIV,2019.0,738000,8000.0,False,False,False,False,True,False,True,False,True,False,True,False,False,False,False
1884,Maruti Alto K10 VXI,2016.0,300000,30000.0,False,False,False,False,True,False,True,False,False,True,True,False,False,False,False
1885,Tata Indica Vista Quadrajet LX,2012.0,150000,110000.0,False,True,False,False,False,False,True,False,False,True,True,False,False,False,False
1886,Volkswagen Vento IPL II Diesel Trendline,2011.0,280000,110000.0,False,True,False,False,False,False,True,False,False,True,True,False,False,False,False
1887,Maruti Zen Estilo Sports,2009.0,180000,41090.0,False,False,False,False,True,False,True,False,False,True,True,False,False,False,False
1888,Maruti Swift VDI,2012.0,225000,296823.0,False,True,False,False,False,False,True,False,False,True,True,False,False,False,False
1889,Maruti Alto 800 LXI,2014.0,200000,40000.0,False,False,False,False,True,False,True,False,False,True,True,False,False,False,False
1890,Maruti Swift Dzire VDI,2017.0,650000,90000.0,False,True,False,False,False,False,True,False,False,True,True,False,False,False,False
1891,Maruti Wagon R VXI Plus Optional,2017.0,380000,19000.0,False,False,False,False,True,False,True,False,False,True,True,False,False,False,False
1892,Mahindra Jeep MM 540,1996.0,200000,60000.0,False,True,False,False,False,False,True,False,False,True,True,False,False,False,False
1894,Maruti Swift Dzire VDI,2014.0,254999,30000.0,False,True,False,False,False,False,True,False,False,True,True,False,False,False,False
1895,Skoda Rapid Monte Carlo 1.6 MPI AT BSIV,2014.0,850000,44500.0,False,False,False,False,True,False,True,False,True,False,True,False,False,False,False
1896,Hyundai i20 Active 1.2 SX,2016.0,650000,26000.0,False,False,False,False,True,False,True,False,False,True,True,False,False,False,False
1898,Maruti Celerio VXI,2015.0,300000,35000.0,False,False,False,False,True,False,True,False,False,True,True,False,False,False,False
1899,Hyundai Grand i10 Sportz,2014.0,300000,60000.0,False,False,False,False,True,False,True,False,False,True,True,False,False,False,False
1900,Hyundai Santro Xing XG,2004.0,80000,58000.0,False,False,False,False,True,False,True,False,False,True,True,False,False,False,False
1903,Hyundai EON Era Plus,2017.0,290000,20000.0,False,True,False,False,False,False,True,False,False,True,True,False,False,False,False
1909,Hyundai i20 Sportz Petrol,2010.0,250000,40000.0,False,True,False,False,False,False,True,False,False,True,True,False,False,False,False
1912,Hyundai Grand i10 Sportz,2015.0,425000,12000.0,False,False,False,False,True,False,True,False,False,True,True,False,False,False,False
1914,Honda Amaze VX i-DTEC,2016.0,700000,35000.0,False,True,False,False,False,False,True,False,False,True,True,False,False,False,False
1915,Maruti Swift Dzire ZDI,2017.0,650000,67000.0,False,True,False,False,False,False,True,False,False,True,True,False,False,False,False
1916,Mahindra TUV 300 mHAWK100 T8,2017.0,800000,60000.0,False,True,False,False,False,False,True,False,False,True,True,False,False,False,False
1917,Mahindra Bolero Power Plus SLX,2017.0,675000,70000.0,False,True,False,False,False,False,True,False,False,True,True,False,False,False,False
1918,Hyundai i20 Sportz 1.2,2015.0,516000,90000.0,False,False,False,False,True,False,True,False,False,True,True,False,False,False,False
1919,Hyundai i20 Sportz 1.2,2014.0,450000,80000.0,False,False,False,False,True,False,True,False,False,True,True,False,False,False,False
1920,Volkswagen Polo 1.2 MPI Comfortline,2016.0,500000,20000.0,False,False,False,False,True,False,True,False,False,True,True,False,False,False,False
1921,Maruti Swift ZDi BSIV,2015.0,575000,60000.0,False,True,False,False,False,False,True,False,False,True,True,False,False,False,False
1922,Hyundai Elite i20 Sportz Plus BSIV,2015.0,550000,49000.0,False,False,False,False,True,False,True,False,False,True,True,False,False,False,False
1923,Tata Indica Vista Terra TDI BSIII,2009.0,145000,89255.0,False,True,False,False,False,False,True,False,False,True,True,False,False,False,False
1924,Maruti Alto 800 LXI,2020.0,347000,5000.0,False,False,False,False,True,False,True,False,False,True,True,False,False,False,False
1925,Tata Indica Vista Quadrajet VX,2013.0,275000,110000.0,False,True,False,False,False,False,True,False,False,True,True,False,False,False,False
1926,Honda Mobilio S i VTEC,2015.0,550000,60000.0,False,False,False,False,True,False,True,False,False,True,True,False,False,False,False
1927,Mahindra Quanto C6,2013.0,349000,100000.0,False,True,False,False,False,False,True,False,False,True,True,False,False,False,False
1928,Hyundai i20 Magna,2010.0,250000,40000.0,False,False,False,False,True,False,True,False,False,True,True,False,False,False,False
1929,Tata Indigo TDI,2010.0,150000,100000.0,False,True,False,False,False,False,True,False,False,True,True,False,False,False,False
1931,Maruti Alto STD,2009.0,72000,70000.0,False,False,False,False,True,False,True,False,False,True,True,False,False,False,False
1932,Maruti Ritz VDi,2014.0,250000,115000.0,False,True,False,False,False,False,True,False,False,True,True,False,False,False,False
1933,Maruti Swift AMT VXI,2019.0,575000,25000.0,False,False,False,False,True,False,True,False,True,False,True,False,False,False,False
1934,Kia Seltos HTK Plus AT D,2019.0,1300000,10000.0,False,True,False,False,False,False,True,False,True,False,True,False,False,False,False
1935,Hyundai Santro Magna BSIV,2019.0,425000,15000.0,False,False,False,False,True,False,True,False,False,True,True,False,False,False,False
1936,Maruti Eeco CNG 5 Seater AC BSIV,2019.0,470000,10000.0,True,False,False,False,False,False,True,False,False,True,True,False,False,False,False
1937,Maruti Alto 800 LXI,2020.0,310000,1700.0,False,False,False,False,True,False,True,False,False,True,True,False,False,False,False
1938,Ford Figo 1.5D Trend MT,2016.0,400000,45217.0,False,True,False,False,False,True,False,False,False,True,True,False,False,False,False
1940,Hyundai EON Magna Plus,2018.0,310000,20000.0,False,False,False,False,True,False,True,False,False,True,True,False,False,False,False
1941,Maruti Ciaz ZDi Plus SHVS,2017.0,750000,50000.0,False,True,False,False,False,False,True,False,False,True,True,False,False,False,False
1942,Maruti Swift 1.3 VXi,2010.0,260000,50000.0,False,False,False,False,True,False,True,False,False,True,True,False,False,False,False
1943,Maruti Swift VDI BSIV,2014.0,420000,155000.0,False,True,False,False,False,False,True,False,False,True,True,False,False,False,False
1944,Tata Tiago XT,2016.0,335000,41000.0,False,False,False,False,True,True,False,False,False,True,True,False,False,False,False
1945,Ford Endeavour Titanium Plus 4X4,2017.0,2650000,60000.0,False,True,False,False,False,True,False,False,True,False,True,False,False,False,False
1946,Ford Endeavour 3.2 Titanium AT 4X4,2018.0,2675000,56000.0,False,True,False,False,False,True,False,False,True,False,True,False,False,False,False
1947,Ford Endeavour Titanium Plus 4X4,2017.0,2675000,60000.0,False,True,False,False,False,True,False,False,True,False,True,False,False,False,False
1948,Honda City i VTEC S,2014.0,500000,60000.0,False,False,False,False,True,False,True,False,False,True,True,False,False,False,False
1949,Maruti Alto K10 VXI Airbag,2017.0,290000,60000.0,False,False,False,False,True,False,True,False,False,True,True,False,False,False,False
1950,Hyundai Xcent 1.2 VTVT S,2019.0,600000,80000.0,False,False,False,False,True,False,True,False,False,True,True,False,False,False,False
1951,Hyundai Creta 1.6 CRDi SX Plus,2018.0,1250000,30000.0,False,True,False,False,False,False,True,False,False,True,True,False,False,False,False
1952,Maruti Swift VDI BSIV,2011.0,270000,120000.0,False,True,False,False,False,False,True,False,False,True,True,False,False,False,False
1953,Skoda Laura Ambiente 2.0 TDI CR MT,2012.0,400000,110000.0,False,True,False,False,False,False,True,False,False,True,True,False,False,False,False
1954,Ford Fiesta 1.4 ZXi Leather,2007.0,100000,170000.0,False,False,False,False,True,False,True,False,False,True,True,False,False,False,False
1955,Audi A6 2.7 TDI,2010.0,850000,46000.0,False,True,False,False,False,False,True,False,True,False,True,False,False,False,False
1956,Maruti Swift Dzire ZDI,2015.0,470000,91365.0,False,True,False,False,False,True,False,False,False,True,True,False,False,False,False
1957,Maruti Ertiga VDI,2013.0,250999,80000.0,False,True,False,False,False,False,True,False,False,True,True,False,False,False,False
1958,Maruti Swift Dzire VDI,2013.0,495000,31800.0,False,True,False,False,False,True,False,False,False,True,True,False,False,False,False
1959,Maruti Wagon R CNG LXI,2013.0,310000,59100.0,True,False,False,False,False,True,False,False,False,True,True,False,False,False,False
1960,Honda Jazz 1.2 V i VTEC,2016.0,540000,31200.0,False,False,False,False,True,True,False,False,False,True,True,False,False,False,False
1961,Maruti Ciaz VDi Plus SHVS,2016.0,665000,51000.0,False,True,False,False,False,True,False,False,False,True,True,False,False,False,False
1962,Audi A4 2.0 TDI,2011.0,1295000,58000.0,False,True,False,False,False,True,False,False,True,False,True,False,False,False,False
1963,Maruti Ciaz VDI SHVS,2016.0,675000,50900.0,False,True,False,False,False,True,False,False,False,True,True,False,False,False,False
1964,Maruti Vitara Brezza ZDi Plus Dual Tone,2018.0,980000,10000.0,False,True,False,False,False,False,True,False,False,True,True,False,False,False,False
1965,Chevrolet Beat Diesel LS,2014.0,320000,60000.0,False,True,False,False,False,False,True,False,False,True,True,False,False,False,False
1966,Maruti Baleno Zeta 1.3,2016.0,600000,72000.0,False,True,False,False,False,False,True,False,False,True,True,False,False,False,False
1967,Hyundai Xcent 1.2 Kappa S,2016.0,300000,96000.0,False,False,False,False,True,False,True,False,False,True,True,False,False,False,False
1968,Chevrolet Beat Diesel LS,2014.0,305000,66000.0,False,True,False,False,False,False,True,False,False,True,True,False,False,False,False
1970,Maruti Wagon R LXI Minor,2009.0,106000,70000.0,False,False,False,False,True,False,True,False,False,True,True,False,False,False,False
1971,Tata Tiago 1.2 Revotron XZ,2019.0,539000,2417.0,False,False,False,False,True,False,True,False,False,True,True,False,False,False,False
1973,Mahindra Scorpio BSIV,2018.0,707000,60000.0,False,True,False,False,False,False,True,False,False,True,True,False,False,False,False
1974,Maruti Eeco CNG 5 Seater AC BSIV,2020.0,495000,7000.0,True,False,False,False,False,False,True,False,False,True,True,False,False,False,False
1975,Tata Indigo TDI,2012.0,200000,35000.0,False,True,False,False,False,False,True,False,False,True,True,False,False,False,False
1977,Volkswagen Polo 1.2 MPI Highline,2014.0,425000,40000.0,False,False,False,False,True,False,True,False,False,True,True,False,False,False,False
1978,Maruti S-Cross Delta DDiS 200 SH,2019.0,950000,10000.0,False,True,False,False,False,False,True,False,False,True,True,False,False,False,False
1979,Maruti Swift Dzire VDI,2015.0,535000,80000.0,False,True,False,False,False,False,True,False,False,True,True,False,False,False,False
1980,Volkswagen Vento Diesel Trendline,2011.0,325000,70000.0,False,True,False,False,False,False,True,False,False,True,True,False,False,False,False
1981,Tata New Safari DICOR 2.2 EX 4x2,2010.0,350000,100000.0,False,True,False,False,False,False,True,False,False,True,True,False,False,False,False
1982,Chevrolet Cruze LTZ,2011.0,345000,65500.0,False,True,False,False,False,False,True,False,False,True,True,False,False,False,False
1983,Mahindra Scorpio 1.99 S10,2016.0,1025000,70000.0,False,True,False,False,False,False,True,False,False,True,True,False,False,False,False
1984,Maruti Alto 800 LXI,2012.0,120000,50000.0,False,False,False,False,True,False,True,False,False,True,True,False,False,False,False
1985,Maruti Celerio VXI,2016.0,340000,56000.0,False,False,False,False,True,True,False,False,False,True,True,False,False,False,False
1986,Maruti Alto LX,2006.0,150000,140300.0,False,False,False,False,True,False,True,False,False,True,True,False,False,False,False
1987,Maruti Alto K10 2010-2014 VXI,2010.0,115999,70000.0,False,False,False,False,True,False,True,False,False,True,True,False,False,False,False
1995,Mahindra XUV500 W8 2WD,2014.0,750000,41988.0,False,True,False,False,False,True,False,False,False,True,True,False,False,False,False
1996,Renault KWID Climber 1.0 AMT BSIV,2017.0,350000,7658.0,False,True,False,False,False,True,False,False,True,False,True,False,False,False,False
1998,Maruti Swift Dzire VDI,2017.0,611000,60000.0,False,True,False,False,False,True,False,False,False,True,True,False,False,False,False
2000,Hyundai EON 1.0 Era Plus,2012.0,225000,48000.0,False,False,False,False,True,True,False,False,False,True,True,False,False,False,False
2004,Maruti Zen Estilo LXI BSIII,2007.0,275000,10211.0,False,False,False,False,True,False,True,False,False,True,True,False,False,False,False
2005,Maruti Celerio ZDi,2015.0,350000,120000.0,False,True,False,False,False,False,True,False,False,True,True,False,False,False,False
2006,Maruti Celerio ZXI,2017.0,409999,35000.0,False,False,False,False,True,False,True,False,False,True,True,False,False,False,False
2007,Hyundai Verna 1.6 SX,2012.0,500000,130000.0,False,True,False,False,False,False,True,False,False,True,True,False,False,False,False
2008,Maruti Swift Dzire ZXI Plus,2017.0,800000,15000.0,False,False,False,False,True,False,True,False,False,True,True,False,False,False,False
2009,Mahindra Scorpio SLE BSIV,2012.0,525000,145000.0,False,True,False,False,False,False,True,False,False,True,True,False,False,False,False
2010,Datsun GO Plus Remix Limited Edition,2016.0,300000,35000.0,False,False,False,False,True,False,True,False,False,True,True,False,False,False,False
2011,Mahindra Bolero Power Plus Plus AC BSIV PS,2018.0,800000,35000.0,False,True,False,False,False,False,True,False,False,True,True,False,False,False,False
2012,Maruti 800 AC,2013.0,100000,80000.0,False,False,False,False,True,False,True,False,False,True,True,False,False,False,False
2014,Maruti Alto 800 LXI,2015.0,265000,32933.0,False,False,False,False,True,True,False,False,False,True,True,False,False,False,False
2015,Maruti Wagon R LXI,2008.0,175000,54551.0,False,False,False,False,True,True,False,False,False,True,True,False,False,False,False
2016,Maruti Omni 8 Seater BSIV,2014.0,250999,57112.0,False,False,False,False,True,True,False,False,False,True,True,False,False,False,False
2017,Hyundai Xcent 1.2 VTVT S AT,2015.0,471000,41025.0,False,False,False,False,True,True,False,False,True,False,True,False,False,False,False
2018,Maruti Swift Dzire LDI,2019.0,650000,5000.0,False,True,False,False,False,False,True,False,False,True,True,False,False,False,False
2019,Maruti Swift Dzire LDI,2019.0,650000,60000.0,False,True,False,False,False,False,True,False,False,True,True,False,False,False,False
2020,Maruti Alto 800 LXI CNG,2013.0,245000,64111.0,True,False,False,False,False,True,False,False,False,True,True,False,False,False,False
2021,Maruti Ritz LXi,2011.0,221000,78892.0,False,False,False,False,True,True,False,False,False,True,True,False,False,False,False
2022,Hyundai i20 1.2 Asta,2011.0,271000,74113.0,False,False,False,False,True,True,False,False,False,True,True,False,False,False,False
2023,Maruti Wagon R VXI,2012.0,290000,80000.0,False,False,False,False,True,True,False,False,False,True,True,False,False,False,False
2024,Maruti Swift VXi BSIV,2017.0,525000,39000.0,False,False,False,False,True,True,False,False,False,True,True,False,False,False,False
2025,Volkswagen Vento 1.6 Highline,2012.0,377000,84775.0,False,False,False,False,True,True,False,False,False,True,True,False,False,False,False
2026,Tata Nano LX SE,2012.0,95000,20778.0,False,False,False,False,True,True,False,False,False,True,True,False,False,False,False
2027,Honda Amaze S i-Vtech,2015.0,450000,43192.0,False,False,False,False,True,True,False,False,False,True,True,False,False,False,False
2028,Tata Nano Twist XE,2014.0,140000,44416.0,False,False,False,False,True,True,False,False,False,True,True,False,False,False,False
2029,Maruti Ciaz VDi Plus SHVS,2016.0,701000,60000.0,False,True,False,False,False,True,False,False,False,True,True,False,False,False,False
2030,Maruti Baleno Delta Automatic,2018.0,520000,50000.0,False,False,False,False,True,False,True,False,True,False,True,False,False,False,False
2031,Ford Figo Aspire 1.5 TDCi Ambiente ABS,2017.0,550000,100000.0,False,True,False,False,False,False,True,False,False,True,True,False,False,False,False
2032,Renault Pulse RxZ,2015.0,420000,100000.0,False,True,False,False,False,False,True,False,False,True,True,False,False,False,False
2033,Mahindra XUV500 W7 BSIV,2018.0,1150000,20000.0,False,True,False,False,False,False,True,False,False,True,True,False,False,False,False
2034,Maruti Ciaz 1.4 Zeta,2017.0,680000,46000.0,False,False,False,False,True,False,True,False,False,True,True,False,False,False,False
2035,Maruti Swift VDI,2012.0,425000,40000.0,False,True,False,False,False,False,True,False,False,True,True,False,False,False,False
2036,Volkswagen Jetta 1.4 TSI Comfortline,2017.0,936999,60800.0,False,False,False,False,True,False,True,False,False,True,True,False,False,False,False
2037,Maruti 800 AC,2007.0,80000,120000.0,False,False,False,False,True,False,True,False,False,True,True,False,False,False,False
2038,Tata Nano CX,2014.0,55000,40000.0,False,False,False,False,True,False,True,False,False,True,True,False,False,False,False
2039,Maruti Alto 800 LXI,2019.0,210000,20000.0,False,False,False,False,True,False,True,False,False,True,True,False,False,False,False
2040,Tata Tiago 1.05 Revotorq XM,2017.0,260000,50000.0,False,True,False,False,False,False,True,False,False,True,True,False,False,False,False
2041,Tata Zest Quadrajet 1.3,2016.0,250000,60000.0,False,True,False,False,False,False,True,False,False,True,True,False,False,False,False
2042,Tata Indica Vista Aqua TDI BSIII,2008.0,80000,90000.0,False,True,False,False,False,False,True,False,False,True,True,False,False,False,False
2043,Toyota Innova 2.5 GX (Diesel) 8 Seater,2014.0,500000,100000.0,False,True,False,False,False,False,True,False,False,True,True,False,False,False,False
2045,Chevrolet Cruze LTZ,2015.0,1000000,3600.0,False,True,False,False,False,True,False,False,False,True,True,False,False,False,False
2046,Ford Figo Aspire 1.2 Ti-VCT Titanium Plus,2015.0,530000,14272.0,False,False,False,False,True,True,False,False,False,True,True,False,False,False,False
2052,Hyundai Santro LP zipPlus,2003.0,75000,57000.0,False,False,False,False,True,False,True,False,False,True,True,False,False,False,False
2055,Hyundai i20 Magna 1.2,2015.0,540000,60000.0,False,False,False,False,True,False,True,False,False,True,True,False,False,False,False
2057,Maruti SX4 VDI,2011.0,320000,100000.0,False,True,False,False,False,False,True,False,False,True,True,False,False,False,False
2058,Honda Amaze S i-DTEC,2016.0,475000,90000.0,False,True,False,False,False,False,True,False,False,True,True,False,False,False,False
2063,Maruti 800 AC,2014.0,60000,70000.0,False,False,False,False,True,False,True,False,False,True,True,False,False,False,False
2067,Chevrolet Enjoy 1.3 TCDi LS 8,2013.0,425000,20000.0,False,True,False,False,False,True,False,False,False,True,True,False,False,False,False
2071,Tata Indica GLS BS IV,2008.0,70000,60000.0,False,False,False,False,True,False,True,False,False,True,True,False,False,False,False
2072,Chevrolet Sail Hatchback 1.3 TCDi,2015.0,281000,40000.0,False,True,False,False,False,False,True,False,False,True,True,False,False,False,False
2073,Tata Indigo Grand Dicor,2013.0,211000,80000.0,False,True,False,False,False,False,True,False,False,True,True,False,False,False,False
2074,Hyundai Elite i20 Petrol Magna Exective,2018.0,550000,11000.0,False,False,False,False,True,False,True,False,False,True,True,False,False,False,False
2075,Chevrolet Enjoy TCDi LT 8 Seater,2014.0,350000,110000.0,False,True,False,False,False,False,True,False,False,True,True,False,False,False,False
2076,Maruti Wagon R VXI AMT,2017.0,420000,19890.0,False,False,False,False,True,True,False,False,True,False,True,False,False,False,False
2077,Renault KWID RXT,2015.0,270000,20969.0,False,False,False,False,True,False,True,False,False,True,True,False,False,False,False
2078,Maruti Celerio VXI,2016.0,399000,20194.0,False,False,False,False,True,True,False,False,False,True,True,False,False,False,False
2079,Ford Figo Trend,2016.0,440000,34982.0,False,False,False,False,True,True,False,False,False,True,True,False,False,False,False
2080,Hyundai EON Magna,2012.0,250000,44588.0,False,False,False,False,True,True,False,False,False,True,True,False,False,False,False
2081,Ford Ecosport 1.5 Diesel Titanium,2016.0,650000,57904.0,False,True,False,False,False,True,False,False,False,True,True,False,False,False,False
2082,Maruti Alto K10 VXI,2015.0,270000,59258.0,False,False,False,False,True,True,False,False,False,True,True,False,False,False,False
2083,Ford Figo Trend,2016.0,390000,60826.0,False,False,False,False,True,True,False,False,False,True,True,False,False,False,False
2084,Mahindra XUV500 W10 2WD,2014.0,1500000,50000.0,False,True,False,False,False,False,True,False,False,True,True,False,False,False,False
2085,Maruti 800 AC,2014.0,225000,35000.0,False,False,False,False,True,False,True,False,False,True,True,False,False,False,False
2086,Hyundai Tucson 2.0 e-VGT 2WD AT GL,2018.0,1600000,40000.0,False,True,False,False,False,False,True,False,True,False,True,False,False,False,False
2087,Tata Nexon 1.2 Revotron XZ Plus Dual Tone,2019.0,800000,10000.0,False,False,False,False,True,False,True,False,False,True,True,False,False,False,False
2088,Honda Amaze E i-Dtech,2013.0,320000,50000.0,False,True,False,False,False,False,True,False,False,True,True,False,False,False,False
2089,Maruti Alto 800 LXI,2016.0,300000,25000.0,False,False,False,False,True,False,True,False,False,True,True,False,False,False,False
2090,Hyundai i20 1.2 Asta Dual Tone,2018.0,740000,25000.0,False,False,False,False,True,False,True,False,False,True,True,False,False,False,False
2091,Datsun RediGO SV 1.0,2019.0,350000,1300.0,False,False,False,False,True,False,True,False,False,True,True,False,False,False,False
2092,Datsun GO T BSIV,2014.0,280000,40000.0,False,False,False,False,True,False,True,False,False,True,True,False,False,False,False
2093,Maruti Swift Dzire AMT VDI,2018.0,675000,50000.0,False,True,False,False,False,False,True,False,True,False,True,False,False,False,False
2094,Hyundai i10 Era 1.1 iTech SE,2011.0,300000,20000.0,False,False,False,False,True,False,True,False,False,True,True,False,False,False,False
2095,Tata New Safari 3L Dicor LX 4x2,2008.0,300000,120000.0,False,True,False,False,False,False,True,False,False,True,True,False,False,False,False
2096,Maruti Wagon R VXI Minor,2010.0,170000,70000.0,False,False,False,False,True,False,True,False,False,True,True,False,False,False,False
2097,Tata Nano Twist XT,2015.0,82000,19000.0,False,False,False,False,True,False,True,False,False,True,True,False,False,False,False
2098,Mahindra TUV 300 T8,2016.0,690000,75000.0,False,True,False,False,False,False,True,False,False,True,True,False,False,False,False
2099,Hyundai Grand i10 CRDi Asta,2015.0,300000,70000.0,False,True,False,False,False,False,True,False,False,True,True,False,False,False,False
2100,Honda BRV i-DTEC V MT,2017.0,1250000,30000.0,False,True,False,False,False,False,True,False,False,True,True,False,False,False,False
2101,Hyundai Verna CRDi 1.6 EX,2017.0,799000,31707.0,False,True,False,False,False,False,True,False,False,True,True,False,False,False,False
2102,Toyota Fortuner 3.0 Diesel,2010.0,1000000,180000.0,False,True,False,False,False,False,True,False,False,True,True,False,False,False,False
2103,Mahindra Verito 1.5 D2 BSIII,2014.0,250000,30000.0,False,True,False,False,False,False,True,False,False,True,True,False,False,False,False
2104,Hyundai Verna 1.6 i ABS,2009.0,200000,60000.0,False,False,False,False,True,False,True,False,False,True,True,False,False,False,False
2108,Renault Duster 85PS Diesel RxL,2016.0,700000,160000.0,False,True,False,False,False,False,True,False,False,True,True,False,False,False,False
2109,Maruti Swift ZDi BSIV,2016.0,520000,41000.0,False,True,False,False,False,False,True,False,False,True,True,False,False,False,False
2110,Tata Indigo LS,2012.0,150000,90000.0,False,True,False,False,False,False,True,False,False,True,True,False,False,False,False
2111,Hyundai i10 Magna 1.1,2008.0,120000,90000.0,False,False,False,False,True,False,True,False,False,True,True,False,False,False,False
2112,Hyundai i20 Asta Option 1.2,2016.0,600000,25000.0,False,False,False,False,True,False,True,False,False,True,True,False,False,False,False
2113,Volkswagen Vento Petrol Highline,2011.0,400000,60000.0,False,False,False,False,True,False,True,False,False,True,True,False,False,False,False
2114,Maruti Baleno Alpha 1.2,2015.0,550000,30000.0,False,False,False,False,True,False,True,False,False,True,True,False,False,False,False
2115,Hyundai i20 Asta Option 1.4 CRDi,2016.0,550000,60000.0,False,True,False,False,False,False,True,False,False,True,True,False,False,False,False
2116,Hyundai Grand i10 CRDi Magna,2013.0,320000,73000.0,False,True,False,False,False,False,True,False,False,True,True,False,False,False,False
2118,Renault KWID RXT,2018.0,360000,60000.0,False,False,False,False,True,False,True,False,False,True,True,False,False,False,False
2119,Hyundai i20 1.4 Sportz,2017.0,655000,60000.0,False,True,False,False,False,True,False,False,False,True,True,False,False,False,False
2120,Chevrolet Beat LT LPG,2011.0,200000,110000.0,False,False,False,True,False,False,True,False,False,True,True,False,False,False,False
2121,Renault Duster 85PS Diesel RxL Optional,2012.0,375000,150000.0,False,True,False,False,False,False,True,False,False,True,True,False,False,False,False
2122,Hyundai Verna 1.6 SX,2012.0,470000,109052.0,False,True,False,False,False,True,False,False,False,True,True,False,False,False,False
2123,Maruti Ciaz VDi,2015.0,550000,90658.0,False,True,False,False,False,True,False,False,False,True,True,False,False,False,False
2124,Datsun GO T Option BSIV,2015.0,210000,25000.0,False,False,False,False,True,False,True,False,False,True,True,False,False,False,False
2127,Mercedes-Benz E-Class E250 Edition E,2013.0,1451000,81000.0,False,True,False,False,False,True,False,False,True,False,True,False,False,False,False
2129,Hyundai Verna SX AT Diesel,2009.0,245000,75000.0,False,True,False,False,False,True,False,False,True,False,True,False,False,False,False
2130,Hyundai EON Magna Plus,2018.0,300000,20000.0,False,False,False,False,True,False,True,False,False,True,True,False,False,False,False
2131,Hyundai Xcent 1.2 CRDi E,2017.0,350000,80000.0,False,True,False,False,False,False,True,False,False,True,True,False,False,False,False
2132,Hyundai Elite i20 Asta Option CVT BSIV,2017.0,635000,25000.0,False,False,False,False,True,True,False,False,True,False,True,False,False,False,False
2133,Honda City S,2012.0,325000,40700.0,False,False,False,False,True,False,True,False,False,True,True,False,False,False,False
2134,Mahindra XUV500 AT W10 1.99 mHawk,2017.0,1150000,65500.0,False,True,False,False,False,True,False,False,True,False,True,False,False,False,False
2135,Tata Indigo GLE BSIII,2008.0,110000,42000.0,False,False,False,False,True,True,False,False,False,True,True,False,False,False,False
2136,Honda City 1.5 V MT,2018.0,890000,8000.0,False,False,False,False,True,True,False,False,False,True,True,False,False,False,False
2138,Maruti Ciaz ZXi Plus,2016.0,750000,6000.0,False,True,False,False,False,True,False,False,False,True,True,False,False,False,False
2140,Maruti Baleno Alpha 1.2,2018.0,690000,11174.0,False,False,False,False,True,True,False,False,False,True,True,False,False,False,False
2141,Tata Indigo GLS,2008.0,130000,120000.0,False,False,False,False,True,False,True,False,False,True,True,False,False,False,False
2142,Hyundai Elantra 2.0 SX AT,2018.0,1575000,10000.0,False,True,False,False,False,False,True,False,True,False,True,False,False,False,False
2143,Nissan Sunny Diesel XV,2013.0,325000,105000.0,False,True,False,False,False,False,True,False,False,True,True,False,False,False,False
2144,Maruti S-Cross Sigma DDiS 200 SH,2017.0,690000,41000.0,False,True,False,False,False,False,True,False,False,True,True,False,False,False,False
2145,Hyundai Elantra CRDi S,2013.0,650000,54000.0,False,True,False,False,False,True,False,False,False,True,True,False,False,False,False
2146,Chevrolet Sail LS ABS,2014.0,375000,40000.0,False,True,False,False,False,False,True,False,False,True,True,False,False,False,False
2147,Hyundai Verna 1.6 SX CRDi (O),2013.0,525000,71000.0,False,True,False,False,False,True,False,False,False,True,True,False,False,False,False
2148,Maruti Eeco Smiles 5 Seater AC,2016.0,330000,72500.0,False,False,False,False,True,True,False,False,False,True,True,False,False,False,False
2149,Maruti Eeco Smiles 5 Seater AC,2013.0,280000,76600.0,False,False,False,False,True,False,True,False,False,True,True,False,False,False,False
2150,Maruti Swift ZXI,2014.0,470000,60000.0,False,False,False,False,True,False,True,False,False,True,True,False,False,False,False
2151,Volkswagen Polo Diesel Trendline 1.2L,2011.0,350000,110000.0,False,True,False,False,False,False,True,False,False,True,True,False,False,False,False
2152,Honda City 1.5 V Elegance,2012.0,480000,63000.0,False,False,False,False,True,True,False,False,False,True,True,False,False,False,False
2153,Hyundai Verna 1.6 CRDi SX,2016.0,620000,60000.0,False,True,False,False,False,False,True,False,False,True,True,False,False,False,False
2154,Datsun GO T BSIV,2014.0,250000,58000.0,False,False,False,False,True,False,True,False,False,True,True,False,False,False,False
2155,Hyundai i20 Magna Optional 1.4 CRDi,2012.0,350000,80000.0,False,True,False,False,False,False,True,False,False,True,True,False,False,False,False
2156,Volkswagen Vento 1.5 TDI Highline,2015.0,465000,130000.0,False,True,False,False,False,False,True,False,False,True,True,False,False,False,False
2157,Maruti Wagon R VXI BS IV,2018.0,425000,15000.0,False,False,False,False,True,False,True,False,False,True,True,False,False,False,False
2159,Hyundai EON Sportz,2016.0,340000,30000.0,False,False,False,False,True,False,True,False,False,True,True,False,False,False,False
2160,Maruti Swift Dzire ZXI,2016.0,620000,35000.0,False,False,False,False,True,False,True,False,False,True,True,False,False,False,False
2161,Tata Manza Club Class Quadrajet90 EX,2012.0,270000,60000.0,False,True,False,False,False,False,True,False,False,True,True,False,False,False,False
2162,Tata Tiago 1.05 Revotorq XZ Plus,2018.0,400000,35000.0,False,True,False,False,False,False,True,False,False,True,True,False,False,False,False
2163,Maruti Wagon R VXI Optional,2015.0,260000,40000.0,False,False,False,False,True,False,True,False,False,True,True,False,False,False,False
2164,Nissan Terrano XL Plus 85 PS,2015.0,490000,70000.0,False,True,False,False,False,False,True,False,False,True,True,False,False,False,False
2165,Hyundai EON Era Plus,2013.0,160000,80000.0,False,False,False,False,True,False,True,False,False,True,True,False,False,False,False
2166,Maruti Alto 800 LXI,2019.0,190000,5000.0,False,False,False,False,True,False,True,False,False,True,True,False,False,False,False
2170,Fiat Linea T Jet Plus,2011.0,500000,20000.0,False,False,False,False,True,False,True,False,False,True,True,False,False,False,False
2171,Toyota Fortuner 4x2 AT,2014.0,1800000,99000.0,False,True,False,False,False,False,True,False,True,False,True,False,False,False,False
2172,Honda Civic 1.8 V MT,2008.0,320000,90000.0,False,False,False,False,True,False,True,False,False,True,True,False,False,False,False
2173,Honda Civic 1.8 S AT,2007.0,250000,47000.0,False,False,False,False,True,True,False,False,True,False,True,False,False,False,False
2174,Hyundai i20 Active 1.2 SX,2018.0,550000,20000.0,False,False,False,False,True,False,True,False,False,True,True,False,False,False,False
2175,Hyundai Grand i10 1.2 Kappa Sportz AT,2019.0,600000,1100.0,False,False,False,False,True,False,True,False,True,False,True,False,False,False,False
2176,Maruti Alto 800 VXI,2020.0,210000,40000.0,False,False,False,False,True,False,True,False,False,True,True,False,False,False,False
2177,Maruti Alto 800 LXI Airbag,2012.0,210000,15000.0,False,False,False,False,True,False,True,False,False,True,True,False,False,False,False
2178,Maruti Alto LXi,2009.0,150000,40000.0,False,False,False,False,True,False,True,False,False,True,True,False,False,False,False
2179,Hyundai i10 Era 1.1,2008.0,125000,60000.0,False,False,False,False,True,False,True,False,False,True,True,False,False,False,False
2180,Maruti Celerio VXI,2016.0,380000,20000.0,False,False,False,False,True,False,True,False,False,True,True,False,False,False,False
2181,Maruti Baleno Delta 1.2,2019.0,600000,5000.0,False,False,False,False,True,False,True,False,False,True,True,False,False,False,False
2182,Maruti Swift VXI Deca,2016.0,490000,27000.0,False,False,False,False,True,False,True,False,False,True,True,False,False,False,False
2183,Hyundai Venue SX Opt Turbo BSIV,2020.0,1050000,1100.0,False,False,False,False,True,False,True,False,False,True,True,False,False,False,False
2184,Maruti Wagon R LX Minor,2007.0,100000,100000.0,False,False,False,False,True,False,True,False,False,True,True,False,False,False,False
2185,Maruti Wagon R LX BSIII,2007.0,100000,110000.0,False,False,False,False,True,False,True,False,False,True,True,False,False,False,False
2186,Ford Figo Aspire 1.5 Ti-VCT Titanium,2017.0,570000,44077.0,False,False,False,False,True,True,False,False,True,False,True,False,False,False,False
2187,Maruti Ertiga SHVS VDI,2017.0,785000,24000.0,False,True,False,False,False,False,True,False,False,True,True,False,False,False,False
2188,Maruti Ciaz S 1.3,2018.0,850000,30000.0,False,True,False,False,False,False,True,False,False,True,True,False,False,False,False
2189,Maruti Baleno Alpha 1.2,2017.0,619000,40000.0,False,False,False,False,True,False,True,False,False,True,True,False,False,False,False
2190,Toyota Innova 2.5 G (Diesel) 8 Seater BS IV,2006.0,500000,50000.0,False,True,False,False,False,False,True,False,False,True,True,False,False,False,False
2191,Mahindra Ingenio CRDe,2014.0,210000,210000.0,False,True,False,False,False,False,True,False,False,True,True,False,False,False,False
2192,Toyota Innova Crysta 2.4 VX MT 8S BSIV,2019.0,1900000,20000.0,False,True,False,False,False,False,True,False,False,True,True,False,False,False,False
2193,Chevrolet Beat Diesel LT,2013.0,173000,70000.0,False,True,False,False,False,False,True,False,False,True,True,False,False,False,False
2194,BMW 5 Series 520d Luxury Line,2018.0,4800000,9422.0,False,True,False,False,False,False,True,False,True,False,True,False,False,False,False
2195,Volkswagen Vento 1.5 Highline Plus AT 16 Alloy,2017.0,710000,110000.0,False,True,False,False,False,False,True,False,True,False,True,False,False,False,False
2196,Toyota Corolla Altis 1.8 GL,2019.0,1500000,20000.0,False,False,False,False,True,False,True,False,False,True,True,False,False,False,False
2197,Maruti Baleno Zeta 1.2,2017.0,550000,20000.0,False,False,False,False,True,False,True,False,False,True,True,False,False,False,False
2198,Mahindra Scorpio M2DI,2013.0,500000,150000.0,False,True,False,False,False,False,True,False,False,True,True,False,False,False,False
2199,Toyota Innova 2.5 EV Diesel PS 7 Seater BSIII,2012.0,300000,250000.0,False,True,False,False,False,False,True,False,False,True,True,False,False,False,False
2200,Hyundai EON Era Plus,2018.0,300000,30000.0,False,False,False,False,True,False,True,False,False,True,True,False,False,False,False
2201,Datsun GO Plus T Option BSIV,2015.0,295000,21000.0,False,False,False,False,True,False,True,False,False,True,True,False,False,False,False
2202,Maruti Ertiga VXI CNG,2018.0,587000,80000.0,True,False,False,False,False,False,True,False,False,True,True,False,False,False,False
2203,Maruti Wagon R LXI BS IV,2014.0,300000,50000.0,False,True,False,False,False,False,True,False,False,True,True,False,False,False,False
2204,Volkswagen CrossPolo 1.2 MPI,2016.0,350000,110000.0,False,False,False,False,True,False,True,False,False,True,True,False,False,False,False
2205,Maruti Ertiga VXI Petrol,2018.0,800000,50000.0,False,False,False,False,True,False,True,False,False,True,True,False,False,False,False
2206,Hyundai Xcent 1.1 CRDi S,2016.0,270000,175000.0,False,True,False,False,False,False,True,False,False,True,True,False,False,False,False
2207,Hyundai i20 1.2 Magna Executive,2017.0,540000,60000.0,False,False,False,False,True,False,True,False,False,True,True,False,False,False,False
2208,Volkswagen Vento Diesel Style Limited Edition,2011.0,300000,100000.0,False,True,False,False,False,False,True,False,False,True,True,False,False,False,False
2209,Maruti Ritz VDi,2013.0,330000,63000.0,False,True,False,False,False,False,True,False,False,True,True,False,False,False,False
2210,Maruti Swift Dzire VDI,2013.0,250000,55000.0,False,True,False,False,False,False,True,False,False,True,True,False,False,False,False
2211,Maruti Swift Star VDI,2013.0,250000,55000.0,False,True,False,False,False,False,True,False,False,True,True,False,False,False,False
2212,Chevrolet Beat LT Option,2015.0,240000,60000.0,False,False,False,False,True,False,True,False,False,True,True,False,False,False,False
2213,Hyundai Grand i10 1.2 Kappa Magna BSIV,2020.0,545000,5000.0,False,False,False,False,True,False,True,False,False,True,True,False,False,False,False
2214,Hyundai i10 Magna 1.1 iTech SE,2015.0,300000,48000.0,False,False,False,False,True,True,False,False,False,True,True,False,False,False,False
2215,Renault KWID RXT,2014.0,240000,50000.0,False,False,False,False,True,False,True,False,False,True,True,False,False,False,False
2216,Renault KWID 1.0 RXT Optional,2018.0,360000,15000.0,False,False,False,False,True,False,True,False,False,True,True,False,False,False,False
2217,Hyundai i20 1.4 CRDi Magna,2012.0,250000,70000.0,False,True,False,False,False,False,True,False,False,True,True,False,False,False,False
2218,Skoda Laura Elegance 2.0 TDI CR AT,2019.0,475000,105000.0,False,True,False,False,False,True,False,False,True,False,True,False,False,False,False
2219,Ford EcoSport 1.5 Diesel Trend BSIV,2017.0,700000,50000.0,False,True,False,False,False,False,True,False,False,True,True,False,False,False,False
2220,Mahindra XUV500 W6 2WD,2016.0,1290000,5000.0,False,True,False,False,False,False,True,False,False,True,True,False,False,False,False
2223,Maruti Celerio ZXI AMT BSIV,2018.0,500000,10000.0,False,False,False,False,True,False,True,False,True,False,True,False,False,False,False
2224,Honda City i VTEC V,2015.0,800000,10000.0,False,False,False,False,True,False,True,False,False,True,True,False,False,False,False
2225,Maruti Wagon R LXI Minor,2008.0,150000,50000.0,False,False,False,False,True,False,True,False,False,True,True,False,False,False,False
2226,Maruti Zen Estilo VXI BSIII,2008.0,80000,120000.0,False,False,False,False,True,False,True,False,False,True,True,False,False,False,False
2227,Tata Nano Cx BSIII,2010.0,70000,10000.0,False,False,False,False,True,False,True,False,False,True,True,False,False,False,False
2228,Hyundai Santro Xing XO,2006.0,80000,110000.0,False,False,False,False,True,False,True,False,False,True,True,False,False,False,False
2229,Hyundai i10 Era,2013.0,265000,50000.0,False,False,False,False,True,False,True,False,False,True,True,False,False,False,False
2230,Hyundai EON Magna Plus Option,2018.0,320000,25000.0,False,False,False,False,True,False,True,False,False,True,True,False,False,False,False
2231,Hyundai Creta 1.6 CRDi SX Option,2016.0,1300000,55000.0,False,True,False,False,False,False,True,False,False,True,True,False,False,False,False
2232,Mahindra Scorpio S11 BSIV,2018.0,1500000,35000.0,False,True,False,False,False,False,True,False,False,True,True,False,False,False,False
2233,Toyota Innova Crysta 2.8 ZX AT BSIV,2016.0,1800000,110000.0,False,True,False,False,False,False,True,False,True,False,True,False,False,False,False
2234,Tata Tiago 1.2 Revotron XT,2018.0,420000,80000.0,False,False,False,False,True,False,True,False,False,True,True,False,False,False,False
2235,Maruti Zen Estilo LXI BS IV,2009.0,140000,120000.0,False,False,False,False,True,False,True,False,False,True,True,False,False,False,False
2236,Maruti Alto K10 VXI,2017.0,350000,25000.0,False,False,False,False,True,True,False,False,False,True,True,False,False,False,False
2237,Ford EcoSport 1.5 Ti VCT MT Titanium BE BSIV,2018.0,850000,19000.0,False,False,False,False,True,False,True,False,False,True,True,False,False,False,False
2238,Maruti Alto LX,2008.0,140000,54000.0,False,False,False,False,True,True,False,False,False,True,True,False,False,False,False
2239,Hyundai Grand i10 Asta Option AT,2017.0,525000,19000.0,False,False,False,False,True,True,False,False,True,False,True,False,False,False,False
2240,Ford Ecosport 1.5 DV5 MT Titanium,2015.0,470000,146000.0,False,True,False,False,False,True,False,False,False,True,True,False,False,False,False
2241,Ford Endeavour 3.0L 4X4 AT,2013.0,900000,98000.0,False,True,False,False,False,True,False,False,True,False,True,False,False,False,False
2242,Mahindra Verito 1.5 D2 BSIII,2011.0,175000,175000.0,False,True,False,False,False,False,True,False,False,True,True,False,False,False,False
2243,Renault Duster 110PS Diesel RxZ,2017.0,800000,50000.0,False,True,False,False,False,False,True,False,False,True,True,False,False,False,False
2244,Datsun RediGO 1.0 S,2017.0,250000,15000.0,False,False,False,False,True,False,True,False,False,True,True,False,False,False,False
2245,Tata Nexon 1.5 Revotorq XM,2019.0,800000,25000.0,False,True,False,False,False,False,True,False,False,True,True,False,False,False,False
2246,Mahindra XUV500 W6 2WD,2013.0,660000,60000.0,False,True,False,False,False,False,True,False,False,True,True,False,False,False,False
2247,Ford Fiesta 1.4 ZXi Duratec,2010.0,150000,110000.0,False,False,False,False,True,False,True,False,False,True,True,False,False,False,False
2248,Hyundai Elite i20 Sportz Plus BSIV,2019.0,721000,10000.0,False,False,False,False,True,False,True,False,False,True,True,False,False,False,False
2249,Maruti Swift 1.2 DLX,2018.0,300000,35000.0,False,False,False,False,True,False,True,False,False,True,True,False,False,False,False
2250,Mahindra Scorpio BSIV,2019.0,1000000,10000.0,False,True,False,False,False,False,True,False,False,True,True,False,False,False,False
2251,Renault KWID RXT,2016.0,300000,60000.0,False,False,False,False,True,False,True,False,False,True,True,False,False,False,False
2252,Mahindra Scorpio LX,2013.0,450000,120000.0,False,True,False,False,False,False,True,False,False,True,True,False,False,False,False
2253,Maruti Esteem AX,1997.0,79000,70000.0,False,False,False,False,True,False,True,False,True,False,True,False,False,False,False
2254,Ford Figo 1.5D Trend MT,2017.0,545000,40000.0,False,True,False,False,False,False,True,False,False,True,True,False,False,False,False
2255,Honda Amaze V Diesel BSIV,2018.0,844999,20000.0,False,True,False,False,False,False,True,False,False,True,True,False,False,False,False
2256,Skoda Rapid 1.5 TDI Ambition,2016.0,700000,93000.0,False,True,False,False,False,False,True,False,False,True,True,False,False,False,False
2257,Toyota Etios VD,2016.0,650000,159000.0,False,True,False,False,False,False,True,False,False,True,True,False,False,False,False
2258,Tata Indica Vista Aqua 1.3 Quadrajet BSIV,2011.0,180000,66000.0,False,True,False,False,False,False,True,False,False,True,True,False,False,False,False
2259,Renault KWID 1.0 RXT Optional,2019.0,400000,10000.0,False,False,False,False,True,False,True,False,False,True,True,False,False,False,False
2260,Volkswagen Vento 1.5 TDI Highline,2015.0,535000,70000.0,False,True,False,False,False,False,True,False,False,True,True,False,False,False,False
2261,Maruti Swift VDI Optional,2017.0,459999,50000.0,False,True,False,False,False,False,True,False,False,True,True,False,False,False,False
2262,Mahindra Bolero DI,2010.0,300000,100000.0,False,True,False,False,False,False,True,False,False,True,True,False,False,False,False
2263,Honda Civic 1.8 V AT,2007.0,280000,60000.0,False,False,False,False,True,False,True,False,True,False,True,False,False,False,False
2264,Honda Mobilio V i VTEC,2014.0,500000,70000.0,False,False,False,False,True,False,True,False,False,True,True,False,False,False,False
2265,Hyundai Creta 1.6 SX,2019.0,1200000,1200.0,False,False,False,False,True,False,True,False,False,True,True,False,False,False,False
2266,Renault KWID RXT,2016.0,300000,40000.0,False,False,False,False,True,False,True,False,False,True,True,False,False,False,False
2267,Nissan Micra Diesel XV Premium,2011.0,160000,120000.0,False,True,False,False,False,False,True,False,False,True,True,False,False,False,False
2268,Mahindra Scorpio VLX 2WD AIRBAG BSIV,2014.0,600000,238000.0,False,True,False,False,False,False,True,False,False,True,True,False,False,False,False
2269,Mahindra Scorpio S9 BSIV,2019.0,1350000,35000.0,False,True,False,False,False,False,True,False,False,True,True,False,False,False,False
2270,Honda BR-V i-DTEC VX MT,2018.0,1040000,42000.0,False,True,False,False,False,False,True,False,False,True,True,False,False,False,False
2271,Volkswagen Ameo 1.5 TDI Highline,2017.0,720000,70000.0,False,True,False,False,False,False,True,False,False,True,True,False,False,False,False
2272,Maruti Wagon R LXI BS IV,2011.0,225000,65000.0,False,True,False,False,False,True,False,False,False,True,True,False,False,False,False
2273,Ford Figo Diesel Titanium,2012.0,300000,63700.0,False,True,False,False,False,False,True,False,False,True,True,False,False,False,False
2274,Honda Amaze VX i-DTEC,2018.0,700000,74800.0,False,True,False,False,False,False,True,False,False,True,True,False,False,False,False
2275,Renault Duster 85PS Diesel RxE,2016.0,500000,40000.0,False,True,False,False,False,False,True,False,False,True,True,False,False,False,False
2276,Maruti Swift Dzire VDI,2018.0,720000,60000.0,False,True,False,False,False,False,True,False,False,True,True,False,False,False,False
2277,Hyundai i20 1.4 Sportz,2017.0,740000,60000.0,False,True,False,False,False,False,True,False,False,True,True,False,False,False,False
2278,Maruti Baleno Alpha 1.3,2017.0,800000,90000.0,False,True,False,False,False,False,True,False,False,True,True,False,False,False,False
2279,Hyundai Verna CRDi 1.6 SX Option,2019.0,1100000,100000.0,False,True,False,False,False,False,True,False,False,True,True,False,False,False,False
2280,Tata Spacio SA 6 Seater,2009.0,210000,75000.0,False,True,False,False,False,False,True,False,False,True,True,False,False,False,False
2281,Hyundai Xcent 1.2 Kappa S,2015.0,375000,55000.0,False,False,False,False,True,False,True,False,False,True,True,False,False,False,False
2282,Mahindra Xylo D2,2010.0,300000,70000.0,False,True,False,False,False,False,True,False,False,True,True,False,False,False,False
2283,Hyundai Verna 1.4 CRDi,2014.0,550000,50000.0,False,True,False,False,False,False,True,False,False,True,True,False,False,False,False
2284,Maruti Ciaz ZDi Plus SHVS,2016.0,750000,50000.0,False,True,False,False,False,False,True,False,False,True,True,False,False,False,False
2285,Maruti Omni E MPI STD BS IV,2014.0,250000,60516.0,False,False,False,False,True,False,True,False,False,True,True,False,False,False,False
2286,Mercedes-Benz E-Class 280 CDI,2007.0,900000,76731.0,False,True,False,False,False,True,False,False,True,False,True,False,False,False,False
2287,Maruti Swift ZDI,2016.0,685000,64000.0,False,True,False,False,False,True,False,False,False,True,True,False,False,False,False
2288,Maruti Swift VDI BSIV,2014.0,540000,65000.0,False,True,False,False,False,True,False,False,False,True,True,False,False,False,False
2289,Ford Ecosport 1.5 DV5 MT Titanium Optional,2014.0,610000,77000.0,False,True,False,False,False,True,False,False,False,True,True,False,False,False,False
2290,Hyundai EON Era,2011.0,254999,24000.0,False,False,False,False,True,True,False,False,False,True,True,False,False,False,False
2291,Nissan Micra Active XV,2014.0,280000,63840.0,False,False,False,False,True,True,False,False,False,True,True,False,False,False,False
2292,Tata Tiago 1.2 Revotron XT,2017.0,370000,25000.0,False,False,False,False,True,False,True,False,False,True,True,False,False,False,False
2293,Ford EcoSport 1.5 Diesel Trend Plus BSIV,2017.0,710000,40000.0,False,True,False,False,False,False,True,False,False,True,True,False,False,False,False
2294,Hyundai Creta 1.6 SX Option,2018.0,1200000,15000.0,False,False,False,False,True,False,True,False,False,True,True,False,False,False,False
2295,Maruti Zen Estilo LXI BS IV,2011.0,229999,70000.0,False,False,False,False,True,False,True,False,False,True,True,False,False,False,False
2296,Renault KWID RXT,2018.0,310000,15000.0,False,False,False,False,True,False,True,False,False,True,True,False,False,False,False
2297,Maruti Wagon R VXI BS IV,2015.0,320000,40000.0,False,False,False,False,True,False,True,False,False,True,True,False,False,False,False
2298,Maruti 800 AC,2006.0,100000,54000.0,False,False,False,False,True,False,True,False,False,True,True,False,False,False,False
2299,Hyundai Verna CRDi,2009.0,160000,90000.0,False,True,False,False,False,False,True,False,False,True,True,False,False,False,False
2300,Maruti 800 AC BSIII,2007.0,60000,52000.0,False,False,False,False,True,False,True,False,False,True,True,False,False,False,False
2301,Renault Duster 110PS Diesel RxZ AWD,2017.0,700000,60000.0,False,True,False,False,False,False,True,False,False,True,True,False,False,False,False
2302,Maruti Alto K10 VXI,2017.0,300000,31489.0,False,False,False,False,True,False,True,False,False,True,True,False,False,False,False
2303,Hyundai i20 1.4 Asta Option,2018.0,830000,40000.0,False,True,False,False,False,False,True,False,False,True,True,False,False,False,False
2310,Toyota Innova 2.5 G (Diesel) 8 Seater BS IV,2006.0,229999,300000.0,False,True,False,False,False,False,True,False,False,True,True,False,False,False,False
2311,Hyundai Verna Transform VTVT,2010.0,229999,70000.0,False,False,False,False,True,False,True,False,False,True,True,False,False,False,False
2312,Hyundai i20 Magna Optional 1.4 CRDi,2013.0,400000,100000.0,False,True,False,False,False,False,True,False,False,True,True,False,False,False,False
2313,Ford Figo Diesel Celebration Edition,2013.0,300000,50000.0,False,True,False,False,False,False,True,False,False,True,True,False,False,False,False
2314,Tata Indica Vista Quadrajet LS,2012.0,300000,110000.0,False,True,False,False,False,False,True,False,False,True,True,False,False,False,False
2315,Maruti Baleno Zeta Automatic,2018.0,700000,26000.0,False,False,False,False,True,False,True,False,True,False,True,False,False,False,False
2316,Maruti Vitara Brezza ZDi Plus,2016.0,975000,65000.0,False,True,False,False,False,False,True,False,False,True,True,False,False,False,False
2317,Chevrolet Captiva LT,2009.0,500000,130000.0,False,True,False,False,False,False,True,False,False,True,True,False,False,False,False
2318,Maruti Alto K10 2010-2014 VXI,2014.0,240000,50000.0,False,False,False,False,True,False,True,False,False,True,True,False,False,False,False
2319,Renault KWID 1.0 RXT Optional,2017.0,280000,36000.0,False,False,False,False,True,False,True,False,False,True,True,False,False,False,False
2320,Tata Indica Vista Terra Quadrajet 1.3L BS IV,2010.0,85000,87000.0,False,True,False,False,False,False,True,False,False,True,True,False,False,False,False
2321,Tata Indica Vista Terra 1.4 TDI,2011.0,90000,80000.0,False,True,False,False,False,False,True,False,False,True,True,False,False,False,False
2322,Chevrolet Enjoy TCDi LT 8 Seater,2015.0,500000,50000.0,False,True,False,False,False,False,True,False,False,True,True,False,False,False,False
2323,Maruti 800 Std,2013.0,200000,60000.0,False,False,False,False,True,False,True,False,False,True,True,False,False,False,False
2324,Renault KWID RXT,2015.0,250000,50000.0,False,False,False,False,True,False,True,False,False,True,True,False,False,False,False
2325,Toyota Etios VXD,2015.0,610000,55000.0,False,True,False,False,False,False,True,False,False,True,True,False,False,False,False
2326,Mahindra Quanto C8,2012.0,290000,80000.0,False,True,False,False,False,False,True,False,False,True,True,False,False,False,False
2327,Mahindra Xylo E9,2012.0,300000,295000.0,False,True,False,False,False,False,True,False,False,True,True,False,False,False,False
2328,Hyundai EON Era Plus,2015.0,225000,80000.0,False,False,False,False,True,False,True,False,False,True,True,False,False,False,False
2333,Tata Tiago 1.2 Revotron XZ,2018.0,360000,4000.0,False,False,False,False,True,False,True,False,False,True,True,False,False,False,False
2336,Nissan Sunny XL,2016.0,600000,19495.0,False,False,False,False,True,True,False,False,False,True,True,False,False,False,False
2337,Renault Duster 85PS Diesel RxL Plus,2013.0,570000,62668.0,False,True,False,False,False,True,False,False,False,True,True,False,False,False,False
2338,Mahindra XUV500 W6 2WD,2013.0,850000,85710.0,False,True,False,False,False,True,False,False,False,True,True,False,False,False,False
2339,Toyota Fortuner 3.0 Diesel,2012.0,1680000,129627.0,False,True,False,False,False,True,False,False,False,True,True,False,False,False,False
2340,Chevrolet Spark 1.0 LT,2010.0,180000,15000.0,False,False,False,False,True,False,True,False,False,True,True,False,False,False,False
2341,Tata Tiago 1.2 Revotron XE,2017.0,300000,50000.0,False,False,False,False,True,False,True,False,False,True,True,False,False,False,False
2342,Maruti Alto K10 VXI,2014.0,231999,20000.0,False,False,False,False,True,False,True,False,False,True,True,False,False,False,False
2343,Hyundai Grand i10 Asta Option,2017.0,495000,5000.0,False,False,False,False,True,False,True,False,False,True,True,False,False,False,False
2344,Maruti Ciaz VXi,2014.0,700000,15000.0,False,False,False,False,True,False,True,False,False,True,True,False,False,False,False
2345,Renault Duster 85PS Diesel RxL Optional,2013.0,421000,45000.0,False,True,False,False,False,False,True,False,False,True,True,False,False,False,False
2346,Ford EcoSport 1.5 Diesel Trend BSIV,2018.0,841000,1000.0,False,True,False,False,False,False,True,False,False,True,True,False,False,False,False
2347,Hyundai i10 Magna 1.1L,2014.0,295000,38500.0,False,False,False,False,True,False,True,False,False,True,True,False,False,False,False
2348,Hyundai i10 Sportz,2011.0,220000,25000.0,False,False,False,False,True,False,True,False,False,True,True,False,False,False,False
2349,Ford Classic 1.4 Duratorq LXI,2013.0,250000,35000.0,False,True,False,False,False,False,True,False,False,True,True,False,False,False,False
2350,Hyundai Verna 1.6 VTVT,2012.0,300000,40000.0,False,False,False,False,True,False,True,False,False,True,True,False,False,False,False
2351,Hyundai EON Magna Plus,2012.0,245000,14987.0,False,False,False,False,True,True,False,False,False,True,True,False,False,False,False
2352,Ford EcoSport 1.5 TDCi Titanium BSIV,2016.0,650000,25061.0,False,True,False,False,False,True,False,False,False,True,True,False,False,False,False
2353,Ford Ecosport 1.5 Diesel Titanium,2017.0,760000,42494.0,False,True,False,False,False,True,False,False,False,True,True,False,False,False,False
2354,Honda Amaze S i-Dtech,2014.0,395000,44875.0,False,True,False,False,False,True,False,False,False,True,True,False,False,False,False
2355,Honda Jazz 1.5 S i DTEC,2016.0,495000,65000.0,False,True,False,False,False,True,False,False,False,True,True,False,False,False,False
2356,Honda Jazz 1.5 VX i DTEC,2016.0,525000,35000.0,False,True,False,False,False,True,False,False,False,True,True,False,False,False,False
2357,Toyota Innova 2.5 GX 8 STR BSIV,2009.0,420000,347089.0,False,True,False,False,False,True,False,False,False,True,True,False,False,False,False
2358,Tata New Safari DICOR 2.2 VX 4x2,2010.0,210000,34500.0,False,True,False,False,False,False,True,False,False,True,True,False,False,False,False
2359,Hyundai i20 Active 1.2 S,2018.0,650000,30000.0,False,False,False,False,True,False,True,False,False,True,True,False,False,False,False
2360,BMW 3 Series 320d Luxury Line,2018.0,2300000,39000.0,False,True,False,False,False,False,True,False,True,False,True,False,False,False,False
2361,Ford Freestyle Titanium Plus Diesel BSIV,2019.0,525000,16000.0,False,True,False,False,False,False,True,False,False,True,True,False,False,False,False
2362,Maruti Ertiga SHVS VDI,2016.0,650000,60000.0,False,True,False,False,False,False,True,False,False,True,True,False,False,False,False
2363,Mahindra TUV 300 T6 Plus,2015.0,540000,110000.0,False,True,False,False,False,False,True,False,False,True,True,False,False,False,False
2364,Maruti Alto 800 LXI,2014.0,180000,61000.0,False,False,False,False,True,False,True,False,False,True,True,False,False,False,False
2365,Mahindra Bolero Power Plus ZLX,2017.0,750000,60000.0,False,True,False,False,False,False,True,False,False,True,True,False,False,False,False
2366,Maruti Ertiga SHVS ZDI Plus,2018.0,980000,50000.0,False,True,False,False,False,False,True,False,False,True,True,False,False,False,False
2367,Fiat Grande Punto EVO 90HP 1.3 Sport,2014.0,250000,90000.0,False,True,False,False,False,False,True,False,False,True,True,False,False,False,False
2368,Hyundai Grand i10 1.2 Kappa Sportz AT,2018.0,550000,35000.0,False,False,False,False,True,False,True,False,True,False,True,False,False,False,False
2369,Maruti Alto K10 LXI,2017.0,320000,50000.0,False,False,False,False,True,False,True,False,False,True,True,False,False,False,False
2370,Hyundai EON D Lite,2016.0,275000,25000.0,False,False,False,False,True,False,True,False,False,True,True,False,False,False,False
2371,Mahindra XUV500 W8 2WD,2013.0,550000,222252.0,False,True,False,False,False,False,True,False,False,True,True,False,False,False,False
2372,Fiat Grande Punto Emotion 90Hp,2013.0,250000,80000.0,False,True,False,False,False,False,True,False,False,True,True,False,False,False,False
2373,Hyundai Verna 1.6 SX,2012.0,520000,35000.0,False,True,False,False,False,False,True,False,False,True,True,False,False,False,False
2374,Honda City i DTEC VX,2014.0,600000,100000.0,False,True,False,False,False,False,True,False,False,True,True,False,False,False,False
2375,Maruti Swift Dzire VDI,2015.0,470000,89000.0,False,True,False,False,False,False,True,False,False,True,True,False,False,False,False
2376,Maruti Swift ZDi,2013.0,365000,120000.0,False,True,False,False,False,False,True,False,False,True,True,False,False,False,False
2377,Maruti Wagon R VXI BS IV,2017.0,430000,17000.0,False,False,False,False,True,False,True,False,False,True,True,False,False,False,False
2378,Ford Figo Diesel ZXI,2014.0,240000,90000.0,False,True,False,False,False,False,True,False,False,True,True,False,False,False,False
2379,Mahindra Scorpio S10 7 Seater,2014.0,800000,90000.0,False,True,False,False,False,False,True,False,False,True,True,False,False,False,False
2380,Hyundai EON LPG Magna Plus,2015.0,240000,110000.0,False,False,False,True,False,False,True,False,False,True,True,False,False,False,False
2381,Mahindra Scorpio LX,2014.0,800000,15000.0,False,True,False,False,False,False,True,False,False,True,True,False,False,False,False
2383,Ford Fiesta Classic 1.6 Duratec CLXI,2012.0,350000,38000.0,False,False,False,False,True,False,True,False,False,True,True,False,False,False,False
2384,Tata Sumo Gold EX BSIII,2015.0,399000,60000.0,False,True,False,False,False,False,True,False,False,True,True,False,False,False,False
2385,Mahindra Bolero DI,2011.0,300000,110000.0,False,True,False,False,False,False,True,False,False,True,True,False,False,False,False
2386,Maruti A-Star AT VXI,2012.0,150000,70000.0,False,False,False,False,True,False,True,False,True,False,True,False,False,False,False
2387,Tata Hexa XM,2018.0,1280000,17000.0,False,True,False,False,False,False,True,False,False,True,True,False,False,False,False
2388,Nissan Terrano XL Plus ICC WT20 SE,2016.0,1000000,60000.0,False,True,False,False,False,False,True,False,False,True,True,False,False,False,False
2389,Maruti Swift Dzire ZXI,2013.0,500000,50000.0,False,False,False,False,True,False,True,False,False,True,True,False,False,False,False
2392,Maruti Alto K10 VXI,2015.0,155000,60000.0,False,False,False,False,True,False,True,False,False,True,True,False,False,False,False
2393,Maruti Swift VXI,2019.0,600000,5000.0,False,False,False,False,True,False,True,False,False,True,True,False,False,False,False
2394,Renault KWID RXE,2016.0,300000,20000.0,False,False,False,False,True,False,True,False,False,True,True,False,False,False,False
2395,Hyundai Creta 1.6 E Plus,2018.0,850000,12500.0,False,False,False,False,True,False,True,False,False,True,True,False,False,False,False
2396,Maruti Eeco CNG 5 Seater AC BSIV,2019.0,470000,4000.0,True,False,False,False,False,False,True,False,False,True,True,False,False,False,False
2397,Ford Figo 1.2P Titanium MT,2019.0,600000,25000.0,False,False,False,False,True,False,True,False,False,True,True,False,False,False,False
2398,Maruti Wagon R LXI DUO BSIII,2007.0,70000,162000.0,False,False,False,True,False,False,True,False,False,True,True,False,False,False,False
2399,Hyundai Santa Fe 4X4,2011.0,800000,220000.0,False,True,False,False,False,False,True,False,False,True,True,False,False,False,False
2400,Toyota Corolla Altis Diesel D4DG,2010.0,250000,120000.0,False,True,False,False,False,False,True,False,False,True,True,False,False,False,False
2401,Jeep Compass 2.0 Longitude Option BSIV,2017.0,1490000,22038.0,False,True,False,False,False,False,True,False,False,True,True,False,False,False,False
2402,Nissan Terrano XL 110 PS,2013.0,600000,80000.0,False,True,False,False,False,False,True,False,False,True,True,False,False,False,False
2403,Maruti Alto LX,2010.0,120000,90000.0,False,False,False,False,True,False,True,False,False,True,True,False,False,False,False
2404,Maruti Swift Dzire ZDI,2015.0,302000,60000.0,False,True,False,False,False,False,True,False,False,True,True,False,False,False,False
2406,Mahindra XUV500 W7 BSIV,2019.0,1400000,10000.0,False,True,False,False,False,False,True,False,False,True,True,False,False,False,False
2407,Hyundai i20 1.2 Asta Option,2017.0,620000,65000.0,False,False,False,False,True,False,True,False,False,True,True,False,False,False,False
2408,Toyota Innova 2.5 GX 8 STR BSIV,2012.0,449000,90000.0,False,True,False,False,False,False,True,False,False,True,True,False,False,False,False
2409,Maruti Alto LXi,2007.0,100000,70000.0,False,False,False,False,True,False,True,False,False,True,True,False,False,False,False
2410,Hyundai Grand i10 1.2 Kappa Sportz BSIV,2018.0,600000,2500.0,False,False,False,False,True,False,True,False,False,True,True,False,False,False,False
2412,Chevrolet Beat Diesel LT,2012.0,250000,40000.0,False,True,False,False,False,False,True,False,False,True,True,False,False,False,False
2413,Maruti Baleno RS 1.0 Petrol,2018.0,550000,63000.0,False,False,False,False,True,False,True,False,False,True,True,False,False,False,False
2414,Skoda Superb Ambition 2.0 TDI CR AT,2013.0,675000,60000.0,False,True,False,False,False,True,False,False,True,False,True,False,False,False,False
2415,Nissan Terrano XL Plus 85 PS,2015.0,530000,60000.0,False,True,False,False,False,True,False,False,False,True,True,False,False,False,False
2418,Skoda Rapid 1.5 TDI Ambition,2014.0,360000,70000.0,False,True,False,False,False,False,True,False,False,True,True,False,False,False,False
2419,Skoda Superb LK 1.8 TSI AT,2012.0,650000,60000.0,False,False,False,False,True,True,False,False,True,False,True,False,False,False,False
2420,Volkswagen Jetta 1.9 TDI Comfortline DSG,2009.0,260000,134000.0,False,True,False,False,False,False,True,False,True,False,True,False,False,False,False
2421,Maruti Ciaz 1.4 AT Zeta,2019.0,869999,15000.0,False,False,False,False,True,True,False,False,True,False,True,False,False,False,False
2422,Hyundai Grand i10 1.2 CRDi Magna,2016.0,425000,42500.0,False,True,False,False,False,True,False,False,False,True,True,False,False,False,False
2423,Chevrolet Cruze LTZ AT,2012.0,490000,42000.0,False,True,False,False,False,True,False,False,True,False,True,False,False,False,False
2424,Fiat Linea 1.3 Emotion,2014.0,221000,131365.0,False,True,False,False,False,False,True,False,False,True,True,False,False,False,False
2425,Volkswagen Vento 1.5 TDI Highline AT,2016.0,724000,48980.0,False,True,False,False,False,True,False,False,True,False,True,False,False,False,False
2426,Honda Amaze VX AT i-Vtech,2014.0,440000,46000.0,False,False,False,False,True,True,False,False,True,False,True,False,False,False,False
2427,Maruti Baleno Delta Diesel,2015.0,511000,60000.0,False,True,False,False,False,True,False,False,False,True,True,False,False,False,False
2428,Maruti S-Cross Alpha DDiS 200 SH,2016.0,790000,22000.0,False,True,False,False,False,True,False,False,False,True,True,False,False,False,False
2429,Hyundai i20 1.2 Asta Option,2017.0,640000,60000.0,False,False,False,False,True,False,True,False,False,True,True,False,False,False,False
2430,Chevrolet Beat Diesel LT,2012.0,120000,125000.0,False,True,False,False,False,False,True,False,False,True,True,False,False,False,False
2431,Mahindra TUV 300 T4 Plus,2017.0,650000,60000.0,False,True,False,False,False,False,True,False,False,True,True,False,False,False,False
2432,Mahindra Bolero Power Plus Plus AC BSIV PS,2017.0,600000,60000.0,False,True,False,False,False,False,True,False,False,True,True,False,False,False,False
2433,Ford Ecosport 1.5 DV5 MT Titanium,2014.0,600000,30000.0,False,True,False,False,False,False,True,False,False,True,True,False,False,False,False
2434,Mahindra Bolero Power Plus ZLX,2018.0,795000,35000.0,False,True,False,False,False,False,True,False,False,True,True,False,False,False,False
2435,Renault Lodgy 85PS RxL,2015.0,495000,60000.0,False,True,False,False,False,False,True,False,False,True,True,False,False,False,False
2438,Tata Hexa XTA,2018.0,1350000,34000.0,False,True,False,False,False,False,True,False,True,False,True,False,False,False,False
2439,Mahindra Xylo D4,2014.0,350000,145000.0,False,True,False,False,False,False,True,False,False,True,True,False,False,False,False
2440,Datsun RediGO AMT 1.0 S,2018.0,300000,60000.0,False,False,False,False,True,False,True,False,True,False,True,False,False,False,False
2442,Nissan Sunny XL D,2018.0,500000,70000.0,False,True,False,False,False,False,True,False,False,True,True,False,False,False,False
2443,Audi Q3 35 TDI Quattro Technology,2017.0,2575000,36000.0,False,True,False,False,False,True,False,False,True,False,True,False,False,False,False
2444,Honda Brio VX,2014.0,345000,58000.0,False,False,False,False,True,True,False,False,False,True,True,False,False,False,False
2445,Tata Indigo CR4,2013.0,220000,100000.0,False,True,False,False,False,False,True,False,False,True,True,False,False,False,False
2447,Honda Jazz Select Edition,2017.0,585000,14000.0,False,False,False,False,True,True,False,False,False,True,True,False,False,False,False
2449,Maruti Swift Dzire AMT VXI,2018.0,625000,13800.0,False,False,False,False,True,False,True,False,True,False,True,False,False,False,False
2450,Hyundai Creta 1.6 SX Automatic,2017.0,1035000,23000.0,False,False,False,False,True,True,False,False,True,False,True,False,False,False,False
2452,Mahindra Xylo D4,2017.0,600000,99700.0,False,True,False,False,False,False,True,False,False,True,True,False,False,False,False
2453,Toyota Fortuner 2.8 4WD AT BSIV,2019.0,3100000,5000.0,False,True,False,False,False,False,True,False,True,False,True,False,False,False,False
2454,Honda City i-DTEC SV,2014.0,650000,49654.0,False,True,False,False,False,True,False,False,False,True,True,False,False,False,False
2455,Hyundai Grand i10 Asta,2016.0,550000,45457.0,False,False,False,False,True,True,False,False,False,True,True,False,False,False,False
2456,Hyundai Creta 1.6 CRDi SX,2017.0,1260000,39221.0,False,True,False,False,False,True,False,False,False,True,True,False,False,False,False
2457,Hyundai i20 Sportz 1.2,2016.0,660000,48220.0,False,False,False,False,True,True,False,False,False,True,True,False,False,False,False
2458,Hyundai i20 Sportz 1.2,2017.0,700000,11114.0,False,False,False,False,True,True,False,False,False,True,True,False,False,False,False
2459,Hyundai Getz 1.5 CRDi GVS,2008.0,235000,60000.0,False,True,False,False,False,True,False,False,False,True,True,False,False,False,False
2460,Volkswagen Vento 1.5 TDI Highline,2013.0,475000,80000.0,False,True,False,False,False,True,False,False,False,True,True,False,False,False,False
2461,Mercedes-Benz E-Class 280 CDI Elegance,2008.0,795000,98600.0,False,True,False,False,False,True,False,False,True,False,True,False,False,False,False
2462,Audi RS7 2015-2019 Sportback Performance,2016.0,8900000,13000.0,False,False,False,False,True,True,False,False,True,False,True,False,False,False,False
2463,Audi Q5 3.0 TDI Quattro Technology,2015.0,3200000,30000.0,False,True,False,False,False,True,False,False,True,False,True,False,False,False,False
2464,MG Hector Smart AT,2019.0,1860000,18000.0,False,False,False,False,True,True,False,False,True,False,True,False,False,False,False
2465,Land Rover Range Rover 4.4 Diesel LWB Vogue SE,2010.0,4200000,100000.0,False,True,False,False,False,True,False,False,True,False,True,False,False,False,False
2466,Mahindra Xylo D4,2017.0,585000,85441.0,False,True,False,False,False,True,False,False,False,True,True,False,False,False,False
2467,Mahindra Verito 1.5 D4 BSIV,2015.0,380000,64541.0,False,True,False,False,False,True,False,False,False,True,True,False,False,False,False
2468,Maruti Swift Dzire VDI,2019.0,650000,35000.0,False,True,False,False,False,False,True,False,False,True,True,False,False,False,False
2469,Maruti Swift ZXI Plus,2018.0,600000,30000.0,False,False,False,False,True,False,True,False,False,True,True,False,False,False,False
2470,Nissan Micra Active XV,2017.0,434999,16267.0,False,False,False,False,True,True,False,False,False,True,True,False,False,False,False
2471,Volkswagen Vento 1.5 TDI Highline,2013.0,525000,71500.0,False,True,False,False,False,True,False,False,False,True,True,False,False,False,False
2472,BMW 5 Series 520d Luxury Line,2019.0,4800000,60000.0,False,True,False,False,False,True,False,False,True,False,True,False,False,False,False
2473,Chevrolet Aveo U-VA 1.2 LS,2008.0,160000,80000.0,False,False,False,False,True,False,True,False,False,True,True,False,False,False,False
2476,Hyundai Creta 1.6 VTVT S,2017.0,900000,14700.0,False,False,False,False,True,False,True,False,False,True,True,False,False,False,False
2477,Maruti Wagon R LXI BS IV,2017.0,400000,50000.0,False,False,False,False,True,False,True,False,False,True,True,False,False,False,False
2478,Volkswagen Polo GT 1.0 TSI,2019.0,950000,24000.0,False,False,False,False,True,False,True,False,True,False,True,False,False,False,False
2480,Tata Bolt Revotron XM,2015.0,375000,30000.0,False,False,False,False,True,False,True,False,False,True,True,False,False,False,False
2481,Datsun GO Plus T Option,2017.0,350000,80000.0,False,False,False,False,True,False,True,False,False,True,True,False,False,False,False
2482,Hyundai Santro LS zipPlus,2003.0,100000,60000.0,False,False,False,False,True,False,True,False,False,True,True,False,False,False,False
2483,Mahindra XUV500 AT W6 2WD,2017.0,1300000,40000.0,False,True,False,False,False,False,True,False,True,False,True,False,False,False,False
2487,Hyundai EON Era Plus Sports Edition,2014.0,280000,55000.0,False,False,False,False,True,False,True,False,False,True,True,False,False,False,False
2488,Hyundai EON Magna Plus,2018.0,360000,6000.0,False,False,False,False,True,False,True,False,False,True,True,False,False,False,False
2489,Skoda Rapid 1.6 MPI AT Ambition BSIV,2017.0,900000,15000.0,False,False,False,False,True,False,True,False,True,False,True,False,False,False,False
2490,Renault Scala Diesel RxL,2013.0,550000,38500.0,False,True,False,False,False,False,True,False,False,True,True,False,False,False,False
2491,Tata Nexon 1.2 Revotron XZ Plus Dual Tone,2018.0,775000,35000.0,False,False,False,False,True,False,True,False,False,True,True,False,False,False,False
2492,Toyota Innova 2.5 VX 8 STR,2012.0,800000,108731.0,False,True,False,False,False,False,True,False,False,True,True,False,False,False,False
2493,Tata Sumo Gold EX BSIII,2016.0,500000,60000.0,False,True,False,False,False,False,True,False,False,True,True,False,False,False,False
2494,Hyundai EON Magna Plus,2014.0,320000,80000.0,False,False,False,False,True,False,True,False,False,True,True,False,False,False,False
2495,Nissan Micra Diesel XV,2013.0,300000,90000.0,False,True,False,False,False,False,True,False,False,True,True,False,False,False,False
2497,Ford Figo Aspire 1.5 TDCi Titanium,2020.0,530000,45000.0,False,True,False,False,False,True,False,False,False,True,True,False,False,False,False
2498,Honda City i-DTEC ZX,2017.0,1025000,38000.0,False,True,False,False,False,True,False,False,False,True,True,False,False,False,False
2499,Honda BR-V i-DTEC VX MT,2017.0,950000,24000.0,False,True,False,False,False,True,False,False,False,True,True,False,False,False,False
2500,Honda WR-V i-VTEC VX,2017.0,725000,29976.0,False,False,False,False,True,True,False,False,False,True,True,False,False,False,False
2501,Honda City i VTEC VX,2017.0,919999,41000.0,False,False,False,False,True,True,False,False,False,True,True,False,False,False,False
2502,Honda Jazz 1.5 VX i DTEC,2017.0,725000,36000.0,False,True,False,False,False,True,False,False,False,True,True,False,False,False,False
2503,Honda BR-V i-VTEC VX MT,2017.0,840000,30646.0,False,False,False,False,True,True,False,False,False,True,True,False,False,False,False
2504,Maruti Wagon R VXI BS IV,2015.0,365000,23600.0,False,False,False,False,True,True,False,False,False,True,True,False,False,False,False
2505,Honda City i DTEC SV,2014.0,665000,71318.0,False,True,False,False,False,True,False,False,False,True,True,False,False,False,False
2506,Maruti 800 Std,2003.0,50000,78098.0,False,False,False,False,True,False,True,False,False,True,True,False,False,False,False
2507,Hyundai EON Era Plus,2014.0,225000,30000.0,False,True,False,False,False,False,True,False,False,True,True,False,False,False,False
2508,Hyundai Santro Xing GL,2008.0,145000,67000.0,False,False,False,False,True,False,True,False,False,True,True,False,False,False,False
2509,Ford Figo Aspire Facelift,2018.0,624000,60000.0,False,True,False,False,False,True,False,False,False,True,True,False,False,False,False
2511,Ford EcoSport 1.5 Ti VCT MT Titanium BSIV,2017.0,750000,18054.0,False,False,False,False,True,True,False,False,False,True,True,False,False,False,False
2512,Honda City i DTEC VX,2015.0,785000,40000.0,False,True,False,False,False,False,True,False,False,True,True,False,False,False,False
2513,Hyundai i10 Sportz,2011.0,225000,30000.0,False,False,False,False,True,False,True,False,False,True,True,False,False,False,False
2514,Hyundai Xcent 1.1 CRDi Base,2017.0,300000,80000.0,False,True,False,False,False,False,True,False,False,True,True,False,False,False,False
2515,Hyundai i20 Asta 1.4 CRDi,2016.0,680000,20000.0,False,True,False,False,False,False,True,False,False,True,True,False,False,False,False
2516,Mahindra TUV 300 T8,2016.0,700000,40000.0,False,True,False,False,False,False,True,False,False,True,True,False,False,False,False
2517,Tata Indigo CS eLS BS IV,2011.0,180000,120000.0,False,True,False,False,False,False,True,False,False,True,True,False,False,False,False
2518,Mahindra Xylo H8 ABS with Airbags,2018.0,1100000,70000.0,False,True,False,False,False,False,True,False,False,True,True,False,False,False,False
2519,Maruti Swift ZDi,2014.0,550000,38406.0,False,True,False,False,False,True,False,False,False,True,True,False,False,False,False
2520,Hyundai Santro Xing GLS,2014.0,320000,54350.0,False,False,False,False,True,True,False,False,False,True,True,False,False,False,False
2521,Maruti Wagon R VXI BS IV,2015.0,390000,32260.0,False,False,False,False,True,True,False,False,False,True,True,False,False,False,False
2522,Renault Duster 85PS Diesel RxE,2014.0,550000,58231.0,False,True,False,False,False,True,False,False,False,True,True,False,False,False,False
2523,Maruti Swift VXI,2012.0,370000,59858.0,False,False,False,False,True,True,False,False,False,True,True,False,False,False,False
2524,Maruti Alto LXi BSIII,2010.0,190000,73350.0,False,False,False,False,True,True,False,False,False,True,True,False,False,False,False
2525,Renault Duster 110PS Diesel RxZ,2013.0,509999,60000.0,False,True,False,False,False,True,False,False,False,True,True,False,False,False,False
2526,Honda City S,2013.0,450000,96987.0,False,False,False,False,True,True,False,False,False,True,True,False,False,False,False
2527,Mercedes-Benz GLS 2016-2020 350d 4MATIC,2016.0,5500000,77350.0,False,True,False,False,False,True,False,False,True,False,True,False,False,False,False
2528,Maruti Swift Dzire VDI,2015.0,550000,61187.0,False,True,False,False,False,True,False,False,False,True,True,False,False,False,False
2529,Mahindra Xylo E6,2009.0,400000,68350.0,False,True,False,False,False,True,False,False,False,True,True,False,False,False,False
2530,Ford EcoSport 1.5 TDCi Titanium BSIV,2015.0,585000,81150.0,False,True,False,False,False,True,False,False,False,True,True,False,False,False,False
2531,Hyundai Grand i10 1.2 Kappa Asta,2019.0,500000,60000.0,False,False,False,False,True,False,True,False,False,True,True,False,False,False,False
2532,Maruti Ciaz ZXi,2015.0,800000,30000.0,False,False,False,False,True,False,True,False,False,True,True,False,False,False,False
2533,Ford Figo Diesel Titanium,2012.0,175000,180000.0,False,True,False,False,False,False,True,False,False,True,True,False,False,False,False
2534,Tata Manza Aqua Quadrajet BS IV,2010.0,165000,60000.0,False,True,False,False,False,False,True,False,False,True,True,False,False,False,False
2535,Mahindra Verito 1.5 D2 BSIII,2011.0,150000,280000.0,False,True,False,False,False,False,True,False,False,True,True,False,False,False,False
2536,Fiat Punto EVO 1.3 Dynamic,2016.0,500000,35000.0,False,True,False,False,False,False,True,False,False,True,True,False,False,False,False
2537,Hyundai EON Era Plus,2018.0,350000,15000.0,False,False,False,False,True,False,True,False,False,True,True,False,False,False,False
2538,Volkswagen Jetta 1.9 TDI Trendline,2009.0,940000,140000.0,False,True,False,False,False,False,True,False,False,True,True,False,False,False,False
2539,Maruti Alto 800 LXI,2018.0,300000,17000.0,False,False,False,False,True,False,True,False,False,True,True,False,False,False,False
2540,Hyundai i20 Asta 1.4 CRDi,2015.0,550000,87000.0,False,True,False,False,False,False,True,False,False,True,True,False,False,False,False
2544,Hyundai i20 Active 1.2 SX,2016.0,650000,60000.0,False,False,False,False,True,False,True,False,False,True,True,False,False,False,False
2545,Chevrolet Sail 1.2 Base,2015.0,260000,60000.0,False,False,False,False,True,False,True,False,False,True,True,False,False,False,False
2557,Toyota Innova 2.5 EV Diesel MS 7 Str BSIII,2010.0,400000,120000.0,False,True,False,False,False,False,True,False,False,True,True,False,False,False,False
2558,Ford Ecosport 1.5 DV5 MT Titanium,2014.0,580000,120000.0,False,True,False,False,False,False,True,False,False,True,True,False,False,False,False
2559,Hyundai EON Magna Plus,2014.0,320000,60000.0,False,False,False,False,True,False,True,False,False,True,True,False,False,False,False
2565,Maruti Zen LX - BS III,2006.0,70000,105700.0,False,False,False,False,True,False,True,False,False,True,True,False,False,False,False
2566,Maruti Celerio VXI Optional,2017.0,430999,14000.0,False,False,False,False,True,True,False,False,False,True,True,False,False,False,False
2567,Chevrolet Spark 1.0,2010.0,80000,70000.0,False,False,False,False,True,False,True,False,False,True,True,False,False,False,False
2568,Maruti Alto 800 LXI Optional,2019.0,335000,28000.0,False,False,False,False,True,True,False,False,False,True,True,False,False,False,False
2569,Maruti Eeco 7 Seater Standard BSIV,2017.0,350000,51000.0,False,False,False,False,True,True,False,False,False,True,True,False,False,False,False
2570,Maruti Alto 800 LXI Opt BSIV,2018.0,315000,56000.0,False,False,False,False,True,True,False,False,False,True,True,False,False,False,False
2571,Volkswagen Vento 1.5 TDI Highline Plus AT BSIV,2019.0,1100000,35000.0,False,True,False,False,False,False,True,False,True,False,True,False,False,False,False
2572,Maruti Esteem Lxi - BSIII,2005.0,80000,24000.0,False,False,False,False,True,False,True,False,False,True,True,False,False,False,False
2573,Maruti Alto LXi,2011.0,225000,37091.0,False,False,False,False,True,False,True,False,False,True,True,False,False,False,False
2574,Volvo XC 90 D5 Inscription BSIV,2017.0,4500000,80000.0,False,True,False,False,False,False,True,False,True,False,True,False,False,False,False
2575,Hyundai Creta 1.6 CRDi SX,2016.0,1151000,85000.0,False,True,False,False,False,False,True,False,False,True,True,False,False,False,False
2576,Tata Indica Vista Quadrajet LS,2012.0,120000,140000.0,False,True,False,False,False,False,True,False,False,True,True,False,False,False,False
2577,Renault KWID RXT,2017.0,220000,20000.0,False,False,False,False,True,False,True,False,False,True,True,False,False,False,False
2579,Mahindra TUV 300 T10 Dual Tone,2018.0,784000,40000.0,False,True,False,False,False,False,True,False,False,True,True,False,False,False,False
2580,Honda Jazz 1.2 S i VTEC,2017.0,500000,50000.0,False,False,False,False,True,False,True,False,False,True,True,False,False,False,False
2581,Hyundai EON Era Plus,2018.0,350000,20000.0,False,True,False,False,False,False,True,False,False,True,True,False,False,False,False
2582,Mahindra XUV500 W7 AT BSIV,2018.0,1400000,50000.0,False,True,False,False,False,False,True,False,True,False,True,False,False,False,False
2583,Hyundai Grand i10 1.2 Kappa Magna BSIV,2019.0,525000,9400.0,False,False,False,False,True,False,True,False,False,True,True,False,False,False,False
2584,Ford EcoSport 1.5 Diesel Titanium Plus BSIV,2017.0,930000,12000.0,False,True,False,False,False,False,True,False,False,True,True,False,False,False,False
2585,Maruti Eeco 5 STR With AC Plus HTR CNG,2017.0,440000,14100.0,True,False,False,False,False,True,False,False,False,True,True,False,False,False,False
2586,Maruti Celerio ZXI,2016.0,434999,21000.0,False,False,False,False,True,True,False,False,False,True,True,False,False,False,False
2587,Hyundai i10 Magna,2011.0,250000,28000.0,False,False,False,False,True,True,False,False,False,True,True,False,False,False,False
2588,Maruti Ertiga SHVS ZDI Plus,2017.0,940000,35000.0,False,True,False,False,False,True,False,False,False,True,True,False,False,False,False
2589,Hyundai Verna 1.6 CRDi AT SX,2017.0,1050000,31000.0,False,True,False,False,False,True,False,False,True,False,True,False,False,False,False
2590,Maruti Ertiga SHVS ZDI,2016.0,825000,58000.0,False,True,False,False,False,True,False,False,False,True,True,False,False,False,False
2591,Maruti Wagon R VXI Minor,2012.0,229999,25000.0,False,False,False,False,True,False,True,False,False,True,True,False,False,False,False
2592,Hyundai i20 1.2 Asta,2011.0,375000,72000.0,False,False,False,False,True,True,False,False,False,True,True,False,False,False,False
2593,Maruti Ertiga ZDI,2013.0,640000,89000.0,False,True,False,False,False,True,False,False,False,True,True,False,False,False,False
2594,Toyota Innova 2.5 V Diesel 8-seater,2012.0,800000,160000.0,False,True,False,False,False,True,False,False,False,True,True,False,False,False,False
2595,Hyundai i10 Sportz 1.1L,2014.0,300000,37555.0,False,False,False,False,True,True,False,False,False,True,True,False,False,False,False
2596,Maruti Wagon R VXI BS IV,2018.0,440000,14000.0,False,False,False,False,True,True,False,False,False,True,True,False,False,False,False
2597,Maruti Ertiga VXI CNG,2014.0,595000,56600.0,True,False,False,False,False,True,False,False,False,True,True,False,False,False,False
2598,Mahindra Scorpio EX,2013.0,450000,110000.0,False,True,False,False,False,False,True,False,False,True,True,False,False,False,False
2599,Maruti Vitara Brezza VDi Option,2017.0,690000,50000.0,False,True,False,False,False,False,True,False,False,True,True,False,False,False,False
2600,Maruti Alto 800 VXI,2019.0,300000,5000.0,False,False,False,False,True,False,True,False,False,True,True,False,False,False,False
2601,Toyota Etios Liva GD SP,2012.0,280000,120000.0,False,True,False,False,False,False,True,False,False,True,True,False,False,False,False
2602,Maruti Esteem Lxi,2004.0,45000,60000.0,False,False,False,False,True,False,True,False,False,True,True,False,False,False,False
2606,Mahindra Verito Vibe 1.5 dCi D6,2015.0,280000,40000.0,False,True,False,False,False,False,True,False,False,True,True,False,False,False,False
2607,Nissan Sunny XL D,2013.0,225000,78000.0,False,True,False,False,False,True,False,False,False,True,True,False,False,False,False
2608,Ford EcoSport 1.5 Petrol Titanium Plus AT BSIV,2015.0,750000,48238.0,False,False,False,False,True,False,False,True,True,False,True,False,False,False,False
2609,Hyundai i20 1.2 Magna Executive,2016.0,535000,38365.0,False,False,False,False,True,True,False,False,False,True,True,False,False,False,False
2610,Mahindra XUV500 W10 1.99 mHawk,2016.0,1250000,23670.0,False,True,False,False,False,False,False,True,False,True,True,False,False,False,False
2611,Maruti Baleno Zeta 1.2,2017.0,650000,49834.0,False,False,False,False,True,False,False,True,False,True,True,False,False,False,False
2612,Honda Brio S MT,2013.0,295000,57353.0,False,False,False,False,True,False,False,True,False,True,True,False,False,False,False
2613,Maruti Swift DDiS VDI,2015.0,480000,68308.0,False,True,False,False,False,False,False,True,False,True,True,False,False,False,False
2614,Honda City i DTEC SV,2015.0,575000,63240.0,False,True,False,False,False,False,False,True,False,True,True,False,False,False,False
2615,Maruti Alto LXi,2008.0,69000,100000.0,False,False,False,False,True,False,True,False,False,True,True,False,False,False,False
2618,Tata Harrier XE,2020.0,426000,1000.0,False,True,False,False,False,False,True,False,False,True,True,False,False,False,False
2619,Ford Ecosport 1.5 Petrol Ambiente,2017.0,650000,6000.0,False,True,False,False,False,False,True,False,False,True,True,False,False,False,False
2621,Maruti Eeco 5 Seater AC BSIV,2017.0,260000,30000.0,False,False,False,False,True,True,False,False,False,True,True,False,False,False,False
2638,Maruti Ritz VXI,2009.0,150000,80000.0,False,False,False,False,True,False,True,False,False,True,True,False,False,False,False
2639,Hyundai Creta 1.6 CRDi SX,2016.0,927999,90000.0,False,True,False,False,False,False,True,False,False,True,True,False,False,False,False
2640,Hyundai Xcent 1.2 CRDi SX,2015.0,399000,55000.0,False,True,False,False,False,True,False,False,False,True,True,False,False,False,False
2641,Maruti Swift VDI Optional,2015.0,350000,90000.0,False,True,False,False,False,False,True,False,False,True,True,False,False,False,False
2642,Hyundai EON Era Plus,2015.0,250000,25000.0,False,False,False,False,True,False,True,False,False,True,True,False,False,False,False
2643,Hyundai Verna 1.6 SX CRDi (O),2014.0,675000,61000.0,False,True,False,False,False,True,False,False,False,True,True,False,False,False,False
2644,Maruti Eeco 5 STR With AC Plus HTR CNG,2018.0,409999,45000.0,True,False,False,False,False,False,True,False,False,True,True,False,False,False,False
2645,Fiat Linea Emotion (Diesel),2011.0,225000,60000.0,False,True,False,False,False,False,True,False,False,True,True,False,False,False,False
2646,Chevrolet Sail 1.3 LS,2013.0,290000,56000.0,False,True,False,False,False,True,False,False,False,True,True,False,False,False,False
2647,Toyota Innova 2.5 G (Diesel) 7 Seater,2013.0,675000,73000.0,False,True,False,False,False,True,False,False,False,True,True,False,False,False,False
2648,Honda Amaze S i-Dtech,2014.0,421000,60000.0,False,True,False,False,False,True,False,False,False,True,True,False,False,False,False
2649,Maruti SX4 Zxi BSIII,2008.0,350000,10000.0,False,False,False,False,True,False,True,False,False,True,True,False,False,False,False
2650,Hyundai Accent Executive CNG,2010.0,140000,110000.0,True,False,False,False,False,False,True,False,False,True,True,False,False,False,False
2651,Honda City Edge Edition Diesel SV,2018.0,830000,40000.0,False,True,False,False,False,False,True,False,False,True,True,False,False,False,False
2652,Maruti Wagon R LXI Minor,2009.0,180000,30000.0,False,False,False,False,True,False,True,False,False,True,True,False,False,False,False
2653,Maruti SX4 S Cross DDiS 320 Zeta,2017.0,700000,90000.0,False,True,False,False,False,False,True,False,False,True,True,False,False,False,False
2654,Tata Indigo LX,2012.0,125000,120000.0,False,True,False,False,False,False,True,False,False,True,True,False,False,False,False
2655,Hyundai Verna 1.6 VTVT S,2017.0,530000,64916.0,False,False,False,False,True,False,True,False,False,True,True,False,False,False,False
2656,Ford Ecosport 1.5 DV5 MT Trend,2018.0,800000,37161.0,False,True,False,False,False,True,False,False,False,True,True,False,False,False,False
2657,Maruti Baleno Zeta 1.2,2016.0,580000,15000.0,False,False,False,False,True,False,True,False,False,True,True,False,False,False,False
2658,Renault KWID RXT Optional,2016.0,300000,30000.0,False,False,False,False,True,False,True,False,False,True,True,False,False,False,False
2659,Maruti Ciaz ZDi SHVS,2015.0,700000,77000.0,False,True,False,False,False,False,True,False,False,True,True,False,False,False,False
2660,Tata Harrier XZ BSIV,2019.0,1400000,33000.0,False,True,False,False,False,False,True,False,False,True,True,False,False,False,False
2661,Maruti Ertiga SHVS LDI,2017.0,500000,40000.0,False,True,False,False,False,False,True,False,False,True,True,False,False,False,False
2670,Maruti Swift VDI,2007.0,225000,50000.0,False,True,False,False,False,True,False,False,False,True,True,False,False,False,False
2679,Toyota Innova 2.5 VX (Diesel) 8 Seater,2013.0,925000,75000.0,False,True,False,False,False,False,True,False,False,True,True,False,False,False,False
2682,Honda City 1.5 S MT,2010.0,409999,60000.0,False,False,False,False,True,False,True,False,False,True,True,False,False,False,False
2683,Tata Tigor 1.2 Revotron XZ Option,2018.0,570000,5000.0,False,False,False,False,True,False,True,False,False,True,True,False,False,False,False
2684,Ford EcoSport 1.5 Diesel Titanium Plus BSIV,2014.0,550000,79800.0,False,True,False,False,False,True,False,False,False,True,True,False,False,False,False
2685,Ford Ecosport 1.5 Diesel Titanium Plus,2019.0,1250000,6590.0,False,True,False,False,False,True,False,False,False,True,True,False,False,False,False
2686,Ford Figo Aspire 1.5 TDCi Titanium,2017.0,700000,49957.0,False,True,False,False,False,True,False,False,False,True,True,False,False,False,False
2687,Ford Figo 1.5 Sports Edition MT,2017.0,600000,43235.0,False,True,False,False,False,True,False,False,False,True,True,False,False,False,False
2688,Ford EcoSport 1.5 TDCi Titanium Plus BE BSIV,2018.0,925000,50699.0,False,True,False,False,False,True,False,False,False,True,True,False,False,False,False
2689,Ford Endeavour 3.2 Titanium AT 4X4,2016.0,1800000,126000.0,False,True,False,False,False,True,False,False,True,False,True,False,False,False,False
2690,Hyundai i20 Active 1.2 SX,2015.0,565000,46000.0,False,False,False,False,True,False,True,False,False,True,True,False,False,False,False
2691,Toyota Qualis FS B3,2001.0,150000,256000.0,False,True,False,False,False,True,False,False,False,True,True,False,False,False,False
2692,Mahindra Scorpio VLX 2WD BSIII,2008.0,295000,120000.0,False,True,False,False,False,False,True,False,False,True,True,False,False,False,False
2693,Hyundai i20 Active 1.4 SX,2018.0,819999,40000.0,False,True,False,False,False,False,True,False,False,True,True,False,False,False,False
2694,Hyundai Elite i20 Diesel Asta Option,2019.0,819999,40000.0,False,True,False,False,False,False,True,False,False,True,True,False,False,False,False
2695,Maruti Ritz VXi,2015.0,320000,40000.0,False,False,False,False,True,False,True,False,False,True,True,False,False,False,False
2696,Mahindra Bolero 2011-2019 SLX,2015.0,550000,50000.0,False,True,False,False,False,False,True,False,False,True,True,False,False,False,False
2697,Volkswagen Ameo 1.5 TDI Comfortline,2017.0,590000,98000.0,False,True,False,False,False,False,True,False,False,True,True,False,False,False,False
2699,Honda City i DTec V,2017.0,950000,50000.0,False,True,False,False,False,False,True,False,False,True,True,False,False,False,False
2700,Honda City i-DTEC VX,2017.0,1000000,30000.0,False,True,False,False,False,False,True,False,False,True,True,False,False,False,False
2701,Nissan Terrano XE 85 PS,2013.0,500000,120000.0,False,True,False,False,False,False,True,False,False,True,True,False,False,False,False
2702,Fiat Punto EVO 1.3 Emotion,2017.0,450000,70000.0,False,True,False,False,False,False,True,False,False,True,True,False,False,False,False
2703,Maruti Swift Dzire VDI Optional,2017.0,720000,35000.0,False,True,False,False,False,False,True,False,False,True,True,False,False,False,False
2704,Mahindra Thar 4X2,2014.0,500000,35000.0,False,True,False,False,False,False,True,False,False,True,True,False,False,False,False
2705,Hyundai i20 1.4 Asta Option,2017.0,780000,50000.0,False,True,False,False,False,False,True,False,False,True,True,False,False,False,False
2706,Mahindra XUV500 W10 AWD,2015.0,1225000,70000.0,False,True,False,False,False,False,True,False,False,True,True,False,False,False,False
2707,Toyota Innova 2.5 G (Diesel) 8 Seater BS IV,2011.0,800000,60000.0,False,True,False,False,False,False,True,False,False,True,True,False,False,False,False
2708,Mahindra KUV 100 G80 K4 Plus,2018.0,509999,15000.0,False,False,False,False,True,False,True,False,False,True,True,False,False,False,False
2716,Hyundai i20 1.4 Sportz,2017.0,680000,60000.0,False,True,False,False,False,False,True,False,False,True,True,False,False,False,False
2717,Maruti Swift Dzire VDI,2014.0,480000,101000.0,False,True,False,False,False,True,False,False,False,True,True,False,False,False,False
2718,Maruti Swift VDI,2016.0,630000,55000.0,False,True,False,False,False,True,False,False,False,True,True,False,False,False,False
2719,Maruti Swift VDI,2015.0,500000,100000.0,False,True,False,False,False,True,False,False,False,True,True,False,False,False,False
2720,Maruti SX4 ZDI,2011.0,350000,105000.0,False,True,False,False,False,True,False,False,False,True,True,False,False,False,False
2721,Renault Duster 85PS Diesel RxE,2013.0,425000,170000.0,False,True,False,False,False,True,False,False,False,True,True,False,False,False,False
2722,Maruti Swift VDI BSIV,2015.0,495000,105000.0,False,True,False,False,False,True,False,False,False,True,True,False,False,False,False
2729,Honda Jazz S,2014.0,300000,50000.0,False,False,False,False,True,False,True,False,False,True,True,False,False,False,False
2733,Maruti Swift VDI,2015.0,500000,100000.0,False,True,False,False,False,False,True,False,False,True,True,False,False,False,False
2737,Honda Amaze S Petrol BSIV,2020.0,614000,1000.0,False,False,False,False,True,False,True,False,False,True,True,False,False,False,False
2738,Maruti Alto LXi,2011.0,200000,40000.0,False,False,False,False,True,False,True,False,False,True,True,False,False,False,False
2739,Maruti Wagon R LX Minor,2013.0,290000,52000.0,False,False,False,False,True,False,True,False,False,True,True,False,False,False,False
2740,Maruti Swift Dzire VDI,2019.0,680000,40000.0,False,True,False,False,False,False,True,False,False,True,True,False,False,False,False
2741,Nissan Sunny Diesel XL,2012.0,300000,110000.0,False,True,False,False,False,False,True,False,False,True,True,False,False,False,False
2744,Mahindra Scorpio S10 7 Seater,2015.0,630000,50000.0,False,True,False,False,False,False,True,False,False,True,True,False,False,False,False
2750,BMW 7 Series 730Ld,2006.0,1050000,30000.0,False,True,False,False,False,True,False,False,True,False,True,False,False,False,False
2754,Maruti Alto 800 LXI,2018.0,200000,60000.0,False,False,False,False,True,False,True,False,False,True,True,False,False,False,False
2758,Maruti Ertiga 1.5 VDI,2019.0,1000000,15000.0,False,True,False,False,False,False,True,False,False,True,True,False,False,False,False
2759,Ford Endeavour 2.2 Titanium AT 4X2,2019.0,2800000,10000.0,False,True,False,False,False,False,True,False,True,False,True,False,False,False,False
2760,Maruti Swift Dzire VDI,2015.0,470000,170000.0,False,True,False,False,False,False,True,False,False,True,True,False,False,False,False
2761,Maruti Celerio ZXI,2017.0,415000,20000.0,False,False,False,False,True,False,True,False,False,True,True,False,False,False,False
2762,Nissan Terrano XL 85 PS,2014.0,500000,82000.0,False,True,False,False,False,False,True,False,False,True,True,False,False,False,False
2763,Maruti Swift LDI,2012.0,400000,70000.0,False,True,False,False,False,False,True,False,False,True,True,False,False,False,False
2764,Maruti Alto LX,2006.0,75000,130000.0,False,False,False,False,True,False,True,False,False,True,True,False,False,False,False
2765,Hyundai Verna 1.6 SX CRDi (O),2013.0,500000,120000.0,False,True,False,False,False,False,True,False,False,True,True,False,False,False,False
2766,Maruti Alto 800 Base,2015.0,155000,40000.0,False,False,False,False,True,False,True,False,False,True,True,False,False,False,False
2767,Mahindra Scorpio S2 7 Seater,2015.0,750000,120000.0,False,True,False,False,False,False,True,False,False,True,True,False,False,False,False
2768,Toyota Innova 2.5 VX (Diesel) 8 Seater BS IV,2012.0,600000,170000.0,False,True,False,False,False,False,True,False,False,True,True,False,False,False,False
2769,Hyundai Creta 1.6 CRDi SX Option,2016.0,865000,90000.0,False,True,False,False,False,False,True,False,False,True,True,False,False,False,False
2770,Renault KWID RXT,2016.0,225000,40000.0,False,False,False,False,True,False,True,False,False,True,True,False,False,False,False
2771,Hyundai i10 Magna 1.1L,2014.0,229999,60000.0,False,False,False,False,True,False,True,False,False,True,False,True,False,False,False
2772,Tata Indica Vista Quadrajet LS,2014.0,125000,166000.0,False,True,False,False,False,False,True,False,False,True,False,True,False,False,False
2773,Maruti Wagon R LXI Minor,2010.0,100000,60000.0,False,False,False,False,True,False,True,False,False,True,False,True,False,False,False
2774,Maruti Swift Vdi BSIII,2007.0,100000,110000.0,False,True,False,False,False,False,True,False,False,True,False,True,False,False,False
2775,Maruti 800 Std,1998.0,40000,40000.0,False,False,False,False,True,False,True,False,False,True,False,True,False,False,False
2776,Toyota Innova 2.5 G (Diesel) 7 Seater BS IV,2010.0,700000,163000.0,False,True,False,False,False,False,True,False,False,True,False,True,False,False,False
2777,Tata Nano STD,2013.0,55000,25000.0,False,False,False,False,True,False,True,False,False,True,False,True,False,False,False
2778,Chevrolet Captiva LT,2008.0,250000,100000.0,False,True,False,False,False,False,True,False,False,True,False,True,False,False,False
2779,Hyundai Verna CRDi,2007.0,155000,100000.0,False,True,False,False,False,False,True,False,False,True,False,True,False,False,False
2780,Maruti Alto K10 LXI,2015.0,138000,120000.0,False,False,False,False,True,False,True,False,False,True,False,True,False,False,False
2781,Maruti Ertiga ZDI,2012.0,480000,120000.0,False,True,False,False,False,False,True,False,False,True,False,True,False,False,False
2782,Mahindra Scorpio M2DI,2012.0,600000,110000.0,False,True,False,False,False,False,True,False,False,True,False,True,False,False,False
2783,Ford Endeavour Hurricane Limited Edition,2007.0,400000,110000.0,False,True,False,False,False,False,True,False,True,False,False,True,False,False,False
2784,Honda City VTEC,2003.0,310000,90000.0,False,False,False,False,True,False,True,False,False,True,False,True,False,False,False
2785,Mahindra Bolero SLX 2WD,2010.0,250000,190000.0,False,True,False,False,False,False,True,False,False,True,False,True,False,False,False
2786,Maruti Swift Dzire VXi,2009.0,200000,110000.0,False,False,False,False,True,False,True,False,False,True,False,True,False,False,False
2787,Volkswagen Polo Diesel Trendline 1.2L,2010.0,130000,144000.0,False,True,False,False,False,False,True,False,False,True,False,True,False,False,False
2788,Maruti Swift Dzire Vdi BSIV,2011.0,215000,90000.0,False,True,False,False,False,False,True,False,False,True,False,True,False,False,False
2789,Maruti Gypsy King Hard Top,2000.0,165000,60000.0,False,False,False,False,True,False,True,False,False,True,False,True,False,False,False
2790,Mahindra Bolero SLX 2WD BSIII,2011.0,390000,150000.0,False,True,False,False,False,False,True,False,False,True,False,True,False,False,False
2791,Maruti Omni E 8 Str STD,2007.0,110000,90000.0,False,False,False,False,True,False,True,False,False,True,False,True,False,False,False
2792,Maruti Wagon R LX Minor,2013.0,240000,70000.0,False,False,False,False,True,False,True,False,False,True,False,True,False,False,False
2793,Tata Indica DLS,2006.0,50000,120000.0,False,True,False,False,False,False,True,False,False,True,False,True,False,False,False
2794,Hyundai i10 Magna 1.1,2008.0,155000,60000.0,False,False,False,False,True,False,True,False,False,True,False,True,False,False,False
2795,Maruti Wagon R LX BSIII,2009.0,130000,70000.0,False,False,False,False,True,False,True,False,False,True,False,True,False,False,False
2796,Skoda Laura Ambiente 1.9 PD,2007.0,175000,60000.0,False,True,False,False,False,False,True,False,False,True,False,True,False,False,False
2797,Mahindra Quanto C4,2013.0,220000,100000.0,False,True,False,False,False,False,True,False,False,True,False,True,False,False,False
2798,Tata Indica Vista Aura 1.3 Quadrajet,2009.0,135000,90000.0,False,True,False,False,False,False,True,False,False,True,False,True,False,False,False
2800,Maruti Alto K10 LX,2020.0,250000,1100.0,False,False,False,False,True,False,True,False,False,True,False,True,False,False,False
2801,Maruti Wagon R VX,2000.0,50000,88500.0,False,False,False,False,True,False,True,False,False,True,False,True,False,False,False
2802,Volkswagen Vento New Diesel Highline,2012.0,330000,86000.0,False,True,False,False,False,False,True,False,False,True,False,True,False,False,False
2803,Maruti Swift VDI BSIV,2010.0,320000,110000.0,False,True,False,False,False,False,True,False,False,True,False,True,False,False,False
2804,Maruti 800 AC,2009.0,125000,50000.0,False,False,False,False,True,False,True,False,False,True,False,True,False,False,False
2805,Tata Indigo CS LE (TDI) BS-III,2011.0,95000,115000.0,False,True,False,False,False,False,True,False,False,True,False,True,False,False,False
2806,Ford Ikon 1.8 D,2005.0,114999,92645.0,False,True,False,False,False,True,False,False,False,True,False,True,False,False,False
2807,Mahindra Bolero DI,2004.0,110000,120000.0,False,True,False,False,False,False,True,False,False,True,False,True,False,False,False
2808,Maruti Swift Vdi BSIII,2009.0,250000,200000.0,False,True,False,False,False,False,True,False,False,True,False,True,False,False,False
2809,Maruti Alto LXi BSII,2002.0,100000,80000.0,False,False,False,False,True,False,True,False,False,True,False,True,False,False,False
2810,Tata New Safari Dicor EX 4X2 BS IV,2012.0,280000,110000.0,False,True,False,False,False,False,True,False,False,True,False,True,False,False,False
2811,Hyundai Accent GLE 1,1999.0,60000,90000.0,False,False,False,False,True,False,True,False,False,True,False,True,False,False,False
2812,OpelCorsa 1.6Gls,2004.0,142000,73000.0,False,False,False,False,True,False,True,False,False,True,False,True,False,False,False
2813,Maruti Wagon R LXI,2004.0,70000,90000.0,False,False,False,False,True,False,True,False,False,True,False,True,False,False,False
2814,Hyundai Accent CRDi,2006.0,170000,245244.0,False,True,False,False,False,False,True,False,False,True,False,True,False,False,False
2815,Maruti Omni LPG STD BSIV,2006.0,60000,135000.0,False,False,False,True,False,False,True,False,False,True,False,True,False,False,False
2816,Chevrolet Optra 1.6,2006.0,120000,79000.0,False,False,False,False,True,True,False,False,False,True,False,True,False,False,False
2817,Maruti Eeco 5 STR With AC Plus HTR CNG,2010.0,170000,80000.0,True,False,False,False,False,False,True,False,False,True,False,True,False,False,False
2818,Hyundai Sonata 2.4L AT,2006.0,275000,80000.0,False,False,False,False,True,False,True,False,True,False,False,True,False,False,False
2819,Maruti Swift Dzire LDI,2013.0,250000,80000.0,False,True,False,False,False,False,True,False,False,True,False,True,False,False,False
2820,Ambassador Classic 2000 Dsz,2002.0,50000,120000.0,False,True,False,False,False,False,True,False,False,True,False,True,False,False,False
2821,Maruti Zen LX,1999.0,70000,70000.0,False,False,False,False,True,False,True,False,False,True,False,True,False,False,False
2822,Maruti 800 Std,1998.0,55000,80000.0,False,False,False,False,True,False,True,False,False,True,False,True,False,False,False
2823,Hyundai Santro Xing GLS,2010.0,155000,90000.0,False,False,False,False,True,False,True,False,False,True,False,True,False,False,False
2824,Toyota Innova 2.5 G4 Diesel 7-seater,2007.0,440000,223000.0,False,True,False,False,False,False,True,False,False,True,False,True,False,False,False
2825,Ford Fiesta 1.4 ZXi TDCi ABS,2009.0,110000,100000.0,False,True,False,False,False,False,True,False,False,True,False,True,False,False,False
2826,Maruti Omni E MPI STD BS IV,2017.0,210000,50000.0,False,False,False,False,True,False,True,False,False,True,False,True,False,False,False
2827,Maruti Omni CNG,2007.0,45000,100000.0,True,False,False,False,False,False,True,False,False,True,False,True,False,False,False
2828,Maruti Zen Estilo 1.1 LXI BSIII,2008.0,130000,80000.0,False,False,False,False,True,False,True,False,False,True,False,True,False,False,False
2829,Mahindra Bolero DI DX 8 Seater,2004.0,229999,168000.0,False,True,False,False,False,False,True,False,False,True,False,True,False,False,False
2830,Mahindra Quanto C4,2013.0,290000,150000.0,False,True,False,False,False,False,True,False,False,True,False,True,False,False,False
2832,Hyundai Getz GLS,2007.0,95000,120000.0,False,False,False,False,True,False,True,False,False,True,False,True,False,False,False
2833,Maruti A-Star Vxi,2009.0,110000,110000.0,False,False,False,False,True,False,True,False,False,True,False,True,False,False,False
2834,Maruti Alto LXi,2008.0,100000,130000.0,False,False,False,False,True,False,True,False,False,True,False,True,False,False,False
2836,Maruti 800 AC BSII,1992.0,50000,100000.0,False,False,False,False,True,False,True,False,False,True,False,True,False,False,False
2837,Hyundai i20 1.2 Sportz,2011.0,260000,97700.0,False,False,False,False,True,False,True,False,False,True,False,True,False,False,False
2838,Hyundai Santro LE zipPlus,2003.0,48000,50000.0,False,False,False,False,True,False,True,False,False,True,False,True,False,False,False
2839,Maruti 800 AC,2002.0,80000,40000.0,False,False,False,False,True,False,True,False,False,True,False,True,False,False,False
2840,Fiat Punto 1.4 Emotion,2010.0,165000,60000.0,False,False,False,False,True,False,True,False,False,True,False,True,False,False,False
2841,Hyundai Santro Xing GLS,2009.0,120000,70000.0,False,False,False,False,True,False,True,False,False,True,False,True,False,False,False
2842,Maruti Zen Estilo LXI Green (CNG),2010.0,110000,80000.0,True,False,False,False,False,False,True,False,False,True,False,True,False,False,False
2845,Chevrolet Cruze LT,2012.0,380000,90000.0,False,True,False,False,False,False,True,False,False,True,False,True,False,False,False
2846,Maruti Zen LX,2001.0,93000,97000.0,False,False,False,False,True,False,True,False,False,True,False,True,False,False,False
2848,Toyota Corolla H2,2005.0,175000,100000.0,False,False,False,False,True,False,True,False,False,True,False,True,False,False,False
2849,Maruti Ritz VDi,2012.0,250000,110000.0,False,True,False,False,False,False,True,False,False,True,False,True,False,False,False
2850,Maruti Zen LXI,2003.0,70000,60000.0,False,False,False,False,True,False,True,False,False,True,False,True,False,False,False
2851,Honda Amaze VX i-DTEC,2014.0,450000,141000.0,False,True,False,False,False,False,True,False,False,True,False,False,True,False,False
2852,Tata Indigo Grand Petrol,2014.0,240000,60000.0,False,False,False,False,True,False,True,False,False,True,False,False,True,False,False
2853,Honda Amaze VX i-DTEC,2014.0,450000,60000.0,False,True,False,False,False,False,True,False,False,True,False,False,True,False,False
2855,Chevrolet Enjoy TCDi LTZ 7 Seater,2013.0,390000,33000.0,False,True,False,False,False,False,True,False,False,True,False,False,True,False,False
2856,Mercedes-Benz New C-Class C 220 CDI Avantgarde,2012.0,1375000,33800.0,False,True,False,False,False,True,False,False,True,False,False,False,True,False,False
2857,Skoda Superb Ambition 2.0 TDI CR AT,2011.0,450000,130400.0,False,True,False,False,False,True,False,False,True,False,False,False,True,False,False
2858,BMW 3 Series 320d Sport Line,2013.0,1550000,75800.0,False,True,False,False,False,True,False,False,True,False,False,False,True,False,False
2859,Honda City i DTEC V,2014.0,560000,74000.0,False,True,False,False,False,False,True,False,False,True,False,False,True,False,False
2860,Maruti Wagon R VXI BS IV with ABS,2014.0,290000,64000.0,False,False,False,False,True,False,True,False,False,True,False,False,True,False,False
2861,Maruti Wagon R VXI BS IV,2012.0,275000,60000.0,False,False,False,False,True,False,True,False,False,True,False,False,True,False,False
2862,Mahindra Scorpio LX,2009.0,411000,120000.0,False,True,False,False,False,False,True,False,False,True,False,False,True,False,False
2863,Maruti Alto LXi,2012.0,160000,60000.0,False,False,False,False,True,False,True,False,False,True,False,False,True,False,False
2864,Mahindra Jeep CL 500 MDI,1996.0,250000,35000.0,False,True,False,False,False,False,True,False,False,True,False,False,True,False,False
2865,Hyundai EON Magna Plus,2014.0,240000,73300.0,False,False,False,False,True,True,False,False,False,True,False,False,True,False,False
2866,Maruti Alto LXi,2009.0,151000,66764.0,False,False,False,False,True,True,False,False,False,True,False,False,True,False,False
2867,Chevrolet Tavera Neo LS B3 - 7(C) seats BSIII,2010.0,280000,350000.0,False,True,False,False,False,False,True,False,False,True,False,False,True,False,False
2868,Honda Civic 1.8 V AT,2007.0,200000,54000.0,False,False,False,False,True,False,True,False,True,False,False,False,True,False,False
2869,Hyundai i10 Sportz 1.2,2010.0,248000,63000.0,False,True,False,False,False,False,True,False,False,True,False,False,True,False,False
2870,Skoda Rapid 1.5 TDI Elegance,2014.0,450000,120000.0,False,True,False,False,False,False,True,False,False,True,False,False,True,False,False
2871,Nissan Terrano XL,2014.0,650000,76000.0,False,False,False,False,True,False,True,False,False,True,False,False,True,False,False
2872,Hyundai Santro Xing XO,2007.0,80000,58000.0,False,False,False,False,True,True,False,False,False,True,False,False,True,False,False
2873,Audi A6 2.0 TDI Premium Plus,2014.0,1470000,34000.0,False,True,False,False,False,True,False,False,True,False,False,False,True,False,False
2874,Fiat Avventura MULTIJET Emotion,2015.0,350000,53000.0,False,True,False,False,False,False,True,False,False,True,False,False,True,False,False
2875,Datsun RediGO 1.0 S,2017.0,210000,15000.0,False,False,False,False,True,True,False,False,False,True,False,False,True,False,False
2876,Maruti Swift Dzire VDI,2014.0,434000,79350.0,False,True,False,False,False,False,True,False,False,True,False,False,True,False,False
2877,Mahindra Scorpio LX BSIV,2014.0,555000,90000.0,False,True,False,False,False,False,True,False,False,True,False,False,True,False,False
2878,Maruti SX4 Vxi BSIII,2007.0,120000,60000.0,False,False,False,False,True,False,True,False,False,True,False,False,True,False,False
2879,Maruti Ertiga VDI,2014.0,500000,120000.0,False,True,False,False,False,False,True,False,False,True,False,False,True,False,False
2880,Chevrolet Beat Diesel,2013.0,165000,60000.0,False,True,False,False,False,False,True,False,False,True,False,False,True,False,False
2881,Tata Nano Lx BSIV,2012.0,100000,50000.0,False,False,False,False,True,False,True,False,False,True,False,False,True,False,False
2882,Maruti Ertiga SHVS VDI,2016.0,800000,70000.0,False,True,False,False,False,False,True,False,False,True,False,False,True,False,False
2883,Hyundai Creta 1.6 CRDi SX,2016.0,840000,70000.0,False,True,False,False,False,False,True,False,False,True,False,False,True,False,False
2884,Tata Indica Vista Aqua 1.4 TDI,2010.0,125000,81000.0,False,True,False,False,False,False,True,False,False,True,False,False,True,False,False
2885,Hyundai EON Era Plus,2013.0,280000,60000.0,False,False,False,False,True,False,True,False,False,True,False,False,True,False,False
2886,Hyundai Santro Xing XL eRLX Euro III,2007.0,75000,60000.0,False,False,False,False,True,False,True,False,False,True,False,False,True,False,False
2887,Mahindra Quanto C8,2012.0,195000,140000.0,False,True,False,False,False,False,True,False,False,True,False,False,True,False,False
2888,Jaguar XJ 5.0 L V8 Supercharged,2010.0,2550000,40000.0,False,False,False,False,True,False,True,False,True,False,False,False,True,False,False
2889,Honda Brio E MT,2013.0,260000,70000.0,False,False,False,False,True,False,True,False,False,True,False,False,True,False,False
2890,Hyundai i10 Asta AT,2011.0,350000,50000.0,False,False,False,False,True,False,True,False,True,False,False,False,True,False,False
2891,Chevrolet Beat LT,2011.0,120000,90000.0,False,False,False,False,True,False,True,False,False,True,False,False,True,False,False
2892,Renault Duster 110PS Diesel RxZ,2013.0,320000,90000.0,False,True,False,False,False,False,True,False,False,True,False,False,True,False,False
2893,Maruti 800 AC,2007.0,95000,60000.0,False,False,False,False,True,False,True,False,False,True,False,False,True,False,False
2894,Maruti 800 Std BSII,2004.0,80000,60000.0,False,False,False,False,True,False,True,False,False,True,False,False,True,False,False
2895,Maruti Alto LX,2009.0,150000,60000.0,False,False,False,False,True,False,True,False,False,True,False,False,True,False,False
2896,Hyundai i20 Asta,2009.0,280000,110000.0,False,False,False,False,True,False,True,False,False,True,False,False,True,False,False
2897,Maruti Zen D,2003.0,75000,100000.0,False,True,False,False,False,False,True,False,False,True,False,False,True,False,False
2898,Honda City 1.5 EXI,2005.0,100000,120000.0,False,False,False,False,True,False,True,False,False,True,False,False,True,False,False
2899,Renault Duster 110PS Diesel RxZ,2012.0,434999,110000.0,False,True,False,False,False,False,True,False,False,True,False,False,True,False,False
2900,Nissan Micra XL,2014.0,210000,40000.0,False,False,False,False,True,False,True,False,False,True,False,False,True,False,False
2901,Maruti Ertiga SHVS ZDI,2016.0,450000,115962.0,False,True,False,False,False,False,True,False,False,True,False,False,True,False,False
2902,Maruti Omni LPG CARGO BSIII W IMMOBILISER,2009.0,80000,90000.0,False,True,False,False,False,False,True,False,False,True,False,False,True,False,False
2903,Maruti Alto LX,2012.0,140000,70000.0,False,False,False,False,True,False,True,False,False,True,False,False,True,False,False
2904,Hyundai Verna i (Petrol),2008.0,120000,90000.0,False,False,False,False,True,False,True,False,False,True,False,False,True,False,False
2905,Maruti SX4 Celebration Diesel,2012.0,285000,80000.0,False,True,False,False,False,False,True,False,False,True,False,False,True,False,False
2906,Maruti SX4 Zxi with Leather BSIII,2008.0,225000,60000.0,False,False,False,False,True,False,True,False,False,True,False,False,True,False,False
2907,Hyundai i10 Era,2011.0,175000,139000.0,False,False,False,False,True,False,True,False,False,True,False,False,True,False,False
2908,Toyota Innova 2.5 V Diesel 7-seater,2011.0,1075000,160000.0,False,True,False,False,False,False,True,False,False,True,False,False,True,False,False
2909,Tata Indica Vista TDI LS,2011.0,120000,120000.0,False,True,False,False,False,False,True,False,False,True,False,False,True,False,False
2910,Chevrolet Beat Diesel LS,2012.0,220000,100000.0,False,True,False,False,False,False,True,False,False,True,False,False,True,False,False
2911,Skoda Fabia 1.2L Diesel Ambiente,2010.0,180000,87000.0,False,True,False,False,False,True,False,False,False,True,False,False,True,False,False
2912,Ford Figo Petrol Titanium,2015.0,300000,50000.0,False,False,False,False,True,False,True,False,False,True,False,False,True,False,False
2913,Chevrolet Beat Diesel LT,2011.0,130000,80000.0,False,True,False,False,False,False,True,False,False,True,False,False,True,False,False
2914,Tata Sumo GX TC 7 Str BSIII,2006.0,115999,100000.0,False,True,False,False,False,False,True,False,False,True,False,False,True,False,False
2915,Maruti 800 AC,2002.0,65000,100000.0,False,False,False,False,True,False,True,False,False,True,False,False,True,False,False
2916,Maruti Ertiga SHVS ZDI Plus,2017.0,1000000,60000.0,False,True,False,False,False,False,True,False,False,True,False,False,True,False,False
2917,Hyundai i20 1.4 Magna ABS,2009.0,180000,60000.0,False,True,False,False,False,False,True,False,False,True,False,False,True,False,False
2918,Maruti Alto LXi,2010.0,120000,90000.0,False,False,False,False,True,False,True,False,False,True,False,False,True,False,False
2919,Hyundai i20 1.2 Spotz,2018.0,650000,60000.0,False,False,False,False,True,False,True,False,False,True,False,False,True,False,False
2920,Maruti Wagon R LXI Minor,2010.0,100000,80000.0,False,False,False,False,True,False,True,False,False,True,False,False,True,False,False
2921,Hyundai i20 Asta,2010.0,270000,110000.0,False,False,False,False,True,False,True,False,False,True,False,False,True,False,False
2922,Mahindra Bolero SLX 2WD BSIII,2011.0,430000,70000.0,False,True,False,False,False,False,True,False,False,True,False,False,True,False,False
2923,Toyota Etios Liva G,2013.0,229999,50000.0,False,False,False,False,True,False,True,False,False,True,False,False,True,False,False
2924,Maruti Swift Dzire 1.2 Vxi BSIV,2012.0,395000,49000.0,False,False,False,False,True,False,True,False,False,True,False,False,True,False,False
2925,Mahindra Scorpio VLS AT 2.2 mHAWK,2011.0,650000,60000.0,False,True,False,False,False,False,True,False,True,False,False,False,True,False,False
2926,Mahindra Bolero SLX,2011.0,350000,90000.0,False,True,False,False,False,False,True,False,False,True,False,False,True,False,False
2927,Maruti Wagon R LXI,2005.0,80000,40000.0,False,False,False,False,True,False,True,False,False,True,False,False,True,False,False
2928,Datsun GO A,2015.0,250000,40000.0,False,False,False,False,True,False,True,False,False,True,False,False,True,False,False
2929,Maruti Zen LXi BSII,2002.0,60000,80000.0,False,False,False,False,True,False,True,False,False,True,False,False,True,False,False
2930,Hyundai i20 1.2 Spotz,2017.0,575000,20000.0,False,False,False,False,True,False,True,False,False,True,False,False,True,False,False
2931,Renault Duster 110PS Diesel RxZ,2012.0,350000,110000.0,False,True,False,False,False,False,True,False,False,True,False,False,True,False,False
2932,Ford Endeavour Titanium 4X2,2011.0,600000,149674.0,False,True,False,False,False,True,False,False,False,True,False,False,True,False,False
2933,Tata Indica DLX,2003.0,50000,120000.0,False,True,False,False,False,False,True,False,False,True,False,False,True,False,False
2934,Maruti Wagon R VXI BS IV,2014.0,300000,35000.0,False,False,False,False,True,False,True,False,False,True,False,False,True,False,False
2935,Maruti Swift Dzire VDI,2015.0,490000,60000.0,False,True,False,False,False,False,True,False,False,True,False,False,True,False,False
2936,Toyota Etios Liva GD,2012.0,300000,50000.0,False,True,False,False,False,False,True,False,False,True,False,False,True,False,False
2937,Hyundai Xcent 1.1 CRDi Base,2015.0,350000,70000.0,False,True,False,False,False,False,True,False,False,True,False,False,True,False,False
2938,Maruti Swift VXI with ABS,2007.0,250000,120000.0,False,False,False,False,True,False,True,False,False,True,False,False,True,False,False
2939,Maruti SX4 Vxi BSIII,2007.0,100000,90000.0,False,False,False,False,True,False,True,False,False,True,False,False,True,False,False
2940,Mahindra Scorpio SLE BSIV,2014.0,500000,70000.0,False,True,False,False,False,False,True,False,False,True,False,False,True,False,False
2941,Hyundai Santro Xing GLS CNG,2010.0,130000,98000.0,True,False,False,False,False,False,True,False,False,True,False,False,True,False,False
2942,Ford Figo Diesel Celebration Edition,2013.0,150000,80000.0,False,True,False,False,False,False,True,False,False,True,False,False,True,False,False
2943,Tata Manza Aura Quadrajet BS IV,2011.0,260000,97000.0,False,True,False,False,False,False,True,False,False,True,False,False,True,False,False
2944,Tata Tiago 1.2 Revotron XZA,2019.0,350000,15000.0,False,False,False,False,True,False,True,False,True,False,False,False,True,False,False
2945,Maruti Swift VXI BSIII,2011.0,250000,70000.0,False,False,False,False,True,False,True,False,False,True,False,False,True,False,False
2946,Maruti Wagon R LXI,2006.0,90000,62009.0,False,False,False,False,True,False,True,False,False,True,False,False,True,False,False
2947,Hyundai i20 Active 1.2 S,2017.0,595000,33100.0,False,False,False,False,True,False,True,False,False,True,False,False,True,False,False
2948,Hyundai EON Era Plus,2014.0,190000,40000.0,False,False,False,False,True,False,True,False,False,True,False,False,True,False,False
2949,Hyundai Santro GLS I - Euro I,1999.0,50000,120000.0,False,False,False,False,True,False,True,False,False,True,False,False,True,False,False
2950,Mahindra Scorpio REV 116,2006.0,220000,220000.0,False,False,False,False,True,False,True,False,False,True,False,False,True,False,False
2951,Datsun GO Plus A,2015.0,315000,45000.0,False,False,False,False,True,False,True,False,False,True,False,False,True,False,False
2952,Maruti 800 AC,2007.0,105000,60000.0,False,False,False,False,True,False,True,False,False,True,False,False,True,False,False
2953,Tata New Safari DICOR 2.2 EX 4x2,2010.0,250000,120000.0,False,True,False,False,False,False,True,False,False,True,False,False,True,False,False
2954,Chevrolet Spark 1.0 LS,2008.0,75000,35000.0,False,False,False,False,True,False,True,False,False,True,False,False,True,False,False
2955,Chevrolet Sail Hatchback LS ABS,2013.0,200000,60000.0,False,True,False,False,False,False,True,False,False,True,False,False,True,False,False
2956,Maruti Ritz VDi,2011.0,150000,40000.0,False,True,False,False,False,False,True,False,False,True,False,False,True,False,False
2957,Ford Endeavour 2.5L 4X2 MT,2011.0,550000,54000.0,False,True,False,False,False,False,True,False,False,True,False,False,True,False,False
2958,Hyundai Verna 1.6 CRDI,2011.0,300000,127500.0,False,True,False,False,False,False,True,False,False,True,False,False,True,False,False
2959,Ford Endeavour 4x4 XLT,2004.0,275000,60000.0,False,True,False,False,False,True,False,False,False,True,False,False,True,False,False
2960,Volkswagen Jetta 2.0 TDI Trendline,2011.0,270000,180000.0,False,True,False,False,False,False,True,False,False,True,False,False,True,False,False
2961,Volkswagen Polo 1.5 TDI Highline,2015.0,500000,30000.0,False,True,False,False,False,False,True,False,False,True,False,False,True,False,False
2962,Audi Q5 2.0 TDI,2012.0,1350000,90000.0,False,True,False,False,False,False,True,False,True,False,False,False,True,False,False
2963,Renault Duster 85PS Diesel RxE,2013.0,400000,60000.0,False,True,False,False,False,True,False,False,False,True,False,False,True,False,False
2964,Ford Figo Diesel Titanium,2011.0,220000,70000.0,False,True,False,False,False,False,True,False,False,True,False,False,True,False,False
2965,Honda Brio E MT,2012.0,300000,85962.0,False,False,False,False,True,True,False,False,False,True,False,False,True,False,False
2966,Honda Brio S Option AT,2012.0,285000,75000.0,False,False,False,False,True,False,True,False,True,False,False,False,True,False,False
2967,Mahindra XUV500 W6 2WD,2013.0,500000,72104.0,False,True,False,False,False,True,False,False,False,True,False,False,True,False,False
2968,Tata Indica Vista Terra 1.4 TDI,2009.0,150000,164000.0,False,True,False,False,False,False,True,False,False,True,False,False,True,False,False
2969,Maruti Alto LX,2006.0,65000,124439.0,False,False,False,False,True,False,True,False,False,True,False,False,True,False,False
2970,Maruti Zen VXI,2006.0,120000,77000.0,False,False,False,False,True,False,True,False,False,True,False,False,True,False,False
2971,Maruti Swift VDI,2012.0,320000,80000.0,False,True,False,False,False,False,True,False,False,True,False,False,True,False,False
2972,Maruti 800 AC BSII,2001.0,43000,60000.0,False,False,False,False,True,False,True,False,False,True,False,False,True,False,False
2973,Hyundai Verna CRDi,2008.0,195000,90000.0,False,True,False,False,False,False,True,False,False,True,False,False,True,False,False
2974,Chevrolet Beat LS,2011.0,225000,80000.0,False,False,False,False,True,False,True,False,False,True,False,False,True,False,False
2975,Hyundai i10 Era 1.1,2009.0,120000,120000.0,False,False,False,False,True,False,True,False,False,True,False,False,True,False,False
2976,Maruti Alto LX,2009.0,140000,120000.0,False,False,False,False,True,False,True,False,False,True,False,False,True,False,False
2977,Ford Figo Diesel ZXI,2011.0,175000,149000.0,False,True,False,False,False,False,True,False,False,True,False,False,True,False,False
2978,Maruti Wagon R LXI BSIII,2005.0,90000,65000.0,False,False,False,False,True,False,True,False,False,True,False,False,True,False,False
2979,Maruti Swift Ldi BSIV,2009.0,275000,100000.0,False,True,False,False,False,False,True,False,False,True,False,False,True,False,False
2980,Volkswagen Vento Diesel Highline,2011.0,300000,65000.0,False,True,False,False,False,False,True,False,False,True,False,False,True,False,False
2981,Datsun GO Plus T Option BSIV,2018.0,270000,19000.0,False,False,False,False,True,False,True,False,False,True,False,False,True,False,False
2982,Chevrolet Beat LT,2010.0,130000,80000.0,False,False,False,False,True,False,True,False,False,True,False,False,True,False,False
2984,Maruti Swift Vdi BSIII,2010.0,300000,110000.0,False,True,False,False,False,False,True,False,False,True,False,False,True,False,False
2985,Toyota Etios VD,2011.0,450000,100000.0,False,True,False,False,False,False,True,False,False,True,False,False,True,False,False
2986,Ford Figo Titanium Diesel BSIV,2010.0,325000,60000.0,False,True,False,False,False,True,False,False,False,True,False,False,True,False,False
2987,Mahindra XUV500 W8 2WD,2013.0,900000,85036.0,False,True,False,False,False,True,False,False,False,True,False,False,True,False,False
2988,Ford Ikon 1.3L Rocam Flair,2006.0,180000,91086.0,False,False,False,False,True,True,False,False,False,True,False,False,True,False,False
2989,Fiat Punto 1.3 Emotion,2013.0,350000,160254.0,False,True,False,False,False,True,False,False,False,True,False,False,True,False,False
2990,Ford EcoSport 1.5 TDCi Titanium BSIV,2013.0,600000,125531.0,False,True,False,False,False,True,False,False,False,True,False,False,True,False,False
2991,Mahindra Xylo D2,2009.0,225000,120000.0,False,True,False,False,False,False,True,False,False,True,False,False,True,False,False
2992,Hyundai EON Era Plus,2015.0,295000,21000.0,False,False,False,False,True,True,False,False,False,True,False,False,True,False,False
2993,Jaguar XF 5.0 Litre V8 Petrol,2012.0,2050000,66363.0,False,False,False,False,True,True,False,False,True,False,False,False,True,False,False
2994,Mercedes-Benz GL-Class 350 CDI Blue Efficiency,2014.0,4400000,100000.0,False,True,False,False,False,False,True,False,True,False,False,False,True,False,False
2995,Volkswagen Polo GTI,2017.0,850000,20000.0,False,False,False,False,True,True,False,False,True,False,False,False,True,False,False
2996,Maruti Celerio VXI AMT BSIV,2016.0,450000,39415.0,False,False,False,False,True,False,False,True,True,False,False,False,True,False,False
2997,Hyundai Creta 1.6 SX Automatic Diesel,2015.0,1150000,54634.0,False,True,False,False,False,False,False,True,True,False,False,False,True,False,False
2998,Toyota Innova Crysta 2.4 GX AT,2018.0,1725000,23974.0,False,True,False,False,False,True,False,False,True,False,False,False,True,False,False
2999,Renault Duster 85PS Diesel RxL,2013.0,450000,1000.0,False,True,False,False,False,True,False,False,False,True,False,False,True,False,False
3000,Maruti SX4 Vxi BSIV,2012.0,225000,110000.0,False,False,False,False,True,False,True,False,False,True,False,False,True,False,False
3007,Hyundai i20 Sportz 1.2,2014.0,350000,50000.0,False,False,False,False,True,False,True,False,False,True,False,False,True,False,False
3008,Hyundai i20 Sportz 1.2,2013.0,380000,50000.0,False,False,False,False,True,False,True,False,False,True,False,False,True,False,False
3009,Maruti Gypsy E MG410W ST,1995.0,95000,100000.0,False,False,False,False,True,False,True,False,False,True,False,False,True,False,False
3010,Chevrolet Beat LT,2012.0,200999,90000.0,False,False,False,False,True,False,True,False,False,True,False,False,True,False,False
3011,Mahindra Verito 1.5 D4 BSIV,2012.0,150000,172000.0,False,True,False,False,False,False,True,False,False,True,False,False,True,False,False
3012,Maruti Swift 1.3 VXi,2006.0,80000,66508.0,False,False,False,False,True,False,True,False,False,True,False,False,True,False,False
3013,Honda Civic 1.8 MT Sport,2007.0,225000,55000.0,False,False,False,False,True,False,True,False,False,True,False,False,True,False,False
3014,Tata Indica Vista Aqua 1.4 TDI,2010.0,100000,120000.0,False,True,False,False,False,False,True,False,False,True,False,False,True,False,False
3015,Ford Fiesta Classic 1.4 Duratorq CLXI,2011.0,150000,186000.0,False,True,False,False,False,False,True,False,False,True,False,False,True,False,False
3016,Hyundai Verna 1.6 SX,2013.0,495000,100000.0,False,True,False,False,False,False,True,False,False,True,False,False,True,False,False
3017,Hyundai Verna CRDi,2008.0,250000,110000.0,False,True,False,False,False,False,True,False,False,True,False,False,True,False,False
3018,Honda City 1.5 V AT,2011.0,311000,70000.0,False,False,False,False,True,False,True,False,True,False,False,False,True,False,False
3019,Hyundai Verna 1.6 SX CRDi (O),2012.0,409999,60000.0,False,True,False,False,False,False,True,False,False,True,False,False,True,False,False
3020,Skoda Octavia Classic 1.9 TDI MT,2004.0,120000,120000.0,False,True,False,False,False,False,True,False,False,True,False,False,True,False,False
3021,Toyota Etios GD,2016.0,625000,80000.0,False,True,False,False,False,False,True,False,False,True,False,False,True,False,False
3022,Hyundai Verna 1.6 SX,2012.0,390000,86000.0,False,True,False,False,False,False,True,False,False,True,False,False,True,False,False
3023,Hyundai Santro Xing GL Plus LPG,2011.0,229999,60000.0,False,False,False,True,False,False,True,False,False,True,False,False,True,False,False
3024,Maruti Ritz LDi,2016.0,299000,50000.0,False,True,False,False,False,False,True,False,False,True,False,False,True,False,False
3025,Chevrolet Cruze LTZ,2010.0,330000,124000.0,False,True,False,False,False,False,True,False,False,True,False,False,True,False,False
3026,Hyundai i20 Asta,2010.0,265000,47564.0,False,False,False,False,True,True,False,False,False,True,False,False,True,False,False
3027,Volkswagen Polo Petrol Highline 1.2L,2010.0,211000,45143.0,False,False,False,False,True,True,False,False,False,True,False,False,True,False,False
3028,Skoda Superb 1.8 TSI,2013.0,599000,61624.0,False,False,False,False,True,True,False,False,True,False,False,False,True,False,False
3029,Tata Sumo GX TC 8 Str,2010.0,220000,120000.0,False,True,False,False,False,False,True,False,False,True,False,False,True,False,False
3030,Maruti Alto LXi,2008.0,110000,90000.0,False,False,False,False,True,False,True,False,False,True,False,False,True,False,False
3032,Mahindra Bolero 2011-2019 SLX 2WD BSIII,2013.0,550000,78413.0,False,True,False,False,False,True,False,False,False,True,False,False,True,False,False
3033,Honda Brio S MT,2015.0,350000,34823.0,False,False,False,False,True,True,False,False,False,True,False,False,True,False,False
3034,Tata Indica GLS BS IV,2009.0,68000,120000.0,False,False,False,False,True,False,True,False,False,True,False,False,True,False,False
3035,Maruti Alto 800 LXI,2014.0,180000,56207.0,False,True,False,False,False,True,False,False,False,True,False,False,True,False,False
3036,Tata New Safari DICOR 2.2 GX 4x2,2011.0,320000,100000.0,False,True,False,False,False,False,True,False,False,True,False,False,True,False,False
3037,Mahindra XUV500 W8 2WD,2012.0,400000,150000.0,False,True,False,False,False,False,True,False,False,True,False,False,True,False,False
3038,Hyundai Verna 1.6 SX VTVT (O),2013.0,530000,89000.0,False,False,False,False,True,False,True,False,False,True,False,False,True,False,False
3039,Maruti Swift Dzire VDI,2014.0,390000,60000.0,False,True,False,False,False,False,True,False,False,True,False,False,True,False,False
3040,Fiat Grande Punto 1.3 Dynamic (Diesel),2012.0,185000,100000.0,False,True,False,False,False,False,True,False,False,True,False,False,True,False,False
3041,Maruti SX4 Vxi BSIV,2012.0,300000,100000.0,False,False,False,False,True,False,True,False,False,True,False,False,True,False,False
3042,Maruti Swift VDI BSIV,2014.0,575000,90000.0,False,True,False,False,False,False,True,False,False,True,False,False,True,False,False
3043,Mahindra Quanto C8,2013.0,300000,25000.0,False,True,False,False,False,False,True,False,False,True,False,False,True,False,False
3044,Mahindra Bolero Power Plus SLX,2017.0,400000,50000.0,False,True,False,False,False,False,True,False,False,True,False,False,True,False,False
3045,Mahindra Scorpio 1.99 S10,2016.0,610000,15000.0,False,True,False,False,False,False,True,False,False,True,False,False,True,False,False
3046,Fiat Palio D 1.9 EL PS,2003.0,55000,35000.0,False,True,False,False,False,False,True,False,False,True,False,False,True,False,False
3047,Maruti Alto 800 CNG LXI,2012.0,170000,97000.0,True,False,False,False,False,False,True,False,False,True,False,False,True,False,False
3048,Hyundai Grand i10 Sportz,2015.0,350000,90000.0,False,False,False,False,True,False,True,False,False,True,False,False,True,False,False
3049,Mercedes-Benz M-Class ML 350 CDI,2014.0,2500000,79500.0,False,True,False,False,False,False,True,False,True,False,False,False,True,False,False
3050,Hyundai Verna 1.6 SX CRDi (O),2013.0,620000,70000.0,False,True,False,False,False,False,True,False,False,True,False,False,True,False,False
3051,Tata New Safari DICOR 2.2 EX 4x4,2009.0,250000,120000.0,False,True,False,False,False,False,True,False,False,True,False,False,True,False,False
3052,Mahindra Marazzo M4,2018.0,950000,15000.0,False,True,False,False,False,False,True,False,False,True,False,False,True,False,False
3053,Hyundai i20 Asta 1.4 CRDi (Diesel),2009.0,250000,72000.0,False,True,False,False,False,False,True,False,False,True,False,False,True,False,False
3054,Toyota Innova 2.0 GX 8 STR BSIV,2011.0,550000,197000.0,False,False,False,False,True,False,True,False,False,True,False,False,True,False,False
3055,Maruti Zen LXI,1999.0,85000,70000.0,False,False,False,False,True,False,True,False,False,True,False,False,True,False,False
3056,Maruti SX4 ZDI Leather,2012.0,400000,60000.0,False,True,False,False,False,False,True,False,False,True,False,False,True,False,False
3057,Ford Fiesta Titanium 1.5 TDCi,2011.0,325000,100000.0,False,True,False,False,False,False,True,False,False,True,False,False,True,False,False
3058,Maruti Swift Dzire LDI,2014.0,390000,110000.0,False,True,False,False,False,False,True,False,False,True,False,False,True,False,False
3059,Hyundai i20 1.2 Spotz,2017.0,400000,60000.0,False,False,False,False,True,False,True,False,False,True,False,False,True,False,False
3060,Mahindra XUV500 W8 2WD,2013.0,500000,100000.0,False,True,False,False,False,False,True,False,False,True,False,False,True,False,False
3061,Mahindra Verito 1.5 D2 BSIV,2015.0,227000,70000.0,False,True,False,False,False,False,True,False,False,True,False,False,True,False,False
3062,Maruti Swift VDI,2011.0,285000,50000.0,False,True,False,False,False,False,True,False,False,True,False,False,True,False,False
3063,Maruti Alto LX,2012.0,155000,60000.0,False,False,False,False,True,False,True,False,False,True,False,False,True,False,False
3064,Maruti Alto LXi,2009.0,140000,80000.0,False,False,False,False,True,False,True,False,False,True,False,False,True,False,False
3065,Hyundai i10 Sportz 1.2,2010.0,210000,60000.0,False,False,False,False,True,False,True,False,False,True,False,False,True,False,False
3066,Hyundai Santro Xing XG eRLX Euro III,2006.0,90000,120000.0,False,False,False,False,True,False,True,False,False,True,False,False,True,False,False
3067,Maruti Alto 800 LXI,2015.0,240000,50000.0,False,False,False,False,True,False,True,False,False,True,False,False,True,False,False
3068,Toyota Etios Liva GD,2013.0,450000,70000.0,False,True,False,False,False,False,True,False,False,True,False,False,True,False,False
3070,Maruti SX4 Vxi BSIV,2012.0,225000,110000.0,False,True,False,False,False,False,True,False,False,True,False,False,True,False,False
3073,Ford Endeavour XLT TDCi 4X2,2008.0,280000,190000.0,False,True,False,False,False,False,True,False,False,True,False,False,True,False,False
3074,Hyundai Accent CRDi,2005.0,100000,120000.0,False,True,False,False,False,False,True,False,False,True,False,False,True,False,False
3075,Hyundai Santro Xing XG,2005.0,95000,120000.0,False,False,False,False,True,False,True,False,False,True,False,False,True,False,False
3076,Hyundai i10 Era 1.1 iTech SE,2011.0,147000,110000.0,False,False,False,False,True,False,True,False,False,True,False,False,True,False,False
3077,Hyundai Santro Xing GLS,2014.0,250000,50000.0,False,False,False,False,True,False,True,False,False,True,False,False,True,False,False
3078,Tata Indica LSI,2006.0,70000,60000.0,False,False,False,False,True,False,True,False,False,True,False,False,True,False,False
3079,Ford Endeavour 3.0L 4X4 AT,2011.0,1000000,90000.0,False,True,False,False,False,False,True,False,True,False,False,False,True,False,False
3080,Maruti Alto LX,2007.0,100000,52000.0,False,False,False,False,True,False,True,False,False,True,False,False,True,False,False
3081,Tata Indigo LX,2011.0,140000,60000.0,False,True,False,False,False,False,True,False,False,True,False,False,True,False,False
3083,Mitsubishi Pajero Sport 4X4,2012.0,1025000,167870.0,False,True,False,False,False,True,False,False,False,True,False,False,True,False,False
3084,Tata Xenon XT EX 4X2,2012.0,400000,80000.0,False,True,False,False,False,False,True,False,False,True,False,False,True,False,False
3085,Nissan Terrano XL Plus 85 PS,2014.0,550000,80000.0,False,True,False,False,False,False,True,False,False,True,False,False,True,False,False
3086,Maruti Ertiga ZDI,2012.0,555000,110000.0,False,True,False,False,False,False,True,False,False,True,False,False,True,False,False
3087,Ford Ecosport 1.5 DV5 MT Ambiente,2013.0,500000,60000.0,False,True,False,False,False,False,True,False,False,True,False,False,True,False,False
3088,Skoda Laura Elegance 1.9 TDI  AT,2010.0,400000,130000.0,False,True,False,False,False,False,True,False,True,False,False,False,True,False,False
3089,Mahindra Jeep MM 540,2007.0,95000,100000.0,False,True,False,False,False,False,True,False,False,True,False,False,True,False,False
3090,Mahindra Scorpio 1.99 S10,2014.0,725000,135000.0,False,True,False,False,False,False,True,False,False,True,False,False,True,False,False
3091,Tata Zest Revotron 1.2T XMS,2018.0,400000,54000.0,False,False,False,False,True,True,False,False,False,True,False,False,True,False,False
3092,Hyundai Santro Xing XL eRLX Euro III,2005.0,114999,90000.0,False,False,False,False,True,True,False,False,False,True,False,False,True,False,False
3093,Honda City S,2012.0,320000,50000.0,False,False,False,False,True,False,True,False,False,True,False,False,True,False,False
3094,Mahindra Xylo D4 BSIV,2013.0,250000,200000.0,False,True,False,False,False,False,True,False,False,True,False,False,True,False,False
3095,Hyundai Santro Xing XS,2009.0,150000,68000.0,False,False,False,False,True,False,True,False,False,True,False,False,True,False,False
3096,Maruti Esteem VX,1999.0,60000,35000.0,False,False,False,False,True,False,True,False,False,True,False,False,True,False,False
3097,Maruti Swift Vdi BSIII,2010.0,180000,100000.0,False,True,False,False,False,False,True,False,False,True,False,False,True,False,False
3098,Mahindra Scorpio VLS AT 2.2 mHAWK,2010.0,380000,195000.0,False,True,False,False,False,False,True,False,True,False,False,False,True,False,False
3099,Maruti Alto 800 LXI,2015.0,285000,46000.0,False,False,False,False,True,False,True,False,False,True,False,False,True,False,False
3100,Maruti Alto LXi BSIII,2008.0,91200,60000.0,False,False,False,False,True,False,True,False,False,True,False,False,True,False,False
3101,Hyundai Santro Xing XG AT,2006.0,160000,90000.0,False,False,False,False,True,False,True,False,True,False,False,False,True,False,False
3102,Skoda Yeti Ambition 4X2,2012.0,650000,85000.0,False,True,False,False,False,False,True,False,False,True,False,False,True,False,False
3103,Maruti Wagon R LXI CNG,2013.0,250000,71000.0,False,True,False,False,False,False,True,False,False,True,False,False,True,False,False
3104,Maruti Wagon R LXI CNG,2013.0,250000,71000.0,True,False,False,False,False,False,True,False,False,True,False,False,True,False,False
3105,Maruti SX4 Celebration Petrol,2012.0,220000,90000.0,False,False,False,False,True,False,True,False,False,True,False,False,True,False,False
3106,Maruti Swift Dzire 1.2 Vxi BSIV,2014.0,395000,52000.0,False,False,False,False,True,True,False,False,False,True,False,False,True,False,False
3107,Maruti Swift ZDI Plus,2015.0,484999,73000.0,False,True,False,False,False,True,False,False,False,True,False,False,True,False,False
3108,Maruti Wagon R VXI BSIII,2006.0,150000,60000.0,False,False,False,False,True,False,True,False,False,True,False,False,True,False,False
3109,Tata Indica Vista Aura Plus 1.3 Quadrajet,2012.0,200000,70000.0,False,True,False,False,False,False,True,False,False,True,False,False,True,False,False
3110,Renault Duster 85PS Diesel RxL Plus,2013.0,302000,60000.0,False,True,False,False,False,False,True,False,False,True,False,False,True,False,False
3111,Maruti Wagon R VXI BSIII,2004.0,155000,80000.0,False,False,False,False,True,False,True,False,False,True,False,False,True,False,False
3112,Toyota Innova 2.5 G (Diesel) 8 Seater,2014.0,1000000,101000.0,False,True,False,False,False,False,True,False,False,True,False,False,True,False,False
3113,Maruti Zen LXI,2005.0,90000,90000.0,False,False,False,False,True,False,True,False,False,True,False,False,True,False,False
3114,Maruti Wagon R LXI Minor,2007.0,80000,120000.0,False,False,False,False,True,False,True,False,False,True,False,False,True,False,False
3115,Maruti Alto LX BSIII,2014.0,110000,90000.0,False,False,False,False,True,False,True,False,False,True,False,False,True,False,False
3116,Maruti Alto LXi BSIII,2010.0,150000,40000.0,False,False,False,False,True,False,True,False,False,True,False,False,True,False,False
3117,Renault Duster 85PS Diesel RxL,2017.0,610000,32000.0,False,True,False,False,False,False,True,False,False,True,False,False,True,False,False
3118,Hyundai Verna CRDi,2008.0,150000,70950.0,False,True,False,False,False,False,True,False,False,True,False,False,True,False,False
3119,Maruti Alto 800 LXI,2014.0,204999,25000.0,False,False,False,False,True,False,True,False,False,True,False,False,True,False,False
3120,Hyundai Verna CRDi,2009.0,270000,80000.0,False,True,False,False,False,False,True,False,False,True,False,False,True,False,False
3121,Maruti Swift Dzire VDI,2014.0,200000,107143.0,False,True,False,False,False,False,True,False,False,True,False,False,True,False,False
3122,Hyundai Santro Xing GL Plus,2012.0,170000,50000.0,False,False,False,False,True,False,True,False,False,True,False,False,True,False,False
3123,Maruti Swift 1.2 DLX,2014.0,351000,40000.0,False,False,False,False,True,False,True,False,False,True,False,False,True,False,False
3124,Hyundai i10 Magna 1.2 iTech SE,2011.0,195000,80000.0,False,False,False,False,True,False,True,False,False,True,False,False,True,False,False
3125,Maruti Swift Dzire VDi,2008.0,250000,82000.0,False,True,False,False,False,False,True,False,False,True,False,False,True,False,False
3126,Maruti Zen Estilo 1.1 VXI BSIII,2008.0,120000,70000.0,False,False,False,False,True,False,True,False,False,True,False,False,True,False,False
3127,Tata Nano Cx BSIV,2012.0,75000,35000.0,False,False,False,False,True,False,True,False,False,True,False,False,True,False,False
3128,Hyundai i10 Magna 1.2 iTech SE,2012.0,190000,60000.0,False,False,False,False,True,False,True,False,False,True,False,False,True,False,False
3129,Tata Indica Vista TDI LS,2013.0,210000,135000.0,False,True,False,False,False,True,False,False,False,True,False,False,True,False,False
3130,Maruti Alto LXi,2007.0,90000,43826.0,False,False,False,False,True,True,False,False,False,True,False,False,True,False,False
3131,Maruti Omni BSIII 8-STR W/ IMMOBILISER,2008.0,150000,50000.0,False,True,False,False,False,False,True,False,False,True,False,False,True,False,False
3132,Maruti Esteem Vxi - BSIII,2006.0,85000,60000.0,False,False,False,False,True,False,True,False,False,True,False,False,True,False,False
3133,Maruti Alto 800 LXI,2014.0,280000,15000.0,False,False,False,False,True,False,True,False,False,True,False,False,True,False,False
3134,Datsun GO Plus T Option BSIV,2017.0,375000,20000.0,False,False,False,False,True,False,True,False,False,True,False,False,True,False,False
3135,Tata Indica Vista Aqua 1.3 Quadrajet,2010.0,110000,110000.0,False,True,False,False,False,False,True,False,False,True,False,False,True,False,False
3136,Hyundai Verna XXi (Petrol),2007.0,150000,84000.0,False,False,False,False,True,False,True,False,False,True,False,False,True,False,False
3137,Maruti Wagon R LX,2006.0,75000,96000.0,False,False,False,False,True,False,True,False,False,True,False,False,True,False,False
3138,Volkswagen Passat 1.8 TSI MT,2010.0,480000,80000.0,False,True,False,False,False,False,True,False,False,True,False,False,True,False,False
3139,Ford Figo Diesel LXI,2012.0,190000,130000.0,False,True,False,False,False,False,True,False,False,True,False,False,True,False,False
3140,Maruti Celerio VXI AT,2015.0,395000,30500.0,False,False,False,False,True,True,False,False,True,False,False,False,True,False,False
3141,Toyota Etios Liva 1.2 G,2014.0,430000,42000.0,False,False,False,False,True,True,False,False,False,True,False,False,True,False,False
3142,Toyota Corolla H6,2007.0,215000,55800.0,False,False,False,False,True,False,True,False,False,True,False,False,True,False,False
3143,Ford Figo Diesel EXI,2014.0,285000,68293.0,False,True,False,False,False,True,False,False,False,True,False,False,True,False,False
3145,Volkswagen Vento Diesel Highline,2013.0,450000,120000.0,False,True,False,False,False,False,True,False,False,True,False,False,True,False,False
3146,Mahindra Quanto C6,2013.0,285000,60000.0,False,True,False,False,False,False,True,False,False,True,False,False,True,False,False
3147,Maruti Ciaz ZDi,2014.0,550000,90000.0,False,True,False,False,False,True,False,False,False,True,False,False,True,False,False
3148,Honda City 1.5 EXI,2004.0,180000,200000.0,False,False,False,False,True,False,True,False,False,True,False,False,True,False,False
3149,Volkswagen Polo Diesel Comfortline 1.2L,2010.0,350000,110000.0,False,True,False,False,False,False,True,False,False,True,False,False,True,False,False
3150,Chevrolet Optra 1.6 LS,2005.0,60000,126000.0,False,False,False,False,True,False,True,False,False,True,False,False,True,False,False
3151,Maruti Zen Estilo LX BSIII,2007.0,135000,74183.0,False,False,False,False,True,False,True,False,False,True,False,False,True,False,False
3152,Mahindra Bolero Power Plus Plus AC BSIV PS,2015.0,640000,70000.0,False,True,False,False,False,False,True,False,False,True,False,False,True,False,False
3153,Tata Indica LXI,2004.0,80000,46000.0,False,False,False,False,True,False,True,False,False,True,False,False,True,False,False
3154,Maruti Swift Dzire VDI,2013.0,340000,110000.0,False,True,False,False,False,False,True,False,False,True,False,False,True,False,False
3155,Maruti Ritz VDi,2012.0,110000,80000.0,False,True,False,False,False,False,True,False,False,True,False,False,True,False,False
3156,Tata Sumo Gold EX,2013.0,250000,90000.0,False,True,False,False,False,False,True,False,False,True,False,False,True,False,False
3157,Mahindra Quanto C6,2014.0,250000,1.0,False,True,False,False,False,False,True,False,False,True,False,False,True,False,False
3158,Mahindra Bolero DI DX 7 Seater,2007.0,225000,120000.0,False,True,False,False,False,False,True,False,False,True,False,False,True,False,False
3159,Maruti Wagon R VXI Optional,2015.0,275000,60000.0,False,False,False,False,True,False,True,False,False,True,False,False,True,False,False
3160,Tata Sumo Victa CX 7/9 Str BSII,2012.0,320000,120000.0,False,True,False,False,False,False,True,False,False,True,False,False,True,False,False
3161,Tata Indica GLS BS IV,2007.0,85000,50000.0,False,False,False,False,True,False,True,False,False,True,False,False,True,False,False
3162,Maruti Wagon R LXI Minor,2007.0,85000,80000.0,False,False,False,False,True,False,True,False,False,True,False,False,True,False,False
3163,Mahindra Scorpio M2DI,2008.0,350000,80000.0,False,True,False,False,False,False,True,False,False,True,False,False,True,False,False
3164,Skoda Superb Elegance 2.0 TDI CR AT,2009.0,355000,100000.0,False,True,False,False,False,False,True,False,True,False,False,False,True,False,False
3165,Tata Indica DL,2006.0,55000,100000.0,False,True,False,False,False,False,True,False,False,True,False,False,True,False,False
3166,Volkswagen Vento Diesel Highline,2011.0,300000,120000.0,False,True,False,False,False,False,True,False,False,True,False,False,True,False,False
3167,Skoda Superb Elegance 2.0 TDI CR AT,2015.0,1000000,80000.0,False,True,False,False,False,False,True,False,True,False,False,False,True,False,False
3168,Maruti Alto LX,2010.0,110000,88000.0,False,False,False,False,True,False,True,False,False,True,False,False,True,False,False
3169,Maruti A-Star Vxi,2009.0,120000,60000.0,False,False,False,False,True,False,True,False,False,True,False,False,True,False,False
3170,Ford Figo Diesel Titanium,2010.0,200000,100000.0,False,True,False,False,False,False,True,False,False,True,False,False,True,False,False
3171,Hyundai Verna 1.6 SX CRDi (O),2012.0,450000,110000.0,False,True,False,False,False,False,True,False,False,True,False,False,True,False,False
3172,Hyundai Verna 1.6 SX CRDi (O),2012.0,550000,80000.0,False,True,False,False,False,False,True,False,False,True,False,False,True,False,False
3173,Maruti Alto LX,2012.0,220000,80000.0,False,False,False,False,True,False,True,False,False,True,False,False,True,False,False
3174,Maruti Swift Dzire VDI,2017.0,610000,40000.0,False,True,False,False,False,False,True,False,False,True,False,False,True,False,False
3175,Hyundai Xcent 1.2 VTVT S,2019.0,660000,7000.0,False,False,False,False,True,False,True,False,False,True,False,False,True,False,False
3176,Nissan Micra Diesel XV Premium,2011.0,138000,90000.0,False,True,False,False,False,False,True,False,False,True,False,False,True,False,False
3177,Maruti Alto K10 2010-2014 VXI,2011.0,170000,90000.0,False,False,False,False,True,False,True,False,False,True,False,False,True,False,False
3178,Maruti Wagon R VXI BSIII,2003.0,70000,90000.0,False,False,False,False,True,False,True,False,False,True,False,False,True,False,False
3179,Maruti Alto LXi,2007.0,100000,70000.0,False,False,False,False,True,False,True,False,False,True,False,False,True,False,False
3180,Honda Civic 1.8 (E) MT,2006.0,300000,80000.0,False,False,False,False,True,False,True,False,False,True,False,False,True,False,False
3181,Maruti Swift VDI,2013.0,450000,100000.0,False,True,False,False,False,False,True,False,False,True,False,False,True,False,False
3182,Honda City 1.5 V MT,2010.0,350000,115000.0,False,False,False,False,True,False,True,False,False,True,False,False,True,False,False
3183,Maruti Swift Dzire ZDI,2019.0,475000,120000.0,False,True,False,False,False,False,True,False,False,True,False,False,True,False,False
3184,Maruti Swift Dzire ZDI,2014.0,475000,120000.0,False,True,False,False,False,False,True,False,False,True,False,False,True,False,False
3185,Maruti Ciaz VDi Plus,2015.0,660000,97000.0,False,True,False,False,False,False,True,False,False,True,False,False,True,False,False
3186,Tata Indica Vista Aura 1.2 Safire,2010.0,100000,120000.0,False,False,False,False,True,False,True,False,False,True,False,False,True,False,False
3187,Mahindra Bolero SLE,2010.0,350000,90000.0,False,True,False,False,False,False,True,False,False,True,False,False,True,False,False
3188,Tata Aria Pure LX 4x2,2014.0,495000,90000.0,False,True,False,False,False,False,True,False,False,True,False,False,True,False,False
3189,Mahindra Jeep MM 775 XDB,2000.0,155000,50000.0,False,True,False,False,False,False,True,False,False,True,False,False,True,False,False
3190,Maruti 800 AC BSIII,2014.0,75000,90000.0,False,False,False,False,True,False,True,False,False,True,False,False,True,False,False
3191,Maruti Swift VDI BSIV,2014.0,370000,57000.0,False,True,False,False,False,False,True,False,False,True,False,False,True,False,False
3192,Honda City 1.5 GXI,2004.0,125000,120000.0,False,False,False,False,True,False,True,False,False,True,False,False,True,False,False
3193,Ford Ecosport 1.0 Ecoboost Titanium,2014.0,550000,72000.0,False,False,False,False,True,False,True,False,False,True,False,False,True,False,False
3194,Jaguar XF 3.0 Litre S Premium Luxury,2013.0,2000000,64000.0,False,True,False,False,False,False,True,False,True,False,False,False,True,False,False
3195,Maruti Zen Estilo VXI BSIII,2007.0,140000,100000.0,False,False,False,False,True,False,True,False,False,True,False,False,True,False,False
3196,Hyundai i10 Magna 1.2 iTech SE,2011.0,235000,74500.0,False,False,False,False,True,False,True,False,False,True,False,False,True,False,False
3197,Hyundai i20 1.4 CRDi Asta,2011.0,300000,118700.0,False,True,False,False,False,False,True,False,False,True,False,False,True,False,False
3198,Nissan Micra XL CVT,2015.0,434999,40000.0,False,False,False,False,True,False,True,False,True,False,False,False,True,False,False
3199,Toyota Corolla AE,2006.0,160000,140000.0,False,False,False,False,True,False,True,False,False,True,False,False,True,False,False
3200,Chevrolet Tavera Neo 3 LT 9 Seats BSIII,2016.0,470000,100000.0,False,True,False,False,False,False,True,False,False,True,False,False,True,False,False
3201,Maruti Swift Dzire VXi,2011.0,300000,100000.0,False,False,False,False,True,False,True,False,False,True,False,False,True,False,False
3202,Maruti 800 AC,2002.0,80000,70000.0,False,False,False,False,True,False,True,False,False,True,False,False,True,False,False
3203,Toyota Etios Cross 1.4L GD,2015.0,500000,80000.0,False,True,False,False,False,False,True,False,False,True,False,False,True,False,False
3204,Ford Figo Diesel Titanium,2014.0,200000,90000.0,False,True,False,False,False,False,True,False,False,True,False,False,True,False,False
3205,Toyota Etios Cross 1.4L GD,2015.0,350000,80000.0,False,True,False,False,False,False,True,False,False,True,False,False,True,False,False
3206,Mahindra XUV500 W8 4WD,2012.0,600000,80000.0,False,True,False,False,False,False,True,False,False,True,False,False,True,False,False
3207,Tata New Safari DICOR 2.2 EX 4x2,2010.0,180000,120000.0,False,True,False,False,False,False,True,False,False,True,False,False,True,False,False
3208,Tata Manza Aura Quadrajet BS IV,2012.0,250999,35000.0,False,True,False,False,False,False,True,False,False,True,False,False,True,False,False
3209,Audi A8 L 3.0 TDI quattro,2009.0,1250000,47000.0,False,True,False,False,False,True,False,False,True,False,False,False,True,False,False
3210,Tata Nano Cx BSIII,2014.0,45000,7000.0,False,False,False,False,True,False,True,False,False,True,False,False,True,False,False
3211,Chevrolet Beat Diesel LT,2013.0,210000,80000.0,False,True,False,False,False,False,True,False,False,True,False,False,True,False,False
3212,Hyundai Verna 1.6 SX CRDi (O),2012.0,575000,89550.0,False,True,False,False,False,False,True,False,False,True,False,False,True,False,False
3213,Renault Duster 85PS Diesel RxL Optional,2013.0,500000,190000.0,False,True,False,False,False,False,True,False,False,True,False,False,True,False,False
3214,Maruti 800 AC BSIII,2005.0,120000,20000.0,False,False,False,False,True,False,True,False,False,True,False,False,True,False,False
3215,Chevrolet Spark 1.0 LS,2010.0,175000,45000.0,False,False,False,False,True,False,True,False,False,True,False,False,True,False,False
3216,Chevrolet Spark 1.0 LS,2009.0,170000,44800.0,False,False,False,False,True,False,True,False,False,True,False,False,True,False,False
3217,Hyundai Santro Xing XL eRLX Euro III,2006.0,100000,40000.0,False,False,False,False,True,False,True,False,False,True,False,False,True,False,False
3218,Tata Indica Vista Quadrajet LX,2011.0,149000,10000.0,False,True,False,False,False,False,True,False,False,True,False,False,True,False,False
3219,Tata Indica Vista Aqua 1.3 Quadrajet,2011.0,160000,80000.0,False,True,False,False,False,False,True,False,False,True,False,False,True,False,False
3220,Toyota Innova 2.5 VX (Diesel) 7 Seater BS IV,2010.0,819999,120000.0,False,True,False,False,False,False,True,False,False,True,False,False,True,False,False
3221,Maruti Baleno Vxi,2007.0,163000,100000.0,False,False,False,False,True,False,True,False,False,True,False,False,True,False,False
3222,Mercedes-Benz E-Class 220 CDI,2001.0,350000,100000.0,False,True,False,False,False,False,True,False,False,True,False,False,True,False,False
3223,Tata Indica GLS BS IV,2006.0,75000,100000.0,False,False,False,False,True,False,True,False,False,True,False,False,True,False,False
3224,Maruti Alto LXi,2012.0,180000,60000.0,False,False,False,False,True,False,True,False,False,True,False,False,True,False,False
3225,Volkswagen Polo Diesel Highline 1.2L,2013.0,434999,100000.0,False,True,False,False,False,False,True,False,False,True,False,False,True,False,False
3226,Tata Indigo GLX,2006.0,100000,110000.0,False,False,False,False,True,False,True,False,False,True,False,False,True,False,False
3227,Maruti Swift Dzire LDI Optional,2015.0,419000,170000.0,False,True,False,False,False,False,True,False,False,True,False,False,True,False,False
3228,Ford EcoSport 1.5 Diesel Ambiente BSIV,2018.0,790000,40000.0,False,True,False,False,False,False,True,False,False,True,False,False,True,False,False
3229,Renault Duster 85PS Diesel RxL Plus,2015.0,500000,90000.0,False,True,False,False,False,False,True,False,False,True,False,False,True,False,False
3230,Skoda Rapid 1.6 TDI Elegance,2012.0,275000,120000.0,False,True,False,False,False,False,True,False,False,True,False,False,True,False,False
3231,Hyundai i20 1.4 CRDi Sportz,2012.0,450000,60000.0,False,True,False,False,False,False,True,False,False,True,False,False,True,False,False
3232,Jaguar XF 3.0 Litre S Premium Luxury,2012.0,1800000,50000.0,False,True,False,False,False,False,True,False,True,False,False,False,True,False,False
3233,Maruti Alto 800 LXI,2016.0,260000,45000.0,False,False,False,False,True,False,True,False,False,True,False,False,True,False,False
3234,Tata Manza Aura (ABS) Safire BS IV,2010.0,150000,50000.0,False,False,False,False,True,False,True,False,False,True,False,False,True,False,False
3235,Chevrolet Aveo U-VA 1.2 LS,2009.0,210000,80000.0,False,False,False,False,True,False,True,False,False,True,False,False,True,False,False
3236,Hyundai Verna CRDi SX ABS,2009.0,175000,136000.0,False,True,False,False,False,False,True,False,False,True,False,False,True,False,False
3237,Maruti Alto LXi,2009.0,110000,50000.0,False,False,False,False,True,False,True,False,False,True,False,False,True,False,False
3238,Mahindra Scorpio VLX 2WD AIRBAG BSIV,2012.0,550000,120000.0,False,True,False,False,False,False,True,False,False,True,False,False,True,False,False
3239,Maruti Ritz VDi,2011.0,180000,90000.0,False,True,False,False,False,False,True,False,False,True,False,False,True,False,False
3240,Hyundai Santro Xing GLS,2010.0,170000,50000.0,False,False,False,False,True,False,True,False,False,True,False,False,True,False,False
3241,Maruti A-Star Vxi,2011.0,150000,70000.0,False,False,False,False,True,False,True,False,False,True,False,False,True,False,False
3242,Volkswagen Polo Diesel Highline 1.2L,2011.0,290000,60000.0,False,True,False,False,False,False,True,False,False,True,False,False,True,False,False
3243,Mahindra Jeep Classic,1999.0,170000,2020.0,False,True,False,False,False,False,True,False,False,True,False,False,True,False,False
3244,Mahindra Scorpio 2.6 Turbo 7 Str,2007.0,210000,100000.0,False,True,False,False,False,False,True,False,False,True,False,False,True,False,False
3245,Hyundai i20 Asta 1.4 CRDi,2013.0,360000,80000.0,False,True,False,False,False,False,True,False,False,True,False,False,True,False,False
3246,Toyota Innova 2.5 GX (Diesel) 7 Seater BS IV,2011.0,495000,120000.0,False,True,False,False,False,False,True,False,False,True,False,False,True,False,False
3247,Honda City i DTEC S,2014.0,700000,90000.0,False,True,False,False,False,False,True,False,False,True,False,False,True,False,False
3248,Maruti Swift ZXI ABS,2009.0,250000,60000.0,False,False,False,False,True,False,True,False,False,True,False,False,True,False,False
3249,Honda Amaze VX i-DTEC,2013.0,325000,94000.0,False,True,False,False,False,False,True,False,False,True,False,False,True,False,False
3250,Hyundai Accent GLE CNG,2010.0,145000,90000.0,True,False,False,False,False,False,True,False,False,True,False,False,True,False,False
3251,Renault KWID RXT,2016.0,240000,70000.0,False,False,False,False,True,False,True,False,False,True,False,False,True,False,False
3252,Honda Civic 1.8 S MT,2007.0,229999,60000.0,False,False,False,False,True,False,True,False,False,True,False,False,True,False,False
3253,Hyundai i10 Magna,2012.0,250000,60000.0,False,False,False,False,True,False,True,False,False,True,False,False,True,False,False
3254,Maruti SX4 ZXI AT,2009.0,130000,120000.0,False,False,False,False,True,False,True,False,True,False,False,False,True,False,False
3255,Mahindra TUV 300 T8 AMT,2016.0,730000,60000.0,False,True,False,False,False,False,True,False,True,False,False,False,True,False,False
3256,Maruti Esteem Vxi,2005.0,100000,20000.0,False,False,False,False,True,False,True,False,False,True,False,False,True,False,False
3257,Maruti Wagon R VXI BSIII,2005.0,80000,40000.0,False,False,False,False,True,False,True,False,False,True,False,False,True,False,False
3258,Hyundai EON D Lite Plus,2012.0,160000,70000.0,False,False,False,False,True,False,True,False,False,True,False,False,True,False,False
3259,Tata New Safari DICOR 2.2 GX 4x2 BS IV,2012.0,270000,80000.0,False,True,False,False,False,False,True,False,False,True,False,False,True,False,False
3260,Renault KWID RXT,2016.0,200000,53000.0,False,False,False,False,True,False,True,False,False,True,False,False,True,False,False
3261,Maruti Swift Dzire 1.2 Vxi BSIV,2012.0,368000,90000.0,False,False,False,False,True,False,True,False,False,True,False,False,True,False,False
3263,Ford Endeavour 4x4 XLT,2005.0,350000,150000.0,False,True,False,False,False,False,True,False,False,True,False,False,True,False,False
3264,Mahindra TUV 300 Plus P4,2018.0,850000,30000.0,False,True,False,False,False,False,True,False,False,True,False,False,True,False,False
3265,Tata Zest Quadrajet 1.3 75PS XE,2015.0,350000,100000.0,False,True,False,False,False,False,True,False,False,True,False,False,True,False,False
3266,Toyota Innova 2.5 G (Diesel) 7 Seater,2014.0,750000,145000.0,False,True,False,False,False,False,True,False,False,True,False,False,True,False,False
3267,Maruti Alto LXi,2008.0,70000,90000.0,False,False,False,False,True,False,True,False,False,True,False,False,True,False,False
3268,Maruti Eeco 5 STR With AC Plus HTR CNG,2012.0,160000,70000.0,True,False,False,False,False,False,True,False,False,True,False,False,True,False,False
3269,Maruti Omni 5 Str STD LPG,1998.0,50000,35000.0,False,False,False,True,False,False,True,False,False,True,False,False,True,False,False
3270,Maruti 800 DUO AC LPG,2014.0,85000,50000.0,False,False,False,True,False,False,True,False,False,True,False,False,True,False,False
3271,Maruti Swift VDI Optional,2017.0,600000,60000.0,False,True,False,False,False,False,True,False,False,True,False,False,True,False,False
3272,Maruti Swift Dzire VXI,2015.0,400000,70000.0,False,False,False,False,True,False,True,False,False,True,False,False,True,False,False
3273,Hyundai Santro Xing XK eRLX EuroIII,2007.0,130000,135000.0,False,False,False,False,True,False,True,False,False,True,False,False,True,False,False
3274,Maruti 800 AC BSII,2001.0,45000,72539.0,False,False,False,False,True,False,True,False,False,True,False,False,True,False,False
3275,Toyota Etios VX,2011.0,305000,120000.0,False,False,False,False,True,False,True,False,False,True,False,False,True,False,False
3276,Maruti Swift Ldi BSIV,2011.0,350000,133000.0,False,True,False,False,False,False,True,False,False,True,False,False,True,False,False
3277,Hyundai Accent GLS,2004.0,120000,110000.0,False,False,False,False,True,False,True,False,False,True,False,False,True,False,False
3278,Maruti Alto K10 2010-2014 VXI,2010.0,225000,80000.0,False,False,False,False,True,False,True,False,False,True,False,False,True,False,False
3279,Hyundai Santro Xing GL Plus,2014.0,120000,41723.0,False,False,False,False,True,False,True,False,False,True,False,False,True,False,False
3281,Hyundai Santro Xing XG,2004.0,90000,100005.0,False,False,False,False,True,True,False,False,False,True,False,False,True,False,False
3282,Maruti Alto LXI,2004.0,70000,50000.0,False,False,False,False,True,False,True,False,False,True,False,False,True,False,False
3283,Hyundai i10 Magna 1.2,2010.0,225000,60000.0,False,False,False,False,True,False,True,False,False,True,False,False,True,False,False
3284,Tata New Safari DICOR 2.2 EX 4x2,2011.0,350000,170000.0,False,True,False,False,False,False,True,False,False,True,False,False,True,False,False
3285,Tata Indica DLE,2006.0,45000,120000.0,False,True,False,False,False,False,True,False,False,True,False,False,True,False,False
3287,Mahindra Scorpio VLS 2.2 mHawk,2009.0,409999,110000.0,False,True,False,False,False,False,True,False,False,True,False,False,True,False,False
3288,Honda Accord VTi-L (MT),2007.0,200000,80000.0,False,False,False,False,True,False,True,False,False,True,False,False,True,False,False
3289,Hyundai Accent GLX,2006.0,120000,110000.0,False,False,False,False,True,False,True,False,False,True,False,False,True,False,False
3290,Mahindra XUV500 AT W10 AWD,2016.0,969999,70000.0,False,True,False,False,False,False,True,False,True,False,False,False,True,False,False
3291,Mahindra Thar 4X4,2013.0,615000,45766.0,False,True,False,False,False,False,True,False,False,True,False,False,True,False,False
3292,Tata New Safari 4X4,2007.0,199000,78771.0,False,True,False,False,False,True,False,False,False,True,False,False,True,False,False
3293,Hyundai Verna SX CRDi AT,2012.0,500000,72000.0,False,True,False,False,False,True,False,False,True,False,False,False,True,False,False
3294,Ford Figo Diesel LXI,2011.0,225000,76736.0,False,True,False,False,False,True,False,False,False,True,False,False,True,False,False
3295,Maruti Alto LX BSIII,2014.0,135000,70000.0,False,False,False,False,True,False,True,False,False,True,False,False,True,False,False
3296,Renault Koleos 2.0 Diesel,2012.0,750000,80000.0,False,True,False,False,False,False,True,False,True,False,False,False,True,False,False
3297,Maruti Wagon R LXI DUO BSIII,2009.0,155000,60000.0,False,False,False,True,False,False,True,False,False,True,False,False,True,False,False
3298,Mercedes-Benz New C-Class 200 CDI Classic,2007.0,699000,101849.0,False,True,False,False,False,True,False,False,False,True,False,False,True,False,False
3299,Mahindra Scorpio S4 4WD,2014.0,700000,70000.0,False,True,False,False,False,False,True,False,False,True,False,False,True,False,False
3300,Tata Manza Aura (ABS) Quadrajet BS IV,2012.0,180000,155836.0,False,True,False,False,False,False,True,False,False,True,False,False,True,False,False
3301,Maruti Wagon R VXi BSII,2011.0,220000,59000.0,False,False,False,False,True,False,True,False,False,True,False,False,True,False,False
3302,Hyundai Creta 1.4 CRDi Base,2018.0,950000,70000.0,False,True,False,False,False,False,True,False,False,True,False,False,True,False,False
3303,Mahindra Quanto C6,2012.0,260000,89000.0,False,True,False,False,False,False,True,False,False,True,False,False,True,False,False
3306,Volkswagen Polo Diesel Trendline 1.2L,2012.0,265000,55000.0,False,True,False,False,False,False,True,False,False,True,False,False,True,False,False
3307,Mahindra Thar CRDe,2014.0,800000,26000.0,False,True,False,False,False,False,True,False,False,True,False,False,True,False,False
3308,Maruti Alto LX BSIII,2006.0,160000,63230.0,False,False,False,False,True,False,True,False,False,True,False,False,True,False,False
3309,Mahindra Scorpio 2.6 SLX CRDe,2006.0,300000,120000.0,False,True,False,False,False,False,True,False,False,True,False,False,True,False,False
3310,Hyundai i20 Asta 1.4 CRDi,2015.0,530000,77000.0,False,True,False,False,False,False,True,False,False,True,False,False,True,False,False
3311,Tata Indica Vista Quadrajet LS,2012.0,150000,80000.0,False,True,False,False,False,False,True,False,False,True,False,False,True,False,False
3313,Mahindra Thar CRDe,2017.0,800000,26000.0,False,True,False,False,False,False,True,False,False,True,False,False,True,False,False
3317,Maruti 800 Std BSII,2006.0,90000,40000.0,False,False,False,False,True,False,True,False,False,True,False,False,True,False,False
3318,Hyundai Verna 1.6 CRDI,2012.0,312000,90000.0,False,True,False,False,False,False,True,False,False,True,False,False,True,False,False
3319,Hyundai Verna Transform CRDi VGT ABS,2010.0,229999,120000.0,False,True,False,False,False,False,True,False,False,True,False,False,True,False,False
3320,Maruti Swift Dzire VDi,2012.0,250000,140000.0,False,True,False,False,False,False,True,False,False,True,False,False,True,False,False
3321,Datsun GO T Petrol,2015.0,225000,92198.0,False,False,False,False,True,True,False,False,False,True,False,False,True,False,False
3322,Maruti Alto LXi,2007.0,100000,100000.0,False,False,False,False,True,False,True,False,False,True,False,False,True,False,False
3323,Maruti Ritz VDi,2010.0,148000,100000.0,False,True,False,False,False,False,True,False,False,True,False,False,True,False,False
3324,Maruti Swift Dzire VXi,2011.0,254999,70000.0,False,False,False,False,True,False,True,False,False,True,False,False,True,False,False
3325,Maruti Swift Dzire ZXI,2013.0,360000,60000.0,False,False,False,False,True,False,True,False,False,True,False,False,True,False,False
3326,Maruti Alto LX,2006.0,95000,90000.0,False,False,False,False,True,False,True,False,False,True,False,False,True,False,False
3327,Mahindra Bolero SLE BSIII,2007.0,185000,230000.0,False,True,False,False,False,False,True,False,False,True,False,False,True,False,False
3328,Fiat Punto 1.2 Active,2010.0,80000,50000.0,False,False,False,False,True,False,True,False,False,True,False,False,True,False,False
3329,Maruti Wagon R LXI BSIII,2005.0,125000,50000.0,False,False,False,False,True,False,True,False,False,True,False,False,True,False,False
3330,Mahindra KUV 100 G80 K2,2018.0,320000,30000.0,False,False,False,False,True,False,True,False,False,True,False,False,True,False,False
3331,Maruti A-Star Vxi,2010.0,130000,70000.0,False,False,False,False,True,False,True,False,False,True,False,False,True,False,False
3332,Tata Indica DLS,2006.0,57000,60000.0,False,True,False,False,False,False,True,False,False,True,False,False,True,False,False
3333,Maruti Wagon R LXI DUO BSIII,2008.0,125000,152000.0,False,False,False,True,False,False,True,False,False,True,False,False,True,False,False
3334,Maruti Zen LXI,1998.0,69000,70000.0,False,False,False,False,True,False,True,False,False,True,False,False,True,False,False
3335,Tata Indigo LX,2012.0,130000,90000.0,False,True,False,False,False,False,True,False,False,True,False,False,True,False,False
3336,Honda Amaze E i-VTEC,2016.0,330000,50000.0,False,False,False,False,True,False,True,False,False,True,False,False,True,False,False
3337,Maruti Wagon R VXI BS IV,2014.0,340000,15000.0,False,False,False,False,True,False,True,False,False,True,False,False,True,False,False
3338,Maruti Ertiga VDI,2014.0,480000,110000.0,False,True,False,False,False,False,True,False,False,True,False,False,True,False,False
3339,Hyundai Verna 1.6 SX CRDi (O),2013.0,315000,80000.0,False,True,False,False,False,False,True,False,False,True,False,False,True,False,False
3340,Ford Figo Diesel LXI,2011.0,180000,70000.0,False,True,False,False,False,False,True,False,False,True,False,False,True,False,False
3341,Mahindra Bolero DI DX 8 Seater,2009.0,300000,55000.0,False,True,False,False,False,False,True,False,False,True,False,False,True,False,False
3346,Maruti Swift Dzire VDI,2016.0,284000,60000.0,False,True,False,False,False,False,True,False,False,True,False,False,True,False,False
3347,Tata Manza Aura (ABS) Safire BS IV,2010.0,110000,77073.0,False,False,False,False,True,False,True,False,False,True,False,False,True,False,False
3348,Hyundai i10 Magna LPG,2013.0,275000,90000.0,False,False,False,True,False,False,True,False,False,True,False,False,True,False,False
3349,Maruti Alto LX BSIII,2007.0,125000,100000.0,False,False,False,False,True,False,True,False,False,True,False,False,True,False,False
3350,Chevrolet Beat LT,2010.0,135000,60000.0,False,False,False,False,True,False,True,False,False,True,False,False,True,False,False
3351,Chevrolet Aveo 1.6 LT with ABS,2010.0,140000,120000.0,False,False,False,False,True,False,True,False,False,True,False,False,True,False,False
3352,Hyundai i10 Magna 1.2,2010.0,150000,90000.0,False,False,False,False,True,False,True,False,False,True,False,False,True,False,False
3353,Mahindra Scorpio VLX 2WD BSIV,2014.0,782000,58000.0,False,True,False,False,False,True,False,False,False,True,False,False,True,False,False
3354,Mahindra Scorpio VLX 2.2 mHawk Airbag BSIV,2014.0,780000,58000.0,False,True,False,False,False,True,False,False,False,True,False,False,True,False,False
3355,Hyundai Verna CRDi ABS,2007.0,175000,80000.0,False,True,False,False,False,False,True,False,False,True,False,False,True,False,False
3356,Mercedes-Benz E-Class 230,1998.0,1000000,35000.0,False,False,False,False,True,False,True,False,True,False,False,False,True,False,False
3357,Maruti Alto 800 LXI,2013.0,92800,25000.0,False,False,False,False,True,False,True,False,False,True,False,False,True,False,False
3359,Hyundai EON Era Plus,2012.0,215000,70000.0,False,False,False,False,True,False,True,False,False,True,False,False,True,False,False
3360,Ford Fiesta 1.4 ZXi TDCi ABS,2009.0,150000,60000.0,False,True,False,False,False,False,True,False,False,True,False,False,True,False,False
3361,Maruti Alto LXI,2003.0,60000,5000.0,False,False,False,False,True,False,True,False,False,True,False,False,True,False,False
3362,Maruti Omni LPG CARGO BSIII W IMMOBILISER,2009.0,80000,90000.0,False,False,False,True,False,False,True,False,False,True,False,False,True,False,False
3365,Toyota Etios VD,2016.0,450000,50000.0,False,True,False,False,False,False,True,False,False,True,False,False,True,False,False
3366,Tata Zest Revotron 1.2T XE,2015.0,300000,60000.0,False,False,False,False,True,False,True,False,False,True,False,False,True,False,False
3367,Maruti Wagon R AX,2012.0,300000,30000.0,False,False,False,False,True,False,True,False,True,False,False,False,True,False,False
3368,Hyundai Santro Xing GLS,2009.0,200000,100000.0,False,False,False,False,True,False,True,False,False,True,False,False,True,False,False
3369,Mahindra Scorpio SLX 2.6 Turbo 8 Str,2007.0,190000,160000.0,False,True,False,False,False,False,True,False,False,True,False,False,True,False,False
3370,Hyundai Verna Transform SX VTVT,2011.0,370000,55168.0,False,False,False,False,True,False,True,False,False,True,False,False,True,False,False
3371,Maruti Wagon R LXI CNG,2016.0,350000,30000.0,True,False,False,False,False,False,True,False,False,True,False,False,True,False,False
3372,Hyundai i20 Asta 1.4 CRDi,2014.0,370000,80000.0,False,True,False,False,False,False,True,False,False,True,False,False,True,False,False
3376,Hyundai Verna SX Diesel,2010.0,200000,78000.0,False,True,False,False,False,True,False,False,False,True,False,False,True,False,False
3377,Hyundai i20 1.2 Sportz,2011.0,220000,58000.0,False,False,False,False,True,True,False,False,False,True,False,False,True,False,False
3378,Hyundai i20 Magna 1.4 CRDi (Diesel),2013.0,325000,78000.0,False,True,False,False,False,True,False,False,False,True,False,False,True,False,False
3379,Mahindra Scorpio SLE BSIV,2011.0,484999,99000.0,False,True,False,False,False,False,True,False,False,True,False,False,True,False,False
3380,Tata Indigo CR4,2011.0,150000,70000.0,False,True,False,False,False,False,True,False,False,True,False,False,True,False,False
3381,Skoda Superb 1.8 TFSI MT,2010.0,400000,80000.0,False,False,False,False,True,False,True,False,False,True,False,False,True,False,False
3382,Maruti Swift VDI BSIV,2011.0,290000,130000.0,False,True,False,False,False,False,True,False,False,True,False,False,True,False,False
3383,Maruti Ritz LDi,2016.0,380000,100000.0,False,True,False,False,False,False,True,False,False,True,False,False,True,False,False
3384,Mahindra Xylo D4 BSIV,2013.0,350000,151624.0,False,True,False,False,False,False,True,False,False,True,False,False,True,False,False
3385,Hyundai Santro AT CNG,2005.0,130000,110000.0,True,False,False,False,False,False,True,False,False,True,False,False,True,False,False
3386,Maruti Wagon R VXI BS IV,2015.0,370000,50000.0,False,False,False,False,True,False,True,False,False,True,False,False,True,False,False
3387,Chevrolet Beat LT,2010.0,114999,70000.0,False,False,False,False,True,False,True,False,False,True,False,False,True,False,False
3388,Hyundai Verna 1.6 SX CRDi (O),2013.0,430000,100000.0,False,True,False,False,False,False,True,False,False,True,False,False,True,False,False
3389,Mahindra Scorpio VLS AT 2.2 mHAWK,2010.0,350000,186000.0,False,True,False,False,False,False,True,False,True,False,False,False,True,False,False
3390,Hyundai i20 Sportz 1.4 CRDi,2014.0,315000,60000.0,False,True,False,False,False,False,True,False,False,True,False,False,True,False,False
3391,Hyundai Grand i10 CRDi Magna,2015.0,300000,60000.0,False,True,False,False,False,False,True,False,False,True,False,False,True,False,False
3399,Hyundai EON D Lite,2014.0,180000,76000.0,False,False,False,False,True,False,True,False,False,True,False,False,True,False,False
3400,Chevrolet Tavera Neo 3 Max 9 Str BSIII,2014.0,400000,120000.0,False,True,False,False,False,False,True,False,False,True,False,False,True,False,False
3401,Hyundai Santro Xing XG,2003.0,85000,110000.0,False,False,False,False,True,False,True,False,False,True,False,False,True,False,False
3404,Mahindra Bolero SLX 2WD,2007.0,300000,100000.0,False,True,False,False,False,False,True,False,False,True,False,False,True,False,False
3405,Chevrolet Aveo U-VA 1.2 LT WO ABS Airbag,2009.0,110000,38500.0,False,False,False,False,True,False,True,False,False,True,False,False,True,False,False
3406,Hyundai i10 Magna,2008.0,140000,103921.0,False,False,False,False,True,False,True,False,False,True,False,False,True,False,False
3407,Maruti Zen LX,2004.0,105000,79000.0,False,False,False,False,True,False,True,False,False,True,False,False,True,False,False
3408,Maruti Alto LX BSIII,2008.0,85000,120000.0,False,False,False,False,True,False,True,False,False,True,False,False,True,False,False
3410,Maruti SX4 Vxi BSIV,2014.0,225000,110000.0,False,False,False,False,True,False,True,False,False,True,False,False,True,False,False
3413,Chevrolet Spark 1.0 LS,2011.0,140000,60000.0,False,False,False,False,True,False,True,False,False,True,False,False,True,False,False
3414,Datsun GO Plus A Option Petrol,2018.0,450000,10000.0,False,False,False,False,True,False,True,False,False,True,False,False,True,False,False
3415,Maruti Alto LXI,2005.0,56000,23000.0,False,False,False,False,True,False,True,False,False,True,False,False,True,False,False
3416,Ford EcoSport 1.5 TDCi Titanium BSIV,2015.0,650000,100000.0,False,True,False,False,False,False,True,False,False,True,False,False,True,False,False
3417,Renault KWID RXT,2016.0,270000,60000.0,False,False,False,False,True,False,True,False,False,True,False,False,True,False,False
3418,Renault KWID RXT Optional,2016.0,240000,70000.0,False,False,False,False,True,False,True,False,False,True,False,False,True,False,False
3419,Hyundai Grand i10 Asta Option,2017.0,540000,20000.0,False,False,False,False,True,False,True,False,False,True,False,False,True,False,False
3422,Maruti Alto 800 LXI,2013.0,92800,60000.0,False,False,False,False,True,False,True,False,False,True,False,False,True,False,False
3423,Maruti Wagon R LXI,2005.0,75000,70000.0,False,False,False,False,True,False,True,False,False,True,False,False,True,False,False
3424,Mercedes-Benz B Class B180 Sports,2013.0,1100000,40000.0,False,False,False,False,True,False,True,False,True,False,False,False,True,False,False
3425,Mahindra XUV500 W10 2WD,2015.0,1200000,75000.0,False,True,False,False,False,True,False,False,False,True,False,False,True,False,False
3426,Toyota Etios Liva GD,2012.0,345000,137250.0,False,True,False,False,False,False,True,False,False,True,False,False,True,False,False
3427,Mahindra Scorpio M2DI,2013.0,500000,110000.0,False,True,False,False,False,False,True,False,False,True,False,False,True,False,False
3428,Toyota Camry M/t,2008.0,650000,75000.0,False,False,False,False,True,False,True,False,False,True,False,False,True,False,False
3429,Toyota Corolla H3,2003.0,95000,120000.0,False,False,False,False,True,False,True,False,True,False,False,False,True,False,False
3430,Chevrolet Beat Diesel LT Option,2009.0,195000,57000.0,False,True,False,False,False,True,False,False,False,True,False,False,True,False,False
3431,Maruti Swift 1.3 VXi,2009.0,250000,62000.0,False,True,False,False,False,True,False,False,False,True,False,False,True,False,False
3432,Maruti Omni E MPI STD BS IV,2014.0,240000,5800.0,False,False,False,False,True,False,True,False,False,True,False,False,True,False,False
3433,Maruti Alto LXi,2007.0,90000,100000.0,False,False,False,False,True,False,True,False,False,True,False,False,True,False,False
3434,Ford Figo Diesel Celebration Edition,2013.0,285000,90000.0,False,True,False,False,False,False,True,False,False,True,False,False,True,False,False
3435,Toyota Innova 2.5 E Diesel MS 7-seater,2011.0,665000,267000.0,False,True,False,False,False,False,True,False,False,True,False,False,True,False,False
3436,Mahindra Scorpio 2.6 CRDe,2005.0,175000,250000.0,False,True,False,False,False,False,True,False,False,True,False,False,True,False,False
3437,Mahindra Xylo D2,2011.0,350000,140000.0,False,True,False,False,False,False,True,False,False,True,False,False,True,False,False
3438,Honda Jazz Select Edition Active,2010.0,285000,60000.0,False,False,False,False,True,True,False,False,False,True,False,False,True,False,False
3439,Maruti Celerio VXI,2014.0,300000,82000.0,False,False,False,False,True,True,False,False,False,True,False,False,True,False,False
3440,Maruti Swift VXI BSIII,2006.0,160000,95149.0,False,False,False,False,True,True,False,False,False,True,False,False,True,False,False
3441,Honda City i DTEC V,2014.0,515000,90000.0,False,True,False,False,False,False,True,False,False,True,False,False,True,False,False
3443,Toyota Innova 2.5 GX 7 STR BSIV,2012.0,1000000,80000.0,False,True,False,False,False,False,True,False,False,True,False,False,True,False,False
3444,Maruti Alto K10 VXI,2015.0,320000,60000.0,False,False,False,False,True,False,True,False,False,True,False,False,True,False,False
3445,Maruti Alto LXi BSIII,2009.0,130000,80000.0,False,False,False,False,True,False,True,False,False,True,False,False,True,False,False
3446,Maruti Swift Dzire VDi,2009.0,150000,120000.0,False,True,False,False,False,False,True,False,False,True,False,False,True,False,False
3447,Honda Amaze E i-Dtech,2015.0,300000,104000.0,False,True,False,False,False,False,True,False,False,True,False,False,True,False,False
3448,Maruti Swift Dzire LXi,2011.0,150000,100000.0,False,False,False,False,True,False,True,False,False,True,False,False,True,False,False
3449,Honda City 1.3 EXI,2003.0,120000,132343.0,False,False,False,False,True,False,True,False,False,True,False,False,True,False,False
3450,Hyundai Creta 1.4 CRDi S Plus,2016.0,950000,90000.0,False,True,False,False,False,False,True,False,False,True,False,False,True,False,False
3451,Maruti Wagon R VXI BS IV,2007.0,100000,60000.0,False,False,False,False,True,False,True,False,False,True,False,False,True,False,False
3452,Mahindra Renault Logan 1.6 Petrol GLSX,2009.0,200000,30000.0,False,False,False,False,True,False,True,False,False,True,False,False,True,False,False
3453,Tata Indigo LS,2010.0,250000,96000.0,False,True,False,False,False,False,True,False,False,True,False,False,True,False,False
3454,Hyundai Verna SX Diesel,2013.0,550000,42324.0,False,True,False,False,False,True,False,False,False,True,False,False,True,False,False
3455,Maruti Wagon R VXI BS IV,2014.0,210000,60000.0,False,False,False,False,True,False,True,False,False,True,False,False,True,False,False
3456,Mahindra Xylo E8,2009.0,290000,100000.0,False,True,False,False,False,False,True,False,False,True,False,False,True,False,False
3457,Fiat Grande Punto EVO 1.3 Active,2014.0,270000,60000.0,False,True,False,False,False,False,True,False,False,True,False,False,True,False,False
3458,Maruti Alto K10 VXI AGS,2015.0,281000,4432.0,False,False,False,False,True,True,False,False,True,False,False,False,True,False,False
3459,Tata Indica GLS BS IV,2010.0,75000,110000.0,False,False,False,False,True,False,True,False,False,True,False,False,True,False,False
3460,Tata Indica Vista Terra 1.4 TDI,2009.0,93000,70000.0,False,True,False,False,False,False,True,False,False,True,False,False,True,False,False
3461,Maruti Alto Green LXi (CNG),2010.0,88000,60000.0,True,False,False,False,False,True,False,False,False,True,False,False,True,False,False
3462,Hyundai i20 1.2 Era,2010.0,250000,34500.0,False,False,False,False,True,False,True,False,False,True,False,False,True,False,False
3463,Chevrolet Beat Diesel LS,2013.0,130000,93900.0,False,True,False,False,False,False,True,False,False,True,False,False,True,False,False
3464,BMW 7 Series 730Ld,2011.0,1700000,100000.0,False,True,False,False,False,False,True,False,True,False,False,False,True,False,False
3465,Hyundai Accent GLX,2010.0,145000,110000.0,False,False,False,False,True,False,True,False,False,True,False,False,True,False,False
3466,Maruti Ertiga VDI Limited Edition,2014.0,535000,80000.0,False,True,False,False,False,False,True,False,False,True,False,False,True,False,False
3467,Tata Indica Vista Aqua 1.3 Quadrajet ABS BSIV,2012.0,198000,70000.0,False,True,False,False,False,False,True,False,False,True,False,False,True,False,False
3468,Hyundai EON Sportz,2012.0,150000,55766.0,False,False,False,False,True,False,True,False,False,True,False,False,True,False,False
3469,Nissan Micra XL,2011.0,275000,40000.0,False,False,False,False,True,False,True,False,False,True,False,False,True,False,False
3470,Maruti Swift Dzire VDi,2010.0,250000,110000.0,False,True,False,False,False,False,True,False,False,True,False,False,True,False,False
3474,Maruti Zen VX,2001.0,85000,86000.0,False,False,False,False,True,False,True,False,False,True,False,False,True,False,False
3475,Tata Manza Aura (ABS) Quadrajet BS IV,2012.0,295000,80000.0,False,True,False,False,False,False,True,False,False,True,False,False,True,False,False
3476,Hyundai i20 Asta 1.2,2014.0,475000,23122.0,False,False,False,False,True,True,False,False,False,True,False,False,True,False,False
3481,Chevrolet Cruze LT,2012.0,349000,44500.0,False,True,False,False,False,True,False,False,False,True,False,False,True,False,False
3482,Mahindra Scorpio SLE BSIV,2014.0,550000,100000.0,False,True,False,False,False,False,True,False,False,True,False,False,True,False,False
3483,Toyota Innova 2.5 G (Diesel) 7 Seater,2014.0,725000,90000.0,False,True,False,False,False,False,True,False,False,True,False,False,True,False,False
3484,Mahindra Xylo D4,2015.0,500000,50000.0,False,True,False,False,False,False,True,False,False,True,False,False,True,False,False
3485,Maruti Wagon R VXI Optional,2017.0,350000,70000.0,False,False,False,False,True,False,True,False,False,True,False,False,True,False,False
3486,Chevrolet Beat Diesel LT,2012.0,200000,70000.0,False,True,False,False,False,False,True,False,False,True,False,False,True,False,False
3487,Maruti Zen D PS,2003.0,75000,110000.0,False,True,False,False,False,False,True,False,False,True,False,False,True,False,False
3488,Honda Amaze EX i-Dtech,2013.0,350000,90000.0,False,True,False,False,False,False,True,False,False,True,False,False,True,False,False
3489,BMW X1 sDrive20d,2011.0,890000,86000.0,False,True,False,False,False,False,True,False,True,False,False,False,True,False,False
3490,Chevrolet Beat LS,2010.0,99000,60000.0,False,False,False,False,True,False,True,False,False,True,False,False,True,False,False
3491,Tata Indigo GLX,2006.0,75000,40000.0,False,False,False,False,True,False,True,False,False,True,False,False,True,False,False
3492,Honda City i DTEC VX,2014.0,600000,90000.0,False,True,False,False,False,False,True,False,False,True,False,False,True,False,False
3493,Hyundai Verna CRDi 1.6 SX,2019.0,1000000,60000.0,False,True,False,False,False,False,True,False,False,True,False,False,True,False,False
3494,Hyundai i20 1.2 Spotz,2017.0,600000,70000.0,False,False,False,False,True,False,True,False,False,True,False,False,True,False,False
3495,Hyundai Elite i20 Magna Plus Diesel,2019.0,730000,35000.0,False,True,False,False,False,False,True,False,False,True,False,False,True,False,False
3496,Fiat Grande Punto Active (Diesel),2009.0,125000,95000.0,False,True,False,False,False,False,True,False,False,True,False,False,True,False,False
3497,Hyundai EON 1.0 Kappa Magna Plus,2015.0,170000,80000.0,False,False,False,False,True,False,True,False,False,True,False,False,True,False,False
3498,Maruti Wagon R LXI Minor,2007.0,160000,80000.0,False,False,False,False,True,False,True,False,False,True,False,False,True,False,False
3499,Maruti Alto STD,2008.0,80000,100000.0,False,False,False,False,True,False,True,False,False,True,False,False,True,False,False
3500,Volkswagen Jetta 1.9 Highline TDI,2008.0,285000,90000.0,False,True,False,False,False,False,True,False,True,False,False,False,True,False,False
3501,Maruti Swift VDI BSIV,2015.0,350000,60000.0,False,True,False,False,False,False,True,False,False,True,False,False,True,False,False
3502,Hyundai i20 Active 1.4 SX with AVN,2015.0,699000,30000.0,False,True,False,False,False,False,True,False,False,True,False,False,True,False,False
3503,Ford Figo Diesel ZXI,2011.0,275000,108000.0,False,True,False,False,False,False,True,False,False,True,False,False,True,False,False
3504,Hyundai i20 1.4 CRDi Magna,2012.0,350000,160000.0,False,True,False,False,False,False,True,False,False,True,False,False,True,False,False
3505,Mahindra XUV500 W8 2WD,2012.0,650000,102000.0,False,True,False,False,False,False,True,False,False,True,False,False,True,False,False
3506,Mahindra Bolero SLE,2009.0,300000,178000.0,False,True,False,False,False,False,True,False,False,True,False,False,True,False,False
3507,Toyota Innova 2.5 VX (Diesel) 8 Seater,2014.0,1200000,200000.0,False,True,False,False,False,False,True,False,False,True,False,False,True,False,False
3508,Maruti Alto LXi,2006.0,150000,75118.0,False,False,False,False,True,False,True,False,False,True,False,False,True,False,False
3509,Maruti Ritz LDi,2013.0,290000,60000.0,False,True,False,False,False,False,True,False,False,True,False,False,True,False,False
3510,Hyundai Xcent 1.2 Kappa Base,2014.0,335000,60000.0,False,False,False,False,True,False,True,False,False,True,False,False,True,False,False
3511,Ford Ikon 1.6 ZXI NXt,2005.0,20000,25000.0,False,False,False,False,True,False,True,False,False,True,False,False,True,False,False
3512,Hyundai Santro Xing GL Plus,2008.0,120000,60000.0,False,False,False,False,True,False,True,False,False,True,False,False,True,False,False
3513,Tata Indigo LS,2012.0,220000,70000.0,False,True,False,False,False,False,True,False,False,True,False,False,True,False,False
3514,Ford Ikon 1.3 Flair,2005.0,61000,4637.0,False,False,False,False,True,False,True,False,False,True,False,False,True,False,False
3515,Tata Indica Vista Aqua 1.3 Quadrajet,2009.0,85000,120000.0,False,True,False,False,False,False,True,False,False,True,False,False,True,False,False
3516,Maruti Swift 1.3 DLX,2015.0,270000,40000.0,False,True,False,False,False,False,True,False,False,True,False,False,True,False,False
3518,Renault KWID 1.0 RXL,2017.0,250000,43000.0,False,False,False,False,True,False,True,False,False,True,False,False,True,False,False
3519,Fiat Punto 1.3 Active,2010.0,99000,80000.0,False,True,False,False,False,False,True,False,False,True,False,False,True,False,False
3520,Renault Duster 85PS Diesel RxL,2013.0,385000,80000.0,False,True,False,False,False,False,True,False,False,True,False,False,True,False,False
3521,Nissan Sunny XL,2012.0,300000,80000.0,False,False,False,False,True,False,True,False,False,True,False,False,True,False,False
3522,Maruti Alto LXi BSIII,2008.0,105000,30000.0,False,False,False,False,True,False,True,False,False,True,False,False,True,False,False
3523,Maruti Wagon R VXI BS IV,2011.0,170000,40000.0,False,False,False,False,True,False,True,False,False,True,False,False,True,False,False
3524,Hyundai Elantra CRDi SX,2014.0,650000,30000.0,False,True,False,False,False,False,True,False,False,True,False,False,True,False,False
3525,Maruti Ritz VDi,2012.0,220000,120000.0,False,True,False,False,False,False,True,False,False,True,False,False,True,False,False
3526,Hyundai Getz 1.3 GLS,2008.0,110000,110000.0,False,False,False,False,True,False,True,False,False,True,False,False,True,False,False
3527,Honda City 1.5 S MT,2010.0,254999,90000.0,False,False,False,False,True,False,True,False,False,True,False,False,True,False,False
3528,Hyundai Verna 1.6 SX VTVT (O),2014.0,600000,50000.0,False,False,False,False,True,False,True,False,False,True,False,False,True,False,False
3529,Hyundai Xcent 1.2 Kappa SX,2016.0,450000,35000.0,False,False,False,False,True,False,True,False,False,True,False,False,True,False,False
3530,Honda City 1.5 S MT,2011.0,395000,70000.0,False,False,False,False,True,False,True,False,False,True,False,False,True,False,False
3531,Maruti Wagon R VXI BS IV,2013.0,229999,62000.0,False,False,False,False,True,False,True,False,False,True,False,False,True,False,False
3532,Hyundai i20 Sportz 1.2,2015.0,500000,35000.0,False,False,False,False,True,False,True,False,False,True,False,False,True,False,False
3535,Tata Indica GLS BS IV,2008.0,80000,90000.0,False,False,False,False,True,False,True,False,False,True,False,False,True,False,False
3536,Tata New Safari DICOR 2.2 EX 4x2,2010.0,300000,250000.0,False,True,False,False,False,False,True,False,False,True,False,False,True,False,False
3538,Maruti Wagon R LXI,2001.0,70000,117000.0,False,False,False,False,True,False,True,False,False,True,False,False,True,False,False
3539,Toyota Innova 2.5 VX (Diesel) 7 Seater,2012.0,730000,110000.0,False,True,False,False,False,False,True,False,False,True,False,False,True,False,False
3540,Nissan Terrano XL 85 PS,2016.0,525000,100000.0,False,True,False,False,False,False,True,False,False,True,False,False,True,False,False
3541,Nissan Terrano XL 85 PS,2016.0,525000,105000.0,False,True,False,False,False,False,True,False,False,True,False,False,True,False,False
3542,Toyota Corolla Altis Diesel D4DJ,2012.0,420000,95000.0,False,True,False,False,False,False,True,False,False,True,False,False,True,False,False
3543,Maruti Wagon R LXI Minor,2009.0,165000,76000.0,False,False,False,False,True,False,True,False,False,True,False,False,True,False,False
3544,Hyundai Verna 1.6 SX,2014.0,650000,70000.0,False,True,False,False,False,False,True,False,False,True,False,False,True,False,False
3545,Hyundai Accent CRDi,2005.0,100000,60000.0,False,True,False,False,False,False,True,False,False,True,False,False,True,False,False
3546,Ford Figo Diesel Titanium,2011.0,190000,110000.0,False,True,False,False,False,False,True,False,False,True,False,False,True,False,False
3547,Ford Figo Diesel Titanium,2011.0,150000,100000.0,False,True,False,False,False,False,True,False,False,True,False,False,True,False,False
3548,Volkswagen Polo Diesel Trendline 1.2L,2012.0,200000,60000.0,False,True,False,False,False,False,True,False,False,True,False,False,True,False,False
3549,Mahindra XUV500 W6 2WD,2014.0,600000,151000.0,False,True,False,False,False,False,True,False,False,True,False,False,True,False,False
3550,BMW X1 sDrive20d,2012.0,700000,120000.0,False,True,False,False,False,False,True,False,True,False,False,False,True,False,False
3551,Tata Indica Vista Quadrajet VX,2012.0,130000,185000.0,False,True,False,False,False,False,True,False,False,True,False,False,True,False,False
3552,Toyota Innova 2.5 VX (Diesel) 7 Seater,2013.0,1000000,117780.0,False,True,False,False,False,False,True,False,False,True,False,False,True,False,False
3553,Hyundai Verna CRDi SX,2010.0,280000,120000.0,False,True,False,False,False,False,True,False,False,True,False,False,True,False,False
3554,Audi Q3 2.0 TDI Quattro Premium Plus,2014.0,1150000,110000.0,False,True,False,False,False,False,True,False,True,False,False,False,True,False,False
3555,Mahindra Scorpio 1.99 S10,2015.0,150000,55000.0,False,True,False,False,False,False,True,False,False,True,False,False,True,False,False
3556,Maruti Ertiga VDI,2014.0,500000,100000.0,False,True,False,False,False,False,True,False,False,True,False,False,True,False,False
3557,Maruti Alto LXi,2007.0,75000,40000.0,False,False,False,False,True,False,True,False,False,True,False,False,True,False,False
3558,Nissan X-Trail SLX MT,2010.0,600000,110000.0,False,True,False,False,False,False,True,False,False,True,False,False,True,False,False
3559,Tata Indigo GLS,2011.0,80000,62000.0,False,False,False,False,True,False,True,False,False,True,False,False,True,False,False
3560,Nissan Micra Diesel XV,2011.0,199000,120000.0,False,True,False,False,False,False,True,False,False,True,False,False,True,False,False
3561,Nissan Micra XL,2016.0,440000,33000.0,False,False,False,False,True,False,True,False,False,True,False,False,True,False,False
3562,Maruti Alto LXi BSIII,2008.0,130000,40000.0,False,False,False,False,True,False,True,False,False,True,False,False,True,False,False
3563,Mahindra Scorpio 2.6 CRDe SLE,2013.0,300000,60000.0,False,True,False,False,False,False,True,False,False,True,False,False,True,False,False
3564,Volkswagen Polo Petrol Comfortline 1.2L,2012.0,375000,62000.0,False,False,False,False,True,False,True,False,False,True,False,False,True,False,False
3565,Hyundai i10 Magna 1.2,2009.0,254999,80000.0,False,False,False,False,True,False,True,False,False,True,False,False,True,False,False
3566,Maruti Ritz VDi,2012.0,325000,119000.0,False,True,False,False,False,False,True,False,False,True,False,False,True,False,False
3567,Toyota Innova 2.5 G4 Diesel 7-seater,2009.0,760000,190000.0,False,True,False,False,False,False,True,False,False,True,False,False,True,False,False
3568,Nissan Sunny XL,2012.0,290000,110000.0,False,False,False,False,True,False,True,False,False,True,False,False,True,False,False
3569,Tata Indica Vista TDI LX,2011.0,125000,120000.0,False,True,False,False,False,False,True,False,False,True,False,False,True,False,False
3570,Toyota Innova 2.5 G4 Diesel 7-seater,2008.0,350000,140000.0,False,True,False,False,False,False,True,False,False,True,False,False,True,False,False
3571,Maruti Omni BSIII 8-STR W/ IMMOBILISER,2008.0,150000,50000.0,False,False,False,False,True,False,True,False,False,True,False,False,True,False,False
3573,Maruti Alto 800 LXI,2015.0,280000,15000.0,False,False,False,False,True,False,True,False,False,True,False,False,True,False,False
3574,Hyundai i20 Asta (o),2014.0,525000,54000.0,False,False,False,False,True,True,False,False,False,True,False,False,True,False,False
3575,Volkswagen Vento 1.0 TSI Highline Plus,2011.0,305000,53000.0,False,False,False,False,True,True,False,False,False,True,False,False,True,False,False
3576,Honda City 1.5 V MT,2012.0,434999,47000.0,False,False,False,False,True,True,False,False,False,True,False,False,True,False,False
3577,Honda Brio V MT,2012.0,249000,42000.0,False,False,False,False,True,True,False,False,False,True,False,False,True,False,False
3578,Ford Fiesta Titanium 1.5 TDCi,2013.0,450000,75000.0,False,True,False,False,False,False,True,False,False,True,False,False,True,False,False
3579,Mahindra Bolero SLX,2014.0,300000,100000.0,False,True,False,False,False,False,True,False,False,True,False,False,True,False,False
3580,Honda City i DTEC E,2014.0,350000,60000.0,False,True,False,False,False,False,True,False,False,True,False,False,True,False,False
3581,Tata Indica Vista Quadrajet LS,2011.0,229999,160000.0,False,True,False,False,False,False,True,False,False,True,False,False,True,False,False
3582,Maruti Alto K10 VXI,2014.0,200000,80000.0,False,False,False,False,True,False,True,False,False,True,False,False,True,False,False
3583,Mahindra Scorpio 1.99 S10,2017.0,1000000,60000.0,False,True,False,False,False,False,True,False,False,True,False,False,True,False,False
3584,Maruti Alto 800 VXI,2016.0,220000,60000.0,False,False,False,False,True,False,True,False,False,True,False,False,True,False,False
3585,Maruti SX4 ZDI,2012.0,310000,70000.0,False,True,False,False,False,False,True,False,False,True,False,False,True,False,False
3586,Chevrolet Optra Magnum 2.0 LT,2011.0,170000,60000.0,False,True,False,False,False,False,True,False,False,True,False,False,True,False,False
3587,Mahindra Quanto C4,2016.0,400000,80000.0,False,True,False,False,False,False,True,False,False,True,False,False,True,False,False
3588,Tata Indica Vista Aura 1.3 Quadrajet BSIV,2010.0,250000,80000.0,False,True,False,False,False,False,True,False,False,True,False,False,True,False,False
3589,Hyundai Santro LP zipPlus,2002.0,80000,70000.0,False,False,False,False,True,False,True,False,False,True,False,False,True,False,False
3590,Maruti SX4 ZXI AT,2009.0,130000,120000.0,False,True,False,False,False,False,True,False,True,False,False,False,True,False,False
3591,Hyundai Santro GS,2006.0,100000,120000.0,False,False,False,False,True,False,True,False,False,True,False,False,True,False,False
3592,Maruti Swift VXi BSIV,2008.0,150000,100000.0,False,False,False,False,True,False,True,False,False,True,False,False,True,False,False
3593,Maruti Swift Dzire VDI,2014.0,380000,100000.0,False,True,False,False,False,False,True,False,False,True,False,False,True,False,False
3594,Maruti Alto LX,2006.0,90000,60000.0,False,True,False,False,False,False,True,False,False,True,False,False,True,False,False
3595,Skoda Fabia 1.2 TDI Active,2011.0,275000,60000.0,False,True,False,False,False,False,True,False,False,True,False,False,True,False,False
3596,Toyota Corolla Altis G,2011.0,500000,40000.0,False,False,False,False,True,False,True,False,False,True,False,False,True,False,False
3597,Ford Fiesta 1.6 Duratec S,2010.0,300000,70000.0,False,False,False,False,True,False,True,False,False,True,False,False,True,False,False
3598,Hyundai Verna 1.6 CRDi SX,2015.0,765000,80000.0,False,True,False,False,False,False,True,False,False,True,False,False,True,False,False
3599,Maruti Swift Dzire VDI,2014.0,480000,110000.0,False,True,False,False,False,False,True,False,False,True,False,False,True,False,False
3600,Maruti Zen Estilo LXI Green (CNG),2010.0,145000,68000.0,True,False,False,False,False,False,True,False,False,True,False,False,True,False,False
3601,Maruti Ritz VDi,2011.0,280000,120000.0,False,True,False,False,False,False,True,False,False,True,False,False,True,False,False
3602,Tata Bolt Revotron XE,2016.0,300000,90000.0,False,False,False,False,True,False,True,False,False,True,False,False,True,False,False
3603,Hyundai i20 Asta 1.4 CRDi,2014.0,350000,52000.0,False,True,False,False,False,False,True,False,False,True,False,False,True,False,False
3604,Tata New Safari 4X2,2007.0,550000,80000.0,False,False,False,False,True,False,True,False,False,True,False,False,True,False,False
3605,Maruti Swift 1.3 VXi,2008.0,150000,60000.0,False,False,False,False,True,False,True,False,False,True,False,False,True,False,False
3607,Maruti Alto 800 LXI,2014.0,180000,56207.0,False,False,False,False,True,True,False,False,False,True,False,False,True,False,False
3608,Maruti Zen Estilo VXI BSIV,2010.0,130000,50000.0,False,False,False,False,True,False,True,False,False,True,False,False,True,False,False
3610,Renault Duster Petrol RxL,2013.0,400000,100000.0,False,False,False,False,True,False,True,False,False,True,False,False,True,False,False
3611,Chevrolet Spark 1.0 LS,2012.0,134000,90000.0,False,False,False,False,True,False,True,False,False,True,False,False,True,False,False
3612,Toyota Etios VD,2014.0,509999,157000.0,False,True,False,False,False,False,True,False,False,True,False,False,True,False,False
3613,Chevrolet Beat Diesel,2012.0,160000,90000.0,False,True,False,False,False,False,True,False,False,True,False,False,True,False,False
3614,Renault KWID RXE,2018.0,245000,5550.0,False,False,False,False,True,False,True,False,False,True,False,False,True,False,False
3615,Maruti Alto K10 VXI,2014.0,180000,100000.0,False,False,False,False,True,False,True,False,False,True,False,False,True,False,False
3616,Maruti Wagon R VXI BS IV,2014.0,290000,80000.0,False,False,False,False,True,False,True,False,False,True,False,False,True,False,False
3617,Skoda Laura L n K 1.9 PD,2006.0,500000,75000.0,False,True,False,False,False,False,True,False,False,True,False,False,True,False,False
3618,Tata New Safari DICOR 2.2 EX 4x2,2009.0,204999,120000.0,False,True,False,False,False,False,True,False,False,True,False,False,True,False,False
3619,Maruti Alto LXi,2012.0,180000,40000.0,False,False,False,False,True,False,True,False,False,True,False,False,True,False,False
3620,Mahindra Renault Logan 1.5 DLE Diesel,2007.0,125000,110000.0,False,True,False,False,False,False,True,False,False,True,False,False,True,False,False
3621,Maruti Alto K10 LXI,2011.0,220000,70000.0,False,False,False,False,True,False,True,False,False,True,False,False,True,False,False
3622,Honda City V AT,2011.0,434999,97000.0,False,False,False,False,True,True,False,False,True,False,False,False,True,False,False
3623,Ford Ecosport 1.5 Ti VCT AT Titanium,2014.0,475000,48000.0,False,False,False,False,True,True,False,False,True,False,False,False,True,False,False
3624,Hyundai i20 Asta 1.4 CRDi,2013.0,300000,70000.0,False,True,False,False,False,False,True,False,False,True,False,False,True,False,False
3625,Volkswagen Jetta 2.0L TDI Comfortline,2012.0,415000,80000.0,False,True,False,False,False,False,True,False,False,True,False,False,True,False,False
3626,Maruti Vitara Brezza ZDi Plus AMT,2018.0,800000,30000.0,False,True,False,False,False,False,True,False,True,False,False,False,True,False,False
3627,Hyundai Grand i10 Sportz,2016.0,420000,44440.0,False,False,False,False,True,False,True,False,False,True,False,False,True,False,False
3628,Hyundai Grand i10 CRDi Sportz,2015.0,390000,80000.0,False,True,False,False,False,False,True,False,False,True,False,False,True,False,False
3629,Maruti Swift Dzire VDI,2013.0,360000,90010.0,False,True,False,False,False,True,False,False,False,True,False,False,True,False,False
3630,Tata Nano Lx BSIV,2012.0,45000,35000.0,False,False,False,False,True,False,True,False,False,True,False,False,True,False,False
3631,Maruti Wagon R VXI BSII,2006.0,75000,80000.0,False,False,False,False,True,False,True,False,False,True,False,False,True,False,False
3632,Hyundai i20 Magna 1.4 CRDi (Diesel),2013.0,425000,22700.0,False,True,False,False,False,True,False,False,False,True,False,False,True,False,False
3633,Maruti Ritz VXI,2011.0,250000,80000.0,False,False,False,False,True,False,True,False,False,True,False,False,True,False,False
3635,Hyundai EON Era Plus Option,2016.0,250000,30000.0,False,False,False,False,True,False,True,False,False,True,False,False,True,False,False
3636,Maruti Alto 800 LX,2016.0,150000,25000.0,False,False,False,False,True,False,True,False,False,True,False,False,True,False,False
3637,Chevrolet Aveo 1.4,2007.0,85000,70000.0,False,False,False,False,True,False,True,False,False,True,False,False,True,False,False
3638,BMW 5 Series 530i,2006.0,480000,110000.0,False,False,False,False,True,False,True,False,True,False,False,False,True,False,False
3639,Maruti Swift Dzire LDi,2012.0,325000,60000.0,False,True,False,False,False,False,True,False,False,True,False,False,True,False,False
3640,Maruti Wagon R LXI,2005.0,70000,70000.0,False,False,False,False,True,False,True,False,False,True,False,False,True,False,False
3641,Maruti Alto LXi BSIII,2009.0,114999,90000.0,False,False,False,False,True,False,True,False,False,True,False,False,True,False,False
3642,Honda City 1.5 S MT,2009.0,300000,120000.0,False,False,False,False,True,False,True,False,False,True,False,False,True,False,False
3643,Maruti Wagon R LXI,2005.0,90000,70000.0,False,False,False,False,True,False,True,False,False,True,False,False,True,False,False
3646,Maruti Wagon R VXI,2016.0,375000,23000.0,False,False,False,False,True,True,False,False,False,True,False,False,True,False,False
3647,Nissan Sunny Diesel XL,2013.0,220000,90000.0,False,True,False,False,False,False,True,False,False,True,False,False,True,False,False
3648,Ford Fiesta 1.6 Duratec EXI Ltd,2008.0,120000,80000.0,False,False,False,False,True,False,True,False,False,True,False,False,True,False,False
3649,Hyundai Santro Xing XK,2007.0,70000,55000.0,False,False,False,False,True,False,True,False,False,True,False,False,True,False,False
3650,Maruti Swift Dzire VDI,2014.0,450000,260000.0,False,True,False,False,False,False,True,False,False,True,False,False,True,False,False
3651,Hyundai i10 Magna,2008.0,195000,56000.0,False,False,False,False,True,False,True,False,False,True,False,False,True,False,False
3652,Ford Fiesta Classic 1.4 SXI Duratorq,2007.0,130000,98000.0,False,True,False,False,False,False,True,False,False,True,False,False,True,False,False
3653,Toyota Etios VD,2011.0,300000,135000.0,False,True,False,False,False,False,True,False,False,True,False,False,True,False,False
3654,Tata Indigo LS,2010.0,160000,102000.0,False,True,False,False,False,False,True,False,False,True,False,False,True,False,False
3655,Hyundai EON Magna,2012.0,225000,53122.0,False,False,False,False,True,True,False,False,False,True,False,False,True,False,False
3656,Nissan Micra Diesel XV,2011.0,277000,62601.0,False,True,False,False,False,True,False,False,False,True,False,False,True,False,False
3657,Maruti Swift Dzire LDI,2014.0,450000,70000.0,False,True,False,False,False,False,True,False,False,True,False,False,True,False,False
3658,Honda Mobilio S i DTEC,2015.0,420000,104000.0,False,True,False,False,False,False,True,False,False,True,False,False,True,False,False
3659,Volkswagen Polo 1.5 TDI Highline,2014.0,450000,80000.0,False,True,False,False,False,False,True,False,False,True,False,False,True,False,False
3660,Toyota Innova 2.5 G (Diesel) 8 Seater,2014.0,520000,70000.0,False,True,False,False,False,False,True,False,False,True,False,False,True,False,False
3662,Toyota Innova 2.5 GX (Diesel) 7 Seater BS IV,2010.0,450000,150000.0,False,True,False,False,False,False,True,False,False,True,False,False,True,False,False
3663,Toyota Innova 2.5 G (Diesel) 8 Seater BS IV,2005.0,310000,120000.0,False,True,False,False,False,False,True,False,False,True,False,False,True,False,False
3666,Hyundai EON Era Plus,2013.0,280000,3240.0,False,False,False,False,True,False,True,False,False,True,False,False,True,False,False
3667,Ford Figo Petrol EXI,2014.0,350000,90000.0,False,False,False,False,True,False,True,False,False,True,False,False,True,False,False
3668,Tata Manza Aura (ABS) Quadrajet BS IV,2011.0,220000,140000.0,False,True,False,False,False,False,True,False,False,True,False,False,True,False,False
3675,Mahindra XUV500 W8 2WD,2015.0,900000,110000.0,False,True,False,False,False,False,True,False,False,True,False,False,True,False,False
3676,Maruti Ertiga VDI,2015.0,600000,60000.0,False,True,False,False,False,False,True,False,False,True,False,False,True,False,False
3677,Maruti Wagon R VXI BS IV,2014.0,260000,38000.0,False,False,False,False,True,False,True,False,False,True,False,False,True,False,False
3678,Maruti Alto 800 LXI,2014.0,190000,90000.0,False,False,False,False,True,False,True,False,False,True,False,False,True,False,False
3679,Mahindra Bolero DI,2005.0,300000,90000.0,False,True,False,False,False,False,True,False,False,True,False,False,True,False,False
3680,Tata Zest Revotron 1.2T XMS,2015.0,250000,120000.0,False,False,False,False,True,False,True,False,False,True,False,False,True,False,False
3682,Maruti Wagon R VXI Optional,2017.0,290000,110000.0,False,False,False,False,True,False,True,False,False,True,False,False,True,False,False
3683,Toyota Innova 2.5 Z Diesel 7 Seater BS IV,2014.0,1050000,97000.0,False,True,False,False,False,False,True,False,False,True,False,False,True,False,False
3684,Maruti Alto 800 LXI,2015.0,310000,30000.0,False,False,False,False,True,False,True,False,False,True,False,False,True,False,False
3685,Maruti Vitara Brezza VDi Option,2017.0,700000,50000.0,False,True,False,False,False,False,True,False,False,True,False,False,True,False,False
3686,Maruti Ertiga VDI,2012.0,700000,110000.0,False,True,False,False,False,False,True,False,False,True,False,False,True,False,False
3688,Honda Amaze VX i-DTEC,2014.0,500000,110000.0,False,True,False,False,False,False,True,False,False,True,False,False,True,False,False
3689,Honda WR-V i-VTEC VX,2017.0,700000,25552.0,False,False,False,False,True,True,False,False,False,True,False,False,True,False,False
3690,Maruti Swift 1.3 LXI,2007.0,73000,80000.0,False,False,False,False,True,False,True,False,False,True,False,False,True,False,False
3692,Hyundai Santro Xing GLS,2007.0,85000,85000.0,False,False,False,False,True,False,True,False,False,True,False,False,True,False,False
3693,Honda City 1.3 EXI,1998.0,85000,120000.0,False,False,False,False,True,False,True,False,False,True,False,False,True,False,False
3694,Hyundai Verna 1.6 CRDI SX Option,2018.0,860000,30000.0,False,True,False,False,False,True,False,False,False,True,False,False,True,False,False
3695,Chevrolet Spark 1.0,2010.0,78692,80000.0,False,False,False,False,True,False,True,False,False,True,False,False,True,False,False
3696,Maruti Wagon R LX Minor,2013.0,250000,70000.0,False,False,False,False,True,False,True,False,False,True,False,False,True,False,False
3697,Honda Mobilio S i DTEC,2016.0,640000,36000.0,False,True,False,False,False,False,True,False,False,True,False,False,True,False,False
3698,Tata New Safari DICOR 2.2 EX 4x2,2008.0,220000,90000.0,False,True,False,False,False,False,True,False,False,True,False,False,True,False,False
3699,Maruti Swift Vdi BSIII,2010.0,229999,120000.0,False,True,False,False,False,False,True,False,False,True,False,False,True,False,False
3700,Datsun RediGO T Option,2016.0,229999,37500.0,False,False,False,False,True,False,True,False,False,True,False,False,True,False,False
3701,Tata Nano Twist XE,2015.0,100000,23800.0,False,False,False,False,True,False,True,False,False,True,False,False,True,False,False
3702,Maruti Wagon R Duo Lxi,2010.0,120000,90000.0,False,False,False,True,False,False,True,False,False,True,False,False,True,False,False
3703,Hyundai i10 Era,2008.0,125000,102000.0,False,False,False,False,True,False,True,False,False,True,False,False,True,False,False
3704,Toyota Corolla Altis 1.8 J,2008.0,400000,35000.0,False,False,False,False,True,False,True,False,False,True,False,False,True,False,False
3705,Maruti Swift Dzire LDI,2018.0,545000,38000.0,False,True,False,False,False,False,True,False,False,True,False,False,True,False,False
3706,Ford Figo Diesel ZXI,2014.0,250000,100000.0,False,True,False,False,False,False,True,False,False,True,False,False,True,False,False
3707,Ford Figo 1.5D Ambiente ABS MT,2016.0,350000,60000.0,False,True,False,False,False,False,True,False,False,True,False,False,True,False,False
3708,Renault Duster 110PS Diesel RxZ Plus,2012.0,370000,70000.0,False,True,False,False,False,False,True,False,False,True,False,False,True,False,False
3709,Maruti Zen VXi - BS III,2004.0,121000,110000.0,False,False,False,False,True,False,True,False,False,True,False,False,True,False,False
3710,Maruti Wagon R VXI BS IV,2016.0,375000,30000.0,False,False,False,False,True,False,True,False,False,True,False,False,True,False,False
3711,Chevrolet Cruze LTZ,2011.0,335000,90000.0,False,True,False,False,False,False,True,False,False,True,False,False,True,False,False
3712,Maruti Wagon R LX,2003.0,60000,100000.0,False,False,False,False,True,False,True,False,False,True,False,False,True,False,False
3714,Tata Indigo TDI,2013.0,270000,70000.0,False,True,False,False,False,False,True,False,False,True,False,False,True,False,False
3715,Maruti Wagon R LXI Minor,2010.0,225000,100000.0,False,False,False,False,True,False,True,False,False,True,False,False,True,False,False
3716,Maruti SX4 ZXI MT BSIV,2011.0,150000,160000.0,False,False,False,False,True,False,True,False,False,True,False,False,True,False,False
3717,Maruti 800 AC BSIII,2008.0,58000,70000.0,False,False,False,False,True,False,True,False,False,True,False,False,True,False,False
3718,Maruti Swift LXi BSIV,2009.0,120000,83000.0,False,False,False,False,True,False,True,False,False,True,False,False,True,False,False
3719,Ambassador Grand 1800 ISZ MPFI PW CL,2012.0,430000,50000.0,False,False,False,False,True,False,True,False,False,True,False,False,True,False,False
3720,Hyundai Verna i (Petrol),2007.0,123000,50000.0,False,False,False,False,True,False,True,False,False,True,False,False,True,False,False
3721,Skoda Laura Ambiente 2.0 TDI CR AT,2012.0,450000,48500.0,False,True,False,False,False,False,True,False,True,False,False,False,True,False,False
3722,Tata Indica Vista Aqua 1.4 TDI,2010.0,110000,90000.0,False,True,False,False,False,False,True,False,False,True,False,False,True,False,False
3723,Hyundai Grand i10 Magna,2015.0,320000,70000.0,False,False,False,False,True,False,True,False,False,True,False,False,True,False,False
3724,Maruti Wagon R LXI CNG,2011.0,160000,60000.0,True,False,False,False,False,False,True,False,False,True,False,False,True,False,False
3725,Maruti SX4 VDI,2013.0,340000,100000.0,False,True,False,False,False,False,True,False,False,True,False,False,True,False,False
3726,Maruti Eeco 5 Seater AC BSIV,2017.0,350000,40000.0,False,False,False,False,True,False,True,False,False,True,False,False,True,False,False
3727,Maruti Wagon R LXI CNG,2016.0,325000,80000.0,True,False,False,False,False,False,True,False,False,True,False,False,True,False,False
3729,Hyundai i20 Asta Option 1.4 CRDi,2016.0,600000,50000.0,False,True,False,False,False,False,True,False,False,True,False,False,True,False,False
3730,Tata Indigo CR4,2010.0,150000,80000.0,False,True,False,False,False,False,True,False,False,True,False,False,True,False,False
3731,Hyundai Santro Xing GLS,2012.0,193000,45000.0,False,False,False,False,True,False,True,False,False,True,False,False,True,False,False
3732,Ford Figo Diesel EXI,2012.0,280000,80000.0,False,True,False,False,False,False,True,False,False,True,False,False,True,False,False
3733,Mahindra Xylo D2 BS IV,2011.0,229999,110000.0,False,True,False,False,False,False,True,False,False,True,False,False,True,False,False
3734,Maruti Ritz VDi,2013.0,240000,60000.0,False,True,False,False,False,False,True,False,False,True,False,False,True,False,False
3735,Mahindra Xylo E8,2010.0,380000,72000.0,False,True,False,False,False,False,True,False,False,True,False,False,True,False,False
3737,Mahindra XUV500 W6 2WD,2014.0,600000,80000.0,False,True,False,False,False,False,True,False,False,True,False,False,True,False,False
3738,Skoda Laura Ambiente 2.0 TDI CR MT,2010.0,300000,100000.0,False,True,False,False,False,False,True,False,False,True,False,False,True,False,False
3739,Hyundai Santro Xing XL eRLX Euro III,2006.0,100000,60000.0,False,False,False,False,True,True,False,False,False,True,False,False,True,False,False
3740,Ford Aspire Titanium Plus BSIV,2015.0,550000,17100.0,False,False,False,False,True,True,False,False,False,True,False,False,True,False,False
3741,Ford Endeavour 2.5L 4X2,2011.0,500000,224642.0,False,True,False,False,False,False,True,False,False,True,False,False,True,False,False
3742,Maruti Zen LXI,1998.0,80000,120000.0,False,False,False,False,True,False,True,False,False,True,False,False,True,False,False
3743,Mahindra XUV500 AT W10 AWD,2017.0,1350000,15000.0,False,True,False,False,False,False,True,False,True,False,False,False,True,False,False
3744,Mahindra Scorpio 2.6 CRDe,2006.0,180000,222435.0,False,True,False,False,False,False,True,False,False,True,False,False,True,False,False
3745,Hyundai Verna 1.6 SX,2014.0,450000,78000.0,False,True,False,False,False,False,True,False,False,True,False,False,True,False,False
3746,Ford Ecosport 1.5 DV5 MT Titanium,2014.0,525000,75000.0,False,True,False,False,False,False,True,False,False,True,False,False,True,False,False
3747,Hyundai i10 Era,2012.0,280000,30000.0,False,False,False,False,True,False,True,False,False,True,False,False,True,False,False
3748,Mahindra XUV500 W8 4WD,2012.0,625000,126000.0,False,True,False,False,False,False,True,False,False,True,False,False,True,False,False
3749,Hyundai i10 Sportz AT,2011.0,180000,134444.0,False,False,False,False,True,False,True,False,True,False,False,False,True,False,False
3750,Maruti Alto LXi,2009.0,78000,120000.0,False,False,False,False,True,False,True,False,False,True,False,False,True,False,False
3751,Maruti Wagon R LXI Minor,2008.0,110000,100000.0,False,False,False,False,True,False,True,False,False,True,False,False,True,False,False
3752,Mahindra Bolero SLX 4WD BSIII,2011.0,450000,110000.0,False,True,False,False,False,False,True,False,False,True,False,False,True,False,False
3753,Honda City 1.3 DX,2003.0,120000,165000.0,False,False,False,False,True,False,True,False,False,True,False,False,True,False,False
3754,Hyundai Grand i10 CRDi Sportz,2014.0,390000,70000.0,False,True,False,False,False,False,True,False,False,True,False,False,True,False,False
3755,Tata Nano Lx BSIII,2011.0,65000,60000.0,False,False,False,False,True,False,True,False,False,True,False,False,True,False,False
3756,Maruti Swift ZXI ABS,2007.0,220000,80000.0,False,False,False,False,True,False,True,False,False,True,False,False,True,False,False
3757,Tata Manza Aura (ABS) Quadrajet BS IV,2010.0,200000,150000.0,False,True,False,False,False,False,True,False,False,True,False,False,True,False,False
3758,Toyota Etios GD,2015.0,434999,75000.0,False,True,False,False,False,True,False,False,False,True,False,False,True,False,False
3759,Maruti Ritz LDi,2016.0,400000,90000.0,False,True,False,False,False,False,True,False,False,True,False,False,True,False,False
3760,Toyota Corolla Altis D-4D J,2015.0,825000,75000.0,False,True,False,False,False,True,False,False,False,True,False,False,True,False,False
3761,Maruti 800 AC Uniq,2009.0,110000,30000.0,False,False,False,False,True,False,True,False,False,True,False,False,True,False,False
3762,Mahindra Scorpio VLX 2WD AIRBAG BSIV,2014.0,600000,100000.0,False,True,False,False,False,False,True,False,False,True,False,False,True,False,False
3763,Land Rover Range Rover Evoque 2.2L Dynamic,2012.0,2349000,149000.0,False,True,False,False,False,False,True,False,True,False,False,False,True,False,False
3764,BMW X1 sDrive20d,2012.0,750000,60000.0,False,True,False,False,False,False,True,False,True,False,False,False,True,False,False
3765,Maruti Swift VDI BSIV,2009.0,270000,120000.0,False,True,False,False,False,False,True,False,False,True,False,False,True,False,False
3766,Toyota Etios 1.4 VXD,2016.0,630000,90000.0,False,True,False,False,False,False,True,False,False,True,False,False,True,False,False
3767,Mahindra Bolero Power Plus SLX,2016.0,580000,95000.0,False,True,False,False,False,False,True,False,False,True,False,False,True,False,False
3768,Hyundai Verna 1.6 SX,2012.0,434999,235000.0,False,True,False,False,False,False,True,False,False,True,False,False,True,False,False
3769,Tata New Safari DICOR 2.2 EX 4x2,2011.0,459999,76400.0,False,True,False,False,False,False,True,False,False,True,False,False,True,False,False
3770,Chevrolet Beat Diesel LT,2016.0,350000,35000.0,False,True,False,False,False,False,True,False,False,True,False,False,True,False,False
3773,Maruti Gypsy King Hard Top Ambulance BSIV,2005.0,300000,70000.0,False,False,False,False,True,False,True,False,False,True,False,False,True,False,False
3774,Ford Fiesta 1.4 SXi TDCi,2009.0,80000,180000.0,False,True,False,False,False,False,True,False,False,True,False,False,True,False,False
3775,Maruti 800 AC,2008.0,80000,50000.0,False,False,False,False,True,False,True,False,False,True,False,False,True,False,False
3776,Maruti Esteem Vxi,2007.0,100000,90000.0,False,False,False,False,True,False,True,False,False,True,False,False,True,False,False
3777,Renault Duster 85PS Diesel RxL Optional,2013.0,550000,75000.0,False,True,False,False,False,False,True,False,False,True,False,False,True,False,False
3778,Nissan Terrano XV Premium 110 PS,2014.0,550000,110000.0,False,True,False,False,False,False,True,False,False,True,False,False,True,False,False
3779,Maruti 800 Std,1997.0,50000,80000.0,False,False,False,False,True,False,True,False,False,True,False,False,True,False,False
3780,Tata Indica Vista Aura 1.2 Safire,2009.0,120000,80000.0,False,False,False,False,True,False,True,False,False,True,False,False,True,False,False
3781,Maruti Alto 800 LXI,2013.0,900000,60000.0,False,False,False,False,True,False,True,False,False,True,False,False,True,False,False
3782,Honda City 1.5 V MT,2009.0,250000,60000.0,False,False,False,False,True,False,True,False,False,True,False,False,True,False,False
3783,Hyundai i10 Magna 1.1,2008.0,100000,60000.0,False,False,False,False,True,False,True,False,False,True,False,False,True,False,False
3784,Maruti Alto K10 VXI,2017.0,320000,50000.0,False,False,False,False,True,False,True,False,False,True,False,False,True,False,False
3785,Ford Figo Diesel EXI,2011.0,250000,55130.0,False,True,False,False,False,True,False,False,False,True,False,False,True,False,False
3786,Ford Ecosport 1.5 DV5 MT Titanium,2014.0,580000,63356.0,False,True,False,False,False,True,False,False,False,True,False,False,True,False,False
3787,Toyota Etios Liva VX,2012.0,269000,70000.0,False,False,False,False,True,False,True,False,False,True,False,False,True,False,False
3788,Datsun GO Plus T BSIV,2018.0,400000,4400.0,False,False,False,False,True,False,True,False,False,True,False,False,True,False,False
3789,Toyota Fortuner 3.0 Diesel,2009.0,1100000,110000.0,False,True,False,False,False,False,True,False,False,True,False,False,True,False,False
3790,Chevrolet Aveo U-VA 1.2,2007.0,80000,110000.0,False,False,False,False,True,False,True,False,False,True,False,False,True,False,False
3791,Ford Figo Diesel EXI,2014.0,280000,89741.0,False,True,False,False,False,True,False,False,False,True,False,False,True,False,False
3792,Maruti Wagon R LXI CNG,2010.0,195000,80000.0,True,False,False,False,False,False,True,False,False,True,False,False,True,False,False
3793,Volkswagen Vento 1.6 Highline,2015.0,509999,43000.0,False,False,False,False,True,False,True,False,False,True,False,False,True,False,False
3794,Maruti Wagon R VXI Minor,2009.0,145000,50000.0,False,False,False,False,True,False,True,False,False,True,False,False,True,False,False
3795,Maruti Alto LXi,2007.0,95000,60000.0,False,False,False,False,True,False,True,False,False,True,False,False,True,False,False
3796,Maruti 800 AC,2006.0,55000,70000.0,False,False,False,False,True,False,True,False,False,True,False,False,True,False,False
3797,Volkswagen Vento New Diesel Highline,2013.0,330000,120000.0,False,True,False,False,False,False,True,False,False,True,False,False,True,False,False
3798,Hyundai EON Magna Plus,2013.0,250000,40000.0,False,False,False,False,True,False,True,False,False,True,False,False,True,False,False
3799,Maruti Swift VDI,2013.0,400000,125000.0,False,True,False,False,False,False,True,False,False,True,False,False,True,False,False
3800,Maruti Swift Dzire ZXI,2015.0,615000,110000.0,False,False,False,False,True,False,True,False,False,True,False,False,True,False,False
3801,Ford Figo Diesel Titanium,2011.0,150000,120000.0,False,True,False,False,False,False,True,False,False,True,False,False,True,False,False
3802,Ford Ecosport 1.5 DV5 MT Titanium,2014.0,600000,87000.0,False,True,False,False,False,False,True,False,False,True,False,False,True,False,False
3803,Honda City 1.5 V MT,2011.0,300000,64000.0,False,False,False,False,True,False,True,False,False,True,False,False,True,False,False
3804,Renault KWID 1.0 RXT Optional,2017.0,300000,13000.0,False,False,False,False,True,False,True,False,False,True,False,False,True,False,False
3805,Mitsubishi Pajero Sport 4X4,2012.0,1090000,120000.0,False,True,False,False,False,False,True,False,False,True,False,False,True,False,False
3806,Tata Indica GLS BS IV,2007.0,60000,130000.0,False,False,False,False,True,False,True,False,False,True,False,False,True,False,False
3807,Tata Indigo CR4,2012.0,200000,120000.0,False,True,False,False,False,False,True,False,False,True,False,False,True,False,False
3808,Maruti Alto LXi,2006.0,60000,100000.0,False,False,False,False,True,False,True,False,False,True,False,False,True,False,False
3809,Hyundai Accent Executive CNG,2012.0,185000,67000.0,True,False,False,False,False,True,False,False,False,True,False,False,True,False,False
3810,Toyota Innova 2.5 G (Diesel) 7 Seater,2013.0,700000,60000.0,False,True,False,False,False,False,True,False,False,True,False,False,True,False,False
3811,Toyota Fortuner 3.0 Diesel,2010.0,1250000,205000.0,False,True,False,False,False,False,True,False,False,True,False,False,True,False,False
3812,Hyundai Xcent 1.2 CRDi S,2018.0,450000,70000.0,False,True,False,False,False,False,True,False,False,True,False,False,True,False,False
3813,Mahindra XUV500 W8 2WD,2014.0,750000,100000.0,False,True,False,False,False,False,True,False,False,True,False,False,True,False,False
3814,Toyota Innova 2.5 G (Diesel) 7 Seater,2013.0,775000,70000.0,False,True,False,False,False,False,True,False,False,True,False,False,True,False,False
3815,Honda Amaze E i-Vtech,2015.0,360000,80000.0,False,False,False,False,True,False,True,False,False,True,False,False,True,False,False
3816,Tata New Safari DICOR 2.2 EX 4x2,2012.0,320000,140000.0,False,True,False,False,False,False,True,False,False,True,False,False,True,False,False
3817,Mahindra Thar 4X2,2011.0,400000,120000.0,False,True,False,False,False,False,True,False,False,True,False,False,True,False,False
3819,Maruti Swift Dzire LXI Option,2014.0,150000,60000.0,False,False,False,False,True,False,True,False,False,True,False,False,True,False,False
3820,Tata Indica Vista Aura Plus 1.3 Quadrajet,2012.0,200000,90000.0,False,True,False,False,False,False,True,False,False,True,False,False,True,False,False
3821,Maruti Swift Vdi BSIII,2008.0,120000,175000.0,False,True,False,False,False,False,True,False,False,True,False,False,True,False,False
3822,Mahindra XUV500 AT W8 FWD,2015.0,750000,60000.0,False,True,False,False,False,False,True,False,True,False,False,False,True,False,False
3823,Hyundai Grand i10 Asta,2014.0,450000,80000.0,False,False,False,False,True,False,True,False,False,True,False,False,True,False,False
3824,Mahindra XUV500 W8 4WD,2012.0,620000,80000.0,False,True,False,False,False,False,True,False,False,True,False,False,True,False,False
3827,Maruti 800 AC,1999.0,50000,100000.0,False,False,False,False,True,False,True,False,False,True,False,False,True,False,False
3828,Maruti Zen Estilo 1.1 LXI BSIII,2007.0,160000,90000.0,False,False,False,False,True,False,True,False,False,True,False,False,True,False,False
3829,Maruti Alto LX,2000.0,61000,90000.0,False,False,False,False,True,False,True,False,False,True,False,False,True,False,False
3830,Hyundai Santro Xing XS,2009.0,150000,100000.0,False,False,False,False,True,False,True,False,False,True,False,False,True,False,False
3831,Hyundai i20 Magna 1.4 CRDi (Diesel),2012.0,310000,92686.0,False,True,False,False,False,True,False,False,False,True,False,False,True,False,False
3832,Volkswagen Vento Petrol Highline,2011.0,350000,90000.0,False,False,False,False,True,False,True,False,False,True,False,False,True,False,False
3834,Maruti Alto LXi,2011.0,150000,40000.0,False,False,False,False,True,False,True,False,False,True,False,False,True,False,False
3835,Ambassador CLASSIC 1500 DSL AC,2005.0,120000,50000.0,False,True,False,False,False,False,True,False,False,True,False,False,True,False,False
3836,Fiat Linea T Jet Emotion,2010.0,215000,90000.0,False,False,False,False,True,False,True,False,False,True,False,False,True,False,False
3837,Maruti 800 AC Uniq,2005.0,65000,70000.0,False,False,False,False,True,False,True,False,False,True,False,False,True,False,False
3838,Maruti Wagon R LXI Minor,2008.0,200000,90000.0,False,False,False,False,True,False,True,False,False,True,False,False,True,False,False
3839,Maruti Wagon R VXI BS IV,2010.0,240000,50000.0,False,False,False,False,True,False,True,False,False,True,False,False,True,False,False
3840,Toyota Etios GD,2014.0,500000,140000.0,False,True,False,False,False,False,True,False,False,True,False,False,True,False,False
3841,Tata Aria Pleasure 4x2,2012.0,360000,70000.0,False,True,False,False,False,False,True,False,False,True,False,False,True,False,False
3842,Honda Accord 2.4 MT,2009.0,450000,55000.0,False,False,False,False,True,False,True,False,False,True,False,False,True,False,False
3843,Chevrolet Cruze LT,2011.0,350000,74000.0,False,True,False,False,False,False,True,False,False,True,False,False,True,False,False
3844,Hyundai i10 Era,2012.0,229999,45000.0,False,False,False,False,True,False,True,False,False,True,False,False,True,False,False
3845,Ford Fiesta 1.4 SXi TDCi ABS,2008.0,270000,120000.0,False,True,False,False,False,False,True,False,False,True,False,False,True,False,False
3846,Maruti Swift Dzire VXi,2010.0,370000,97000.0,False,False,False,False,True,False,True,False,False,True,False,False,True,False,False
3847,Hyundai Accent CRDi,2004.0,120000,120000.0,False,True,False,False,False,False,True,False,False,True,False,False,True,False,False
3848,Skoda Rapid 1.6 TDI PRESTIGE,2013.0,430000,88000.0,False,True,False,False,False,False,True,False,False,True,False,False,True,False,False
3849,Maruti Swift Vdi BSIII,2009.0,265000,120000.0,False,True,False,False,False,False,True,False,False,True,False,False,True,False,False
3850,Fiat Palio 1.2 Sport,2007.0,125000,50000.0,False,False,False,False,True,False,True,False,False,True,False,False,True,False,False
3851,Hyundai Creta 1.6 CRDi SX Option,2015.0,1025000,90000.0,False,True,False,False,False,False,True,False,False,True,False,False,True,False,False
3852,Toyota Innova 2.5 VX (Diesel) 8 Seater,2014.0,1030000,250000.0,False,True,False,False,False,False,True,False,False,True,False,False,True,False,False
3853,Maruti Zen LX,2000.0,85000,80000.0,False,False,False,False,True,False,True,False,False,True,False,False,True,False,False
3854,Maruti Alto LXi BSIII,2010.0,190000,52000.0,False,False,False,False,True,False,True,False,False,True,False,False,True,False,False
3855,Maruti Swift VXI,2013.0,475000,60000.0,False,False,False,False,True,False,True,False,False,True,False,False,True,False,False
3856,Ford Figo Diesel ZXI,2012.0,290000,125000.0,False,True,False,False,False,False,True,False,False,True,False,False,True,False,False
3857,Mahindra XUV500 W8 2WD,2015.0,1000000,120000.0,False,True,False,False,False,False,True,False,False,True,False,False,True,False,False
3859,Tata New Safari 4X2,2007.0,550000,60000.0,False,True,False,False,False,False,True,False,False,True,False,False,True,False,False
3863,Fiat Linea T Jet Emotion,2010.0,215000,60000.0,False,False,False,False,True,False,True,False,False,True,False,False,True,False,False
3867,Maruti Wagon R VXI BSIII,2012.0,229999,40000.0,False,False,False,False,True,False,True,False,False,True,False,False,True,False,False
3868,Maruti Alto K10 VXI Optional,2014.0,285000,64000.0,False,False,False,False,True,True,False,False,False,True,False,False,True,False,False
3869,Volkswagen Vento Diesel Trendline,2011.0,200000,100000.0,False,True,False,False,False,False,True,False,False,True,False,False,True,False,False
3870,Mahindra Thar CRDe AC,2014.0,600000,100000.0,False,True,False,False,False,False,True,False,False,True,False,False,True,False,False
3871,Chevrolet Sail 1.2 Base,2014.0,170000,100000.0,False,False,False,False,True,False,True,False,False,True,False,False,True,False,False
3872,Maruti Swift VXI BSIII,2009.0,220000,67580.0,False,False,False,False,True,False,True,False,False,True,False,False,True,False,False
3873,Ford Figo Diesel Titanium,2014.0,200000,125000.0,False,True,False,False,False,False,True,False,False,True,False,False,True,False,False
3874,Mahindra Scorpio 2.6 Turbo 7 Str,2008.0,325000,120000.0,False,True,False,False,False,False,True,False,False,True,False,False,True,False,False
3875,Hyundai Verna CRDi SX,2010.0,300000,130000.0,False,True,False,False,False,False,True,False,False,True,False,False,True,False,False
3876,Maruti 800 AC,2009.0,120000,250000.0,False,False,False,False,True,False,True,False,False,True,False,False,True,False,False
3879,Mahindra Xylo E4,2011.0,330000,100000.0,False,True,False,False,False,False,True,False,False,True,False,False,True,False,False
3880,Mahindra Scorpio 2.6 CRDe,2006.0,125000,50000.0,False,True,False,False,False,False,True,False,False,True,False,False,True,False,False
3881,Honda Civic 1.8 V MT,2008.0,350000,75000.0,False,False,False,False,True,False,True,False,False,True,False,False,True,False,False
3882,Toyota Camry Hybrid,2006.0,310000,62000.0,False,False,True,False,False,True,False,False,True,False,False,False,True,False,False
3883,Hyundai Verna CRDi SX,2007.0,212000,58000.0,False,True,False,False,False,True,False,False,False,True,False,False,True,False,False
3884,Skoda Octavia Elegance 2.0 TDI AT,2013.0,900000,49000.0,False,True,False,False,False,True,False,False,True,False,False,False,True,False,False
3885,Chevrolet Beat Diesel LT,2011.0,221000,56000.0,False,True,False,False,False,True,False,False,False,True,False,False,True,False,False
3886,Skoda Octavia Ambiente 1.9 TDI MT,2002.0,90000,60000.0,False,True,False,False,False,False,True,False,False,True,False,False,True,False,False
3887,Maruti Swift Vdi BSIII,2009.0,210000,109000.0,False,True,False,False,False,False,True,False,False,True,False,False,True,False,False
3889,Audi Q3 2.0 TDI Quattro Premium Plus,2012.0,1400000,118000.0,False,True,False,False,False,False,True,False,True,False,False,False,True,False,False
3890,Maruti Ciaz ZDi Plus SHVS,2017.0,749000,51500.0,False,True,False,False,False,False,True,False,False,True,False,False,True,False,False
3891,Ford EcoSport 1.5 Diesel Titanium Plus BSIV,2015.0,550000,97000.0,False,True,False,False,False,True,False,False,False,True,False,False,True,False,False
3892,Ford Figo Aspire 1.5 TDCi Titanium Plus,2015.0,459999,140730.0,False,True,False,False,False,True,False,False,False,True,False,False,True,False,False
3893,Ford Ecosport 1.5 DV5 MT Titanium,2015.0,550000,135000.0,False,True,False,False,False,False,True,False,False,True,False,False,True,False,False
3894,Maruti Celerio VDi,2015.0,390000,70000.0,False,True,False,False,False,False,True,False,False,True,False,False,True,False,False
3895,Toyota Fortuner 2.7 2WD AT,2016.0,2500000,70000.0,False,False,False,False,True,False,True,False,True,False,False,False,True,False,False
3896,Maruti Swift Dzire ZDI,2015.0,484999,90000.0,False,True,False,False,False,False,True,False,False,True,False,False,True,False,False
3897,Volkswagen Vento Diesel Highline,2012.0,420000,90000.0,False,True,False,False,False,False,True,False,False,True,False,False,True,False,False
3898,Tata Indica Vista TDI LX,2015.0,350000,50000.0,False,True,False,False,False,False,True,False,False,True,False,False,True,False,False
3899,Hyundai Santro Xing XG AT,2004.0,125000,70000.0,False,False,False,False,True,False,True,False,True,False,False,False,True,False,False
3901,Honda City 1.5 GXI,2007.0,190000,115000.0,False,False,False,False,True,True,False,False,False,True,False,False,True,False,False
3902,Volkswagen Jetta 2.0L TDI Comfortline,2014.0,850000,52000.0,False,True,False,False,False,True,False,False,False,True,False,False,True,False,False
3903,Maruti Ertiga SHVS VDI,2017.0,890000,60000.0,False,True,False,False,False,False,True,False,False,True,False,False,True,False,False
3904,Hyundai Verna CRDi 1.6 AT EX,2018.0,1100000,25000.0,False,True,False,False,False,False,True,False,True,False,False,False,True,False,False
3905,Mahindra XUV500 W8 2WD,2014.0,650000,218000.0,False,True,False,False,False,False,True,False,False,True,False,False,True,False,False
3906,Honda City 1.5 GXI,2014.0,190000,115000.0,False,False,False,False,True,True,False,False,False,True,False,False,True,False,False
3911,Tata Indigo CS LS (TDI) BS-III,2015.0,300000,110000.0,False,True,False,False,False,False,True,False,False,True,False,False,True,False,False
3912,Hyundai i10 Sportz 1.2,2010.0,250000,100000.0,False,False,False,False,True,False,True,False,False,True,False,False,True,False,False
3913,Hyundai i10 Sportz 1.2,2010.0,250000,110000.0,False,False,False,False,True,False,True,False,False,True,False,False,True,False,False
3914,Maruti Wagon R LXI BS IV,2013.0,320000,80000.0,False,False,False,False,True,False,True,False,False,True,False,False,True,False,False
3915,Hyundai Santro Xing XS eRLX Euro III,2006.0,145000,52000.0,False,False,False,False,True,False,True,False,False,True,False,False,True,False,False
3916,Maruti Alto LXI,2005.0,100000,124000.0,False,False,False,False,True,False,True,False,False,True,False,False,True,False,False
3917,Fiat Punto 1.3 Emotion,2010.0,130000,210000.0,False,True,False,False,False,False,True,False,False,True,False,False,True,False,False
3918,Hyundai Santro AT,2006.0,145000,66000.0,False,False,False,False,True,False,True,False,True,False,False,False,True,False,False
3919,Maruti 800 Std,2004.0,37500,90000.0,False,False,False,False,True,False,True,False,False,True,False,False,True,False,False
3920,Maruti Ritz VDi,2011.0,200000,120000.0,False,True,False,False,False,False,True,False,False,True,False,False,True,False,False
3923,Chevrolet Spark 1.0 LT BS3,2013.0,150000,60000.0,False,False,False,False,True,False,True,False,False,True,False,False,True,False,False
3924,Maruti Alto STD,2005.0,95000,60000.0,False,False,False,False,True,False,True,False,False,True,False,False,True,False,False
3925,Maruti Alto LX,2008.0,114999,66782.0,False,False,False,False,True,False,True,False,False,True,False,False,True,False,False
3926,Maruti 800 AC,2014.0,195000,75000.0,False,True,False,False,False,False,True,False,False,True,False,False,True,False,False
3927,Maruti Alto LXi,2000.0,65000,90000.0,False,False,False,False,True,False,True,False,False,True,False,False,True,False,False
3928,Tata Nano XM,2015.0,190000,60000.0,False,False,False,False,True,False,True,False,False,True,False,False,True,False,False
3929,Mahindra Verito 1.5 D6 BSIII,2012.0,200000,112198.0,False,True,False,False,False,False,True,False,False,True,False,False,True,False,False
3930,Tata Manza Aura Safire BS IV,2010.0,160000,60000.0,False,False,False,False,True,False,True,False,False,True,False,False,True,False,False
3931,Tata Indica Vista Aqua 1.4 TDI,2010.0,150000,130000.0,False,True,False,False,False,False,True,False,False,True,False,False,True,False,False
3932,Hyundai i20 Magna 1.4 CRDi (Diesel),2014.0,409999,80000.0,False,True,False,False,False,False,True,False,False,True,False,False,True,False,False
3933,Hyundai i20 Magna 1.4 CRDi,2014.0,409999,80000.0,False,True,False,False,False,False,True,False,False,True,False,False,True,False,False
3934,Maruti 800 AC BSIII,2009.0,110000,83000.0,False,False,False,False,True,False,True,False,False,True,False,False,True,False,False
3935,Ford Freestyle Titanium Diesel,2020.0,784000,101.0,False,True,False,False,False,True,False,False,False,True,False,False,False,True,False
3936,Ford Figo Titanium,2020.0,635000,101.0,False,False,False,False,True,False,True,False,False,True,False,False,False,True,False
3937,Ford Ecosport 1.5 Diesel Titanium,2020.0,1000000,101.0,False,True,False,False,False,True,False,False,False,True,False,False,False,True,False
3938,Ford Aspire Titanium BSIV,2020.0,828999,1010.0,False,False,False,False,True,True,False,False,False,True,False,False,False,True,False
3939,Ford EcoSport 1.5 Ti VCT MT Titanium BE BSIV,2020.0,1119000,1010.0,False,False,False,False,True,True,False,False,False,True,False,False,False,True,False
3940,Ford Figo Titanium,2020.0,746000,1111.0,False,False,False,False,True,True,False,False,False,True,False,False,False,True,False
3941,Ford Ecosport 1.5 Petrol Trend,2020.0,1030000,1010.0,False,False,False,False,True,True,False,False,False,True,False,False,False,True,False
3942,Ford EcoSport 1.5 TDCi Titanium Plus BSIV,2020.0,1334000,1010.0,False,True,False,False,False,True,False,False,False,True,False,False,False,True,False
3943,Ford Freestyle Titanium,2020.0,811999,1010.0,False,False,False,False,True,True,False,False,False,True,False,False,False,True,False
3944,Ford Ecosport Thunder Edition Diesel,2020.0,1331000,1010.0,False,True,False,False,False,True,False,False,False,True,False,False,False,True,False
3945,Ford Freestyle Titanium Plus,2020.0,852000,1010.0,False,False,False,False,True,True,False,False,False,True,False,False,False,True,False
3946,Ford Ecosport 1.5 Petrol Titanium Plus,2019.0,1100000,5166.0,False,False,False,False,True,True,False,False,False,True,False,False,False,True,False
3947,Volkswagen Vento 1.5 TDI Highline BSIV,2019.0,1350000,5400.0,False,True,False,False,False,True,False,False,False,True,False,False,False,True,False
3948,Renault KWID Climber 1.0 MT Opt BSIV,2020.0,541000,1000.0,False,False,False,False,True,True,False,False,False,True,False,False,False,True,False
3949,Ford Figo Aspire Titanium Plus Diesel,2019.0,894999,13000.0,False,True,False,False,False,True,False,False,False,True,False,False,False,True,False
3950,Honda Jazz 1.5 VX i DTEC,2017.0,700000,24585.0,False,True,False,False,False,True,False,False,False,True,False,False,False,True,False
3951,Honda City i-VTEC CVT ZX,2018.0,1165000,13000.0,False,False,False,False,True,True,False,False,True,False,False,False,False,True,False
3952,Audi Q7 35 TDI Quattro Premium,2009.0,1250000,78000.0,False,True,False,False,False,True,False,False,True,False,False,False,False,False,True
3953,Hyundai Santro Xing GLS,2009.0,150000,79000.0,False,False,False,False,True,False,True,False,False,True,False,False,False,False,True
3954,Toyota Innova 2.5 V Diesel 8-seater,2009.0,500000,120000.0,False,True,False,False,False,False,True,False,False,True,False,False,False,False,True
3955,Maruti Swift 1.3 VXi,2006.0,130000,110000.0,False,False,False,False,True,False,True,False,False,True,False,False,False,False,True
3956,Hyundai Getz GLS,2005.0,80000,120000.0,False,False,False,False,True,False,True,False,False,True,False,False,False,False,True
3957,Maruti SX4 ZXI MT BSIV,2011.0,250000,110000.0,False,False,False,False,True,False,True,False,False,True,False,False,False,False,True
3958,Chevrolet Tavera Neo 2 LS B4 7 Str BSIII,2012.0,400000,120000.0,False,True,False,False,False,False,True,False,False,True,False,False,False,False,True
3959,Chevrolet Spark 1.0 LS,2011.0,99000,100000.0,False,False,False,False,True,False,True,False,False,True,False,False,False,False,True
3960,Maruti Swift VDI BSIV,2015.0,400000,100000.0,False,True,False,False,False,False,True,False,False,True,False,False,False,False,True
3961,Maruti Alto LXi,2012.0,175000,80000.0,False,False,False,False,True,False,True,False,False,True,False,False,False,False,True
3962,Hyundai Santro Xing XG,2006.0,70000,110000.0,False,False,False,False,True,False,True,False,False,True,False,False,False,False,True
3963,Ford Figo Diesel Titanium,2010.0,170000,90000.0,False,True,False,False,False,False,True,False,False,True,False,False,False,False,True
3964,Ford Figo Diesel Titanium,2011.0,190000,90000.0,False,True,False,False,False,False,True,False,False,True,False,False,False,False,True
3965,Maruti Swift Dzire VDi,2009.0,250000,150000.0,False,True,False,False,False,False,True,False,False,True,False,False,False,False,True
3966,Mahindra Xylo E4,2009.0,229999,230000.0,False,True,False,False,False,False,True,False,False,True,False,False,False,False,True
3967,Maruti Esteem Vxi - BSIII,2006.0,140000,70000.0,False,False,False,False,True,False,True,False,False,True,False,False,False,False,True
3968,Hyundai i20 1.2 Sportz,2012.0,280000,110000.0,False,False,False,False,True,False,True,False,False,True,False,False,False,False,True
3969,Maruti Alto LX,2006.0,52000,120000.0,False,True,False,False,False,False,True,False,False,True,False,False,False,False,True
3970,Ford Fiesta Classic 1.4 SXI Duratorq,2006.0,110000,120000.0,False,True,False,False,False,False,True,False,False,True,False,False,False,False,True
3971,Hyundai Getz GL,2006.0,130000,80000.0,False,False,False,False,True,False,True,False,False,True,False,False,False,False,True
3972,Chevrolet Tavera Neo 3 10 Seats BSIV,2007.0,160000,120000.0,False,True,False,False,False,False,True,False,False,True,False,False,False,False,True
3973,Maruti Swift Vdi BSIII,2008.0,250000,120000.0,False,True,False,False,False,False,True,False,False,True,False,False,False,False,True
3974,Mahindra Scorpio 2.6 Turbo 9 Str,2007.0,370000,100000.0,False,True,False,False,False,False,True,False,False,True,False,False,False,False,True
3975,Maruti Baleno Vxi,2006.0,80000,120000.0,False,False,False,False,True,False,True,False,False,True,False,False,False,False,True
3976,Mahindra Bolero SLX,2006.0,229999,200000.0,False,True,False,False,False,False,True,False,False,True,False,False,False,False,True
3977,Maruti 800 AC,2000.0,60000,40000.0,False,False,False,False,True,False,True,False,False,True,False,False,False,False,True
3978,Chevrolet Tavera Neo 3 10 Seats BSIV,2010.0,300000,120000.0,False,True,False,False,False,False,True,False,False,True,False,False,False,False,True
3979,Ford Fiesta 1.6 ZXi Duratec,2007.0,190000,60000.0,False,False,False,False,True,False,True,False,False,True,False,False,False,False,True
3980,Toyota Innova 2.5 G (Diesel) 8 Seater BS IV,2011.0,450000,200000.0,False,True,False,False,False,False,True,False,False,True,False,False,False,False,True
3981,Maruti Alto LX,2007.0,70000,180000.0,False,False,False,False,True,False,True,False,False,True,False,False,False,False,True
3982,Ford Endeavour 2.5L 4X2 MT,2008.0,400000,110000.0,False,True,False,False,False,False,True,False,False,True,False,False,False,False,True
3983,Maruti Wagon R LXI,2004.0,80000,60000.0,False,False,False,False,True,False,True,False,False,True,False,False,False,False,True
3984,Maruti Swift Dzire VDI,2012.0,215000,80000.0,False,True,False,False,False,False,True,False,False,True,False,False,False,False,True
3985,Ford Figo Petrol Titanium,2011.0,120000,60000.0,False,False,False,False,True,False,True,False,False,True,False,False,False,False,True
3986,Mahindra Bolero SLX,2011.0,170000,70000.0,False,True,False,False,False,False,True,False,False,True,False,False,False,False,True
3987,Maruti Ertiga SHVS VDI,2016.0,550000,78000.0,False,True,False,False,False,False,True,False,False,True,False,False,False,False,True
3988,Maruti Swift Vdi BSIII,2010.0,310000,100000.0,False,True,False,False,False,False,True,False,False,True,False,False,False,False,True
3989,Maruti Ritz LDi,2013.0,280000,90000.0,False,True,False,False,False,False,True,False,False,True,False,False,False,False,True
3990,Maruti Zen Estilo LXI BSIII,2008.0,140000,90000.0,False,False,False,False,True,False,True,False,False,True,False,False,False,False,True
3991,Hyundai Santro Xing GL PLUS CNG,2007.0,90000,80000.0,True,False,False,False,False,False,True,False,False,True,False,False,False,False,True
3992,Hyundai Santro GLS I - Euro I,2001.0,55000,60000.0,False,False,False,False,True,False,True,False,False,True,False,False,False,False,True
3993,Toyota Innova 2.5 V Diesel 8-seater,2009.0,400000,138000.0,False,True,False,False,False,False,True,False,False,True,False,False,False,False,True
3994,Mahindra XUV500 W6 2WD,2015.0,825000,90000.0,False,True,False,False,False,False,True,False,False,True,False,False,False,False,True
3995,Maruti Alto LX,2011.0,114999,60000.0,False,False,False,False,True,False,True,False,False,True,False,False,False,False,True
3996,Hyundai Accent Executive,2012.0,180000,100000.0,False,False,False,False,True,False,True,False,False,True,False,False,False,False,True
3997,Tata Indigo LS,2007.0,55000,195000.0,False,True,False,False,False,False,True,False,False,True,False,False,False,False,True
3998,Hyundai i20 Magna,2010.0,210000,90000.0,False,False,False,False,True,False,True,False,False,True,False,False,False,False,True
3999,Maruti SX4 ZDI,2011.0,220000,90000.0,False,True,False,False,False,False,True,False,False,True,False,False,False,False,True
4000,Renault KWID RXL,2016.0,220000,60000.0,False,False,False,False,True,False,True,False,False,True,False,False,False,False,True
4001,Hyundai Verna 1.6 CRDI,2011.0,260000,125000.0,False,True,False,False,False,False,True,False,False,True,False,False,False,False,True
4002,Maruti Swift Dzire VXi,2009.0,250000,60000.0,False,False,False,False,True,False,True,False,False,True,False,False,False,False,True
4003,Hyundai Santro LP zipPlus,2001.0,52000,50000.0,False,False,False,False,True,False,True,False,False,True,False,False,False,False,True
4004,Hyundai Verna 1.6 SX VTVT AT,2011.0,450000,60000.0,False,False,False,False,True,False,True,False,True,False,False,False,False,False,True
4005,Hyundai Accent GLE CNG,2009.0,160000,70000.0,True,False,False,False,False,False,True,False,False,True,False,False,False,False,True
4006,Maruti Zen Estilo LXI BSIII,2007.0,100000,80000.0,False,False,False,False,True,False,True,False,False,True,False,False,False,False,True
4007,Hyundai i10 Magna 1.1,2008.0,150000,90000.0,False,False,False,False,True,False,True,False,False,True,False,False,False,False,True
4008,Chevrolet Tavera LT L1 7 Seats BSIII,2006.0,140000,200000.0,False,True,False,False,False,False,True,False,False,True,False,False,False,False,True
4009,Mahindra Scorpio LX,2010.0,385000,110000.0,False,True,False,False,False,False,True,False,False,True,False,False,False,False,True
4010,Hyundai EON Era Plus,2012.0,160000,70000.0,False,False,False,False,True,False,True,False,False,True,False,False,False,False,True
4011,Maruti Swift Dzire VDi,2011.0,375000,190000.0,False,True,False,False,False,False,True,False,False,True,False,False,False,False,True
4012,Mahindra Bolero Power Plus Plus AC BSIV PS,2015.0,320000,60000.0,False,True,False,False,False,False,True,False,False,True,False,False,False,False,True
4013,Skoda Octavia Elegance 2.0 TDI AT,2014.0,1200000,60000.0,False,True,False,False,False,False,True,False,True,False,False,False,False,False,True
4014,Toyota Corolla Altis 1.8 VL AT,2010.0,350000,80000.0,False,False,False,False,True,False,True,False,True,False,False,False,False,False,True
4015,Tata Indigo LX,2009.0,130000,110000.0,False,True,False,False,False,False,True,False,False,True,False,False,False,False,True
4016,Maruti Alto LXi,2006.0,75000,80000.0,False,False,False,False,True,False,True,False,False,True,False,False,False,False,True
4017,Hyundai i10 Magna 1.2 iTech SE,2009.0,150000,60000.0,False,False,False,False,True,False,True,False,False,True,False,False,False,False,True
4018,Hyundai Verna 1.6 SX,2012.0,409999,120000.0,False,True,False,False,False,False,True,False,False,True,False,False,False,False,True
4019,Hyundai Grand i10 Magna,2015.0,325000,25000.0,False,False,False,False,True,False,True,False,False,True,False,False,False,False,True
4020,Maruti Alto LXi,2009.0,150000,90246.0,False,False,False,False,True,False,True,False,False,True,False,False,False,False,True
4021,Maruti A-Star Vxi,2009.0,180000,70000.0,False,False,False,False,True,False,True,False,False,True,False,False,False,False,True
4022,Maruti Alto 800 LXI,2012.0,200000,90000.0,False,False,False,False,True,False,True,False,False,True,False,False,False,False,True
4023,Tata Indica Vista Quadrajet LX,2012.0,175000,80000.0,False,True,False,False,False,False,True,False,False,True,False,False,False,False,True
4024,Tata Indica Vista Terra Quadrajet 1.3L,2011.0,140000,60000.0,False,True,False,False,False,False,True,False,False,True,False,False,False,False,True
4025,Hyundai Elantra CRDi (Leather Option),2006.0,125000,120000.0,False,True,False,False,False,False,True,False,False,True,False,False,False,False,True
4026,Tata Nano CX SE,2013.0,75000,25000.0,False,False,False,False,True,False,True,False,False,True,False,False,False,False,True
4027,Tata Manza Aura Quadrajet,2009.0,185000,60000.0,False,True,False,False,False,False,True,False,False,True,False,False,False,False,True
4028,Hyundai Santro Xing XL AT eRLX Euro III,2006.0,85000,100000.0,False,False,False,False,True,False,True,False,True,False,False,False,False,False,True
4029,Ford Fiesta 1.4 Duratec ZXI,2008.0,120000,100000.0,False,False,False,False,True,False,True,False,False,True,False,False,False,False,True
4030,Maruti Wagon R VXI BS IV with ABS,2015.0,229999,100000.0,False,False,False,False,True,False,True,False,False,True,False,False,False,False,True
4031,Toyota Innova 2.5 VX (Diesel) 7 Seater,2015.0,1200000,70000.0,False,True,False,False,False,False,True,False,False,True,False,False,False,False,True
4032,Maruti Zen Estilo 1.1 LXI BSIII,2007.0,100000,143000.0,False,False,False,False,True,False,True,False,False,True,False,False,False,False,True
4033,Honda Brio S MT,2013.0,240000,50000.0,False,False,False,False,True,False,True,False,False,True,False,False,False,False,True
4034,Maruti Zen Estilo LX BSIV,2010.0,90000,50000.0,False,False,False,False,True,False,True,False,False,True,False,False,False,False,True
4035,Audi A4 35 TDI Premium,2015.0,2300000,35000.0,False,True,False,False,False,False,True,False,True,False,False,False,False,False,True
4036,Hyundai Accent Executive,2010.0,120000,67000.0,False,False,False,False,True,False,True,False,False,True,False,False,False,False,True
4037,Mahindra Scorpio VLX AT 2WD BSIII,2004.0,225000,223660.0,False,True,False,False,False,False,True,False,True,False,False,False,False,False,True
4038,Hyundai i10 Era 1.1,2008.0,160000,110000.0,False,False,False,False,True,False,True,False,False,True,False,False,False,False,True
4039,Chevrolet Spark 1.0 LS,2011.0,125000,60000.0,False,False,False,False,True,False,True,False,False,True,False,False,False,False,True
4040,Mahindra Xylo D4,2010.0,320000,90000.0,False,True,False,False,False,False,True,False,False,True,False,False,False,False,True
4041,Maruti Swift Ldi BSIV,2010.0,280000,149500.0,False,True,False,False,False,False,True,False,False,True,False,False,False,False,True
4042,Maruti Omni MPI STD BSIV,2014.0,150000,120000.0,False,False,False,False,True,False,True,False,False,True,False,False,False,False,True
4043,Maruti Alto LXi BSIII,2008.0,180000,70000.0,False,False,False,False,True,False,True,False,False,True,False,False,False,False,True
4044,Skoda Laura 1.9 TDI MT Ambiente,2009.0,200000,100000.0,False,True,False,False,False,False,True,False,False,True,False,False,False,False,True
4045,Toyota Innova 2.5 Z Diesel 7 Seater BS IV,2014.0,1050000,90000.0,False,True,False,False,False,False,True,False,False,True,False,False,False,False,True
4046,Hyundai Santro LE zipPlus,2003.0,70000,80000.0,False,False,False,False,True,False,True,False,False,True,False,False,False,False,True
4047,Volkswagen Vento Petrol Highline AT,2011.0,300000,70000.0,False,False,False,False,True,False,True,False,True,False,False,False,False,False,True
4048,Maruti Swift VDI BSIV,2015.0,450000,70000.0,False,True,False,False,False,False,True,False,False,True,False,False,False,False,True
4049,Maruti Alto LX,2006.0,105000,100000.0,False,False,False,False,True,False,True,False,False,True,False,False,False,False,True
4050,Hyundai i20 Magna,2010.0,270000,60000.0,False,False,False,False,True,False,True,False,False,True,False,False,False,False,True
4051,Maruti Swift VDI,2011.0,256000,70000.0,False,True,False,False,False,False,True,False,False,True,False,False,False,False,True
4052,Ford Fusion 1.6 Duratec Petrol,2005.0,120000,100000.0,False,False,False,False,True,False,True,False,False,True,False,False,False,False,True
4053,Maruti Wagon R VXI BS IV,2017.0,350000,48000.0,False,False,False,False,True,False,True,False,False,True,False,False,False,False,True
4054,Mahindra Jeep CL 500 MDI,1997.0,150000,120000.0,False,True,False,False,False,False,True,False,False,True,False,False,False,False,True
4055,Volkswagen Jetta 2.0 TDI Comfortline,2011.0,350000,312000.0,False,True,False,False,False,False,True,False,False,True,False,False,False,False,True
4056,Maruti Swift Dzire LDI,2015.0,430000,73000.0,False,True,False,False,False,False,True,False,False,True,False,False,False,False,True
4057,Maruti SX4 VDI,2011.0,260000,90000.0,False,True,False,False,False,False,True,False,False,True,False,False,False,False,True
4058,Maruti Swift VDI,2013.0,370000,80000.0,False,True,False,False,False,False,True,False,False,True,False,False,False,False,True
4059,Ford Figo Diesel EXI,2011.0,140000,90000.0,False,True,False,False,False,False,True,False,False,True,False,False,False,False,True
4060,Mahindra Thar 4X4,2013.0,580000,25000.0,False,True,False,False,False,False,True,False,False,True,False,False,False,False,True
4061,Toyota Innova 2.5 V Diesel 8-seater,2008.0,500000,154000.0,False,True,False,False,False,False,True,False,False,True,False,False,False,False,True
4062,Tata Indica Vista TDI LS,2013.0,150000,180000.0,False,True,False,False,False,False,True,False,False,True,False,False,False,False,True
4063,Mahindra Scorpio LX,2014.0,420000,70000.0,False,True,False,False,False,False,True,False,False,True,False,False,False,False,True
4064,Honda Civic 1.8 S MT,2007.0,170000,70000.0,False,False,False,False,True,False,True,False,False,True,False,False,False,False,True
4065,Renault Duster 85PS Diesel RxL Optional,2013.0,430000,70000.0,False,True,False,False,False,False,True,False,False,True,False,False,False,False,True
4066,Maruti Swift VDI,2012.0,190000,80000.0,False,True,False,False,False,False,True,False,False,True,False,False,False,False,True
4067,Volkswagen Polo Diesel Highline 1.2L,2012.0,335000,77000.0,False,True,False,False,False,True,False,False,False,True,False,False,False,False,True
4068,Maruti Alto 800 LXI,2013.0,210000,42000.0,False,False,False,False,True,False,True,False,False,True,False,False,False,False,True
4069,Maruti Ertiga VDI,2012.0,600000,120000.0,False,True,False,False,False,False,True,False,False,True,False,False,False,False,True
4070,Mahindra XUV500 W8 4WD,2012.0,700000,120000.0,False,True,False,False,False,False,True,False,False,True,False,False,False,False,True
4071,Volkswagen Polo Diesel Trendline 1.2L,2011.0,175000,90000.0,False,True,False,False,False,False,True,False,False,True,False,False,False,False,True
4072,Toyota Innova 2.5 VX (Diesel) 7 Seater,2013.0,950000,80000.0,False,True,False,False,False,False,True,False,False,True,False,False,False,False,True
4073,Tata Nano LX SE,2012.0,35000,35000.0,False,False,False,False,True,False,True,False,False,True,False,False,False,False,True
4074,Chevrolet Enjoy TCDi LS 8 Seater,2014.0,330000,200000.0,False,True,False,False,False,False,True,False,False,True,False,False,False,False,True
4075,Maruti Wagon R VXI,2005.0,100000,100000.0,False,False,False,False,True,False,True,False,False,True,False,False,False,False,True
4077,Tata Indica GLS BS IV,2008.0,65000,110000.0,False,False,False,False,True,False,True,False,False,True,False,False,False,False,True
4078,Honda City 1.5 EXI S,2004.0,105000,100000.0,False,True,False,False,False,False,True,False,False,True,False,False,False,False,True
4079,Hyundai Santro Xing XG eRLX Euro III,2006.0,60000,120000.0,False,False,False,False,True,False,True,False,False,True,False,False,False,False,True
4080,Tata Indica Vista Quadrajet LX,2012.0,120000,80000.0,False,True,False,False,False,False,True,False,False,True,False,False,False,False,True
4081,Chevrolet Aveo 1.6 LT,2006.0,150000,34600.0,False,False,False,False,True,False,True,False,False,True,False,False,False,False,True
4082,Ford Figo Petrol ZXI,2011.0,185000,50000.0,False,False,False,False,True,False,True,False,False,True,False,False,False,False,True
4083,Mahindra Bolero DI,2004.0,315000,110000.0,False,True,False,False,False,False,True,False,False,True,False,False,False,False,True
4085,Maruti Wagon R VXI Minor,2007.0,80000,60000.0,False,False,False,False,True,False,True,False,False,True,False,False,False,False,True
4086,Toyota Innova 2.5 G (Diesel) 7 Seater,2013.0,800000,186000.0,False,True,False,False,False,False,True,False,False,True,False,False,False,False,True
4087,Hyundai Accent GLE,2009.0,114999,106000.0,False,False,False,False,True,False,True,False,False,True,False,False,False,False,True
4088,Toyota Innova 2.0 VX 7 Seater,2010.0,320000,120000.0,False,False,False,False,True,False,True,False,False,True,False,False,False,False,True
4089,Hyundai Santro LS zipPlus,2002.0,60000,60000.0,False,False,False,False,True,False,True,False,False,True,False,False,False,False,True
4090,Skoda Laura L n K 1.9 PD,2008.0,180000,144000.0,False,True,False,False,False,False,True,False,False,True,False,False,False,False,True
4091,Hyundai Verna 1.6 SX CRDi (O),2013.0,335000,110000.0,False,True,False,False,False,False,True,False,False,True,False,False,False,False,True
4092,Maruti Alto LX,2006.0,52000,120000.0,False,False,False,False,True,False,True,False,False,True,False,False,False,False,True
4094,Maruti Swift VDI BSIV,2015.0,400000,87000.0,False,True,False,False,False,False,True,False,False,True,False,False,False,False,True
4095,Hyundai Getz GLX,2005.0,70000,90000.0,False,False,False,False,True,False,True,False,False,True,False,False,False,False,True
4096,Hyundai Verna SX Diesel,2011.0,210000,72000.0,False,True,False,False,False,True,False,False,False,True,False,False,False,False,True
4097,Hyundai Accent GLS,2007.0,125000,76000.0,False,False,False,False,True,True,False,False,False,True,False,False,False,False,True
4098,Mahindra Xylo D2 BS IV,2015.0,434999,100000.0,False,True,False,False,False,False,True,False,False,True,False,False,False,False,True
4099,Maruti Ritz VDi,2009.0,175000,60000.0,False,True,False,False,False,False,True,False,False,True,False,False,False,False,True
4100,Honda Civic 1.8 S MT,2006.0,220000,120000.0,False,False,False,False,True,False,True,False,False,True,False,False,False,False,True
4101,Tata Indica Vista TDI LS,2011.0,195000,60000.0,False,True,False,False,False,False,True,False,False,True,False,False,False,False,True
4102,Tata Indigo TDI,2008.0,80000,150000.0,False,True,False,False,False,False,True,False,False,True,False,False,False,False,True
4103,Hyundai Santro Xing XG eRLX Euro III,2005.0,70000,170000.0,False,False,False,False,True,False,True,False,False,True,False,False,False,False,True
4104,Hyundai i20 1.2 Sportz,2012.0,330000,90000.0,False,False,False,False,True,False,True,False,False,True,False,False,False,False,True
4105,Hyundai Santro Xing GLS,2010.0,120000,90000.0,False,False,False,False,True,False,True,False,False,True,False,False,False,False,True
4106,Maruti Omni E 8 Str STD,2001.0,85000,70000.0,False,False,False,False,True,False,True,False,False,True,False,False,False,False,True
4107,Mahindra Scorpio VLX 2WD ABS AT BSIII,2009.0,360000,170000.0,False,True,False,False,False,False,True,False,True,False,False,False,False,False,True
4108,Hyundai i10 Era,2009.0,140000,80000.0,False,False,False,False,True,False,True,False,False,True,False,False,False,False,True
4109,Skoda Octavia Elegance 2.0 TDI AT,2014.0,1200000,135000.0,False,True,False,False,False,False,True,False,True,False,False,False,False,False,True
4110,Hyundai Getz 1.5 CRDi GVS,2008.0,110000,60000.0,False,True,False,False,False,False,True,False,False,True,False,False,False,False,True
4111,Hyundai Accent CRDi,2002.0,85000,100000.0,False,True,False,False,False,False,True,False,False,True,False,False,False,False,True
4114,Maruti Omni 5 Str STD,1998.0,65000,60000.0,False,False,False,False,True,True,False,False,False,True,False,False,False,False,True
4115,Toyota Etios VD,2012.0,350000,140000.0,False,True,False,False,False,False,True,False,False,True,False,False,False,False,True
4116,Toyota Etios GD,2011.0,350000,120000.0,False,True,False,False,False,False,True,False,False,True,False,False,False,False,True
4117,Mahindra Scorpio VLX 2WD BSIV,2014.0,700000,60000.0,False,True,False,False,False,False,True,False,False,True,False,False,False,False,True
4118,Maruti 800 EX,2004.0,30000,60000.0,False,False,False,False,True,False,True,False,False,True,False,False,False,False,True
4119,Maruti Wagon R VXI BS IV,2014.0,210000,70000.0,False,False,False,False,True,False,True,False,False,True,False,False,False,False,True
4120,Ford Ikon 1.4 ZXi,2000.0,22000,42743.0,False,False,False,False,True,True,False,False,False,True,False,False,False,False,True
4121,Maruti 800 Std,2001.0,65000,60000.0,False,False,False,False,True,False,True,False,False,True,False,False,False,False,True
4122,Maruti Zen D PS,2003.0,110000,60000.0,False,True,False,False,False,False,True,False,False,True,False,False,False,False,True
4123,Hyundai Santro Xing GLS,2008.0,190000,70000.0,False,False,False,False,True,False,True,False,False,True,False,False,False,False,True
4124,Chevrolet Aveo U-VA 1.2 LT,2008.0,114999,70000.0,False,False,False,False,True,False,True,False,False,True,False,False,False,False,True
4125,Maruti Swift 1.3 VXI ABS,2006.0,95000,110000.0,False,False,False,False,True,False,True,False,False,True,False,False,False,False,True
4126,Hyundai Getz 1.5 CRDi GVS,2008.0,110000,154000.0,False,True,False,False,False,False,True,False,False,True,False,False,False,False,True
4127,Mahindra Jeep MM 550 XDB,2002.0,150000,50000.0,False,True,False,False,False,False,True,False,False,True,False,False,False,False,True
4128,Maruti Celerio VDi,2016.0,240000,90000.0,False,True,False,False,False,False,True,False,False,True,False,False,False,False,True
4129,Maruti Esteem Lxi,2005.0,60000,60000.0,False,False,False,False,True,False,True,False,False,True,False,False,False,False,True
4130,Maruti Alto LX,2007.0,70000,120000.0,False,False,False,False,True,False,True,False,False,True,False,False,False,False,True
4131,Maruti Alto LXi BSIII,2006.0,135000,90000.0,False,False,False,False,True,False,True,False,False,True,False,False,False,False,True
4132,Mahindra Xylo E4 8S,2010.0,325000,120000.0,False,True,False,False,False,False,True,False,False,True,False,False,False,False,True
4133,Hyundai i10 Sportz 1.2,2010.0,125000,60000.0,False,False,False,False,True,False,True,False,False,True,False,False,False,False,True
4134,Honda City 1.5 V MT,2009.0,250000,70000.0,False,False,False,False,True,False,True,False,False,True,False,False,False,False,True
4135,Honda City 1.5 V AT Exclusive,2008.0,210000,77000.0,False,False,False,False,True,False,True,False,True,False,False,False,False,False,True
4136,Maruti Ertiga VDI,2012.0,550000,120000.0,False,True,False,False,False,False,True,False,False,True,False,False,False,False,True
4137,Toyota Innova 2.5 V Diesel 7-seater,2009.0,550000,182000.0,False,True,False,False,False,False,True,False,False,True,False,False,False,False,True
4138,Toyota Etios GD SP,2011.0,220000,110000.0,False,True,False,False,False,False,True,False,False,True,False,False,False,False,True
4139,Honda Amaze EX i-Dtech,2015.0,290000,40000.0,False,True,False,False,False,False,True,False,False,True,False,False,False,False,True
4140,Toyota Innova 2.5 Z Diesel 7 Seater BS IV,2014.0,894999,173000.0,False,True,False,False,False,False,True,False,False,True,False,False,False,False,True
4141,Maruti Wagon R LXI DUO BSIII,2007.0,100000,70000.0,False,False,False,True,False,False,True,False,False,True,False,False,False,False,True
4142,Skoda Rapid 1.6 TDI Ambition,2013.0,210000,120000.0,False,True,False,False,False,False,True,False,False,True,False,False,False,False,True
4143,Hyundai Sonata AT Leather,2006.0,225000,80000.0,False,False,False,False,True,False,True,False,True,False,False,False,False,False,True
4144,Tata Nano Std BSII,2009.0,35000,50000.0,False,False,False,False,True,False,True,False,False,True,False,False,False,False,True
4145,Mahindra Scorpio 2.6 CRDe,2005.0,229999,221000.0,False,True,False,False,False,False,True,False,False,True,False,False,False,False,True
4146,Hyundai Santro Xing XG,2005.0,140000,80000.0,False,False,False,False,True,False,True,False,False,True,False,False,False,False,True
4147,Hyundai i20 1.2 Magna,2010.0,220000,96000.0,False,False,False,False,True,False,True,False,False,True,False,False,False,False,True
4148,Hyundai EON D Lite Plus,2012.0,204999,60000.0,False,False,False,False,True,True,False,False,False,True,False,False,False,False,True
4149,BMW 5 Series 525d Sedan,2009.0,1200000,45000.0,False,True,False,False,False,False,True,False,True,False,False,False,False,False,True
4150,Tata Indigo GLX,2008.0,150000,50000.0,False,False,False,False,True,False,True,False,False,True,False,False,False,False,True
4151,Mahindra Scorpio VLS 2.2 mHawk,2008.0,300000,270000.0,False,True,False,False,False,False,True,False,False,True,False,False,False,False,True
4152,Maruti Swift VDI BSIV,2015.0,480000,140000.0,False,True,False,False,False,False,True,False,False,True,False,False,False,False,True
4153,Tata Manza ELAN Quadrajet BS IV,2011.0,180000,80000.0,False,True,False,False,False,False,True,False,False,True,False,False,False,False,True
4154,Tata New Safari DICOR 2.2 EX 4x2,2009.0,150000,120000.0,False,True,False,False,False,False,True,False,False,True,False,False,False,False,True
4155,Toyota Innova 2.5 V Diesel 8-seater,2010.0,630000,200000.0,False,True,False,False,False,False,True,False,False,True,False,False,False,False,True
4156,Fiat Grande Punto 1.3 Dynamic (Diesel),2010.0,150000,63000.0,False,True,False,False,False,False,True,False,False,True,False,False,False,False,True
4157,Tata Indica Vista Aqua 1.4 TDI,2008.0,110000,90000.0,False,True,False,False,False,False,True,False,False,True,False,False,False,False,True
4158,Maruti Wagon R LXI Minor,2008.0,110000,60000.0,False,False,False,False,True,False,True,False,False,True,False,False,False,False,True
4159,Maruti 800 AC BSII,2004.0,55000,35000.0,False,False,False,False,True,False,True,False,False,True,False,False,False,False,True
4160,Toyota Etios VX,2012.0,220000,80000.0,False,False,False,False,True,False,True,False,False,True,False,False,False,False,True
4161,Maruti Alto K10 2010-2014 VXI,2010.0,200000,70000.0,False,False,False,False,True,False,True,False,False,True,False,False,False,False,True
4162,Ford Ikon 1.4 TDCi DuraTorq,2009.0,130000,100000.0,False,True,False,False,False,False,True,False,False,True,False,False,False,False,True
4163,Maruti Swift Dzire VDi,2009.0,270000,190000.0,False,True,False,False,False,False,True,False,False,True,False,False,False,False,True
4164,Chevrolet Cruze LTZ AT,2012.0,359000,120000.0,False,True,False,False,False,False,True,False,True,False,False,False,False,False,True
4165,Hyundai Accent GLS 1.6 ABS,2006.0,90000,75000.0,False,True,False,False,False,False,True,False,False,True,False,False,False,False,True
4166,Ford Ikon 1.3 Flair,2005.0,50000,80000.0,False,False,False,False,True,False,True,False,False,True,False,False,False,False,True
4167,Hyundai Verna CRDi SX ABS,2009.0,325000,25000.0,False,True,False,False,False,False,True,False,False,True,False,False,False,False,True
4168,Maruti Wagon R Stingray VXI,2013.0,270000,74000.0,False,False,False,False,True,False,True,False,False,True,False,False,False,False,True
4169,Maruti Celerio VXI,2015.0,300000,60000.0,False,False,False,False,True,False,True,False,False,True,False,False,False,False,True
4170,Hyundai Verna CRDi SX,2008.0,229999,146000.0,False,True,False,False,False,False,True,False,False,True,False,False,False,False,True
4171,Skoda Laura Ambiente,2008.0,190000,120000.0,False,True,False,False,False,False,True,False,False,True,False,False,False,False,True
4172,Mahindra Scorpio 2.6 SLX Turbo 7 Seater,2005.0,120000,120000.0,False,True,False,False,False,False,True,False,False,True,False,False,False,False,True
4173,Maruti Alto VXi,2002.0,120000,60000.0,False,False,False,False,True,False,True,False,False,True,False,False,False,False,True
4174,Toyota Innova 2.5 G3,2010.0,450000,120000.0,False,True,False,False,False,False,True,False,False,True,False,False,False,False,True
4175,Volkswagen Vento Diesel Highline,2011.0,260000,60000.0,False,True,False,False,False,False,True,False,False,True,False,False,False,False,True
4176,OpelCorsa 1.4 GL,2002.0,35000,100000.0,False,False,False,False,True,False,True,False,False,True,False,False,False,False,True
4177,Toyota Innova 2.5 GX (Diesel) 8 Seater BS IV,2008.0,590000,89600.0,False,True,False,False,False,False,True,False,False,True,False,False,False,False,True
4178,Maruti 800 AC,2004.0,40000,69111.0,False,False,False,False,True,False,True,False,False,True,False,False,False,False,True
4179,Mahindra Bolero DI DX 7 Seater,2001.0,80000,100000.0,False,True,False,False,False,False,True,False,False,True,False,False,False,False,True
4182,Chevrolet Captiva 2.0L VCDi,2011.0,400000,76000.0,False,True,False,False,False,False,True,False,False,True,False,False,False,False,True
4183,Mahindra Scorpio VLX 2WD BSIV,2010.0,420000,100000.0,False,True,False,False,False,False,True,False,False,True,False,False,False,False,True
4184,Hyundai EON Era Plus,2014.0,210000,70000.0,False,False,False,False,True,False,True,False,False,True,False,False,False,False,True
4185,Maruti 800 AC,2008.0,90000,70000.0,False,False,False,False,True,False,True,False,False,True,False,False,False,False,True
4186,Volvo XC60 D3 Kinetic,2012.0,1750000,115992.0,False,True,False,False,False,True,False,False,True,False,False,False,False,False,True
4187,Tata Indigo LX Dicor,2008.0,70000,100000.0,False,True,False,False,False,False,True,False,False,True,False,False,False,False,True
4189,Tata Indica GLS BS IV,2008.0,95000,120000.0,False,False,False,False,True,False,True,False,False,True,False,False,False,False,True
4190,Hyundai EON LPG Magna Plus,2012.0,170000,170000.0,False,False,False,True,False,False,True,False,False,True,False,False,False,False,True
4191,Maruti 800 Std,1999.0,45000,50000.0,False,False,False,False,True,False,True,False,False,True,False,False,False,False,True
4192,Maruti Grand Vitara MT,2007.0,479000,145000.0,False,False,False,False,True,False,True,False,False,True,False,False,False,False,True
4193,Ford Figo Diesel Titanium,2010.0,105000,90000.0,False,True,False,False,False,False,True,False,False,True,False,False,False,False,True
4194,Audi A4 1.8 TFSI,2012.0,1200000,60000.0,False,False,False,False,True,False,True,False,True,False,False,False,False,False,True
4195,Maruti Wagon R LXI Minor,2007.0,130000,60000.0,False,False,False,False,True,False,True,False,False,True,False,False,False,False,True
4196,Mahindra Xylo Celebration Edition BSIV,2010.0,200000,240000.0,False,True,False,False,False,False,True,False,False,True,False,False,False,False,True
4197,Ford Figo Diesel EXI,2010.0,130000,100000.0,False,True,False,False,False,False,True,False,False,True,False,False,False,False,True
4198,Nissan Terrano XL 110 PS,2014.0,500000,120000.0,False,True,False,False,False,False,True,False,False,True,False,False,False,False,True
4199,Maruti Swift VDI BSIV,2015.0,465000,60000.0,False,True,False,False,False,False,True,False,False,True,False,False,False,False,True
4200,Maruti Swift Dzire VDI,2017.0,600000,66000.0,False,True,False,False,False,False,True,False,False,True,False,False,False,False,True
4201,Ford Fiesta Classic 1.4 SXI Duratorq,2006.0,110000,101100.0,False,True,False,False,False,False,True,False,False,True,False,False,False,False,True
4203,Volkswagen Polo Diesel Highline 1.2L,2013.0,320000,115000.0,False,True,False,False,False,False,True,False,False,True,False,False,False,False,True
4204,Mahindra Scorpio VLX 2WD AT BSIV,2009.0,275000,155000.0,False,True,False,False,False,False,True,False,True,False,False,False,False,False,True
4205,Maruti Zen LX,1998.0,42000,70000.0,False,False,False,False,True,False,True,False,False,True,False,False,False,False,True
4207,Fiat Linea Active (Diesel),2011.0,190000,80000.0,False,True,False,False,False,False,True,False,False,True,False,False,False,False,True
4208,Tata Indigo LS,2012.0,100000,200000.0,False,True,False,False,False,False,True,False,False,True,False,False,False,False,True
4209,Maruti Swift Dzire VDI,2014.0,185000,40000.0,False,True,False,False,False,False,True,False,False,True,False,False,False,False,True
4210,Tata Indigo CR4,2012.0,135000,158000.0,False,True,False,False,False,False,True,False,False,True,False,False,False,False,True
4211,Toyota Innova 2.5 G (Diesel) 7 Seater BS IV,2006.0,400000,400000.0,False,True,False,False,False,False,True,False,False,True,False,False,False,False,True
4212,Chevrolet Beat LS,2011.0,150000,60000.0,False,False,False,False,True,False,True,False,False,True,False,False,False,False,True
4213,Mahindra Xylo H4,2019.0,599000,15000.0,False,True,False,False,False,False,True,False,False,True,False,False,False,False,True
4214,Chevrolet Beat Diesel LT,2013.0,215000,20000.0,False,True,False,False,False,False,True,False,False,True,False,False,False,False,True
4215,Toyota Innova 2.5 V Diesel 7-seater,2011.0,725000,110000.0,False,True,False,False,False,False,True,False,False,True,False,False,False,False,True
4216,Chevrolet Cruze LTZ,2010.0,320000,60000.0,False,True,False,False,False,False,True,False,False,True,False,False,False,False,True
4217,Audi A6 2.8 FSI,2008.0,650000,70000.0,False,False,False,False,True,False,True,False,True,False,False,False,False,False,True
4218,Ford Fiesta 1.5 TDCi Titanium,2012.0,199000,92000.0,False,True,False,False,False,True,False,False,False,True,False,False,False,False,True
4219,Honda City 1.5 EXI,2004.0,125000,110000.0,False,False,False,False,True,False,True,False,False,True,False,False,False,False,True
4220,Chevrolet Spark 1.0 LS,2009.0,70000,60000.0,False,False,False,False,True,False,True,False,False,True,False,False,False,False,True
4221,Chevrolet Beat Diesel LT,2012.0,126000,98900.0,False,True,False,False,False,False,True,False,False,True,False,False,False,False,True
4222,Tata Winger Deluxe - Hi Roof (AC),2011.0,300000,180000.0,False,True,False,False,False,False,True,False,False,True,False,False,False,False,True
4223,Tata Indica GLS BS IV,2010.0,90000,300000.0,False,False,False,False,True,False,True,False,False,True,False,False,False,False,True
4224,Maruti Gypsy King HT BSIV,2001.0,409999,49359.0,False,False,False,False,True,False,True,False,False,True,False,False,False,False,True
4225,Mahindra Renault Logan 1.5 DLX Diesel,2007.0,150000,90000.0,False,True,False,False,False,False,True,False,False,True,False,False,False,False,True
4226,Maruti Alto LXi,2011.0,175000,60000.0,False,False,False,False,True,False,True,False,False,True,False,False,False,False,True
4227,Maruti Swift Dzire LDi,2010.0,250000,110000.0,False,True,False,False,False,False,True,False,False,True,False,False,False,False,True
4228,Chevrolet Beat LS,2016.0,250000,70000.0,False,False,False,False,True,False,True,False,False,True,False,False,False,False,True
4229,Tata Indica GLS BS IV,2010.0,75000,300000.0,False,False,False,False,True,False,True,False,False,True,False,False,False,False,True
4230,Fiat Punto 1.3 Emotion,2010.0,285000,75000.0,False,True,False,False,False,False,True,False,False,True,False,False,False,False,True
4232,Tata Indigo TDI,2009.0,100000,120000.0,False,True,False,False,False,False,True,False,False,True,False,False,False,False,True
4233,Maruti Alto K10 VXI,2018.0,320000,38900.0,False,False,False,False,True,False,True,False,False,True,False,False,False,False,True
4234,Hyundai Creta 1.6 CRDi SX Plus,2016.0,1249000,60000.0,False,True,False,False,False,False,True,False,False,True,False,False,False,False,True
4235,Maruti Wagon R LXI Minor,2008.0,120000,110000.0,False,False,False,False,True,False,True,False,False,True,False,False,False,False,True
4236,Ford Figo Petrol ZXI,2012.0,130000,30000.0,False,False,False,False,True,False,True,False,False,True,False,False,False,False,True
4237,Hyundai Santro Xing GLS,2009.0,140000,100000.0,False,False,False,False,True,False,True,False,False,True,False,False,False,False,True
4238,Mahindra Bolero Power Plus Plus AC BSIV PS,2015.0,295000,90000.0,False,True,False,False,False,False,True,False,False,True,False,False,False,False,True
4239,Tata Indica LSI,2005.0,51111,140000.0,False,False,False,False,True,False,True,False,False,True,False,False,False,False,True
4240,Nissan Sunny XL,2012.0,250000,60000.0,False,False,False,False,True,False,True,False,False,True,False,False,False,False,True
4241,Honda Accord 2.4 AT,2009.0,428000,40000.0,False,False,False,False,True,False,True,False,True,False,False,False,False,False,True
4242,Hyundai EON Era Plus,2013.0,219000,53500.0,False,False,False,False,True,False,True,False,False,True,False,False,False,False,True
4243,Maruti SX4 Zxi BSIII,2007.0,160000,80000.0,False,False,False,False,True,False,True,False,False,True,False,False,False,False,True
4244,Maruti Swift Dzire VDi,2010.0,300000,120000.0,False,True,False,False,False,False,True,False,False,True,False,False,False,False,True
4245,Hyundai EON Era Plus,2013.0,170000,80000.0,False,False,False,False,True,False,True,False,False,True,False,False,False,False,True
4246,Mahindra Verito 1.5 D4 BSIV,2015.0,350000,120000.0,False,True,False,False,False,False,True,False,False,True,False,False,False,False,True
4247,Tata Indica V2 DLS BSII,2010.0,75000,60000.0,False,True,False,False,False,False,True,False,False,True,False,False,False,False,True
4248,Tata Indigo Classic Dicor,2014.0,215000,80000.0,False,True,False,False,False,False,True,False,False,True,False,False,False,False,True
4249,Ford Fiesta 1.6 ZXi Duratec,2009.0,233000,58000.0,False,False,False,False,True,False,True,False,False,True,False,False,False,False,True
4250,Maruti Alto LX BSIII,2008.0,110000,120000.0,False,False,False,False,True,False,True,False,False,True,False,False,False,False,True
4252,Honda City 1.5 GXI,2005.0,65000,150000.0,False,False,False,False,True,False,True,False,False,True,False,False,False,False,True
4253,Ford EcoSport 1.5 TDCi Titanium BSIV,2015.0,530000,175000.0,False,True,False,False,False,False,True,False,False,True,False,False,False,False,True
4254,Maruti Wagon R LXI Minor,2007.0,135000,50000.0,False,False,False,False,True,False,True,False,False,True,True,False,False,False,False
4255,Hyundai EON Magna Plus,2018.0,300000,31000.0,False,False,False,False,True,False,True,False,False,True,True,False,False,False,False
4257,Mercedes-Benz New C-Class C 220 CDI BE Avantgare,2013.0,2000000,15000.0,False,True,False,False,False,False,True,False,True,False,True,False,False,False,False
4259,Maruti Alto K10 VXI AGS Optional,2018.0,300000,25000.0,False,False,False,False,True,False,True,False,True,False,True,False,False,False,False
4260,Maruti Swift Dzire VDI,2014.0,400000,90000.0,False,True,False,False,False,False,True,False,False,True,True,False,False,False,False
4264,Maruti Ertiga ZDI,2014.0,665000,59110.0,False,True,False,False,False,True,False,False,False,True,True,False,False,False,False
4265,Toyota Innova Crysta 2.4 VX MT BSIV,2018.0,1500000,60000.0,False,True,False,False,False,False,True,False,False,True,True,False,False,False,False
4267,Toyota Innova 2.5 G4 Diesel 8-seater,2007.0,250000,60000.0,False,True,False,False,False,False,True,False,False,True,True,False,False,False,False
4268,Chevrolet Spark 1.0,2008.0,120000,100000.0,False,False,False,False,True,False,True,False,False,True,True,False,False,False,False
4269,Hyundai Getz GLE,2007.0,110000,60000.0,False,False,False,False,True,False,True,False,False,True,True,False,False,False,False
4270,Maruti Swift Dzire ZDI,2018.0,750000,50000.0,False,True,False,False,False,False,True,False,False,True,True,False,False,False,False
4271,Hyundai i20 Sportz Option 1.2,2016.0,475000,25000.0,False,False,False,False,True,False,True,False,False,True,True,False,False,False,False
4272,BMW 3 Series 320d Sport,2013.0,1490000,60000.0,False,True,False,False,False,True,False,False,True,False,True,False,False,False,False
4273,Hyundai Grand i10 Asta Option,2017.0,540000,20000.0,False,False,False,False,True,False,True,False,False,True,True,False,False,False,False
4274,Mahindra Jeep CJ 500 DI,2006.0,575000,1001.0,False,True,False,False,False,True,False,False,False,True,True,False,False,False,False
4275,Tata Indica DLS,2006.0,85000,300000.0,False,True,False,False,False,False,True,False,False,True,True,False,False,False,False
4276,Volkswagen Vento Diesel Style Limited Edition,2013.0,340000,85000.0,False,True,False,False,False,False,True,False,False,True,True,False,False,False,False
4277,Honda Amaze S i-Dtech,2013.0,315000,127884.0,False,True,False,False,False,True,False,False,False,True,True,False,False,False,False
4278,Maruti Swift VXI BSIII,2009.0,250000,806599.0,False,False,False,False,True,True,False,False,False,True,True,False,False,False,False
4279,Hyundai i10 Sportz 1.1L,2015.0,310000,35925.0,False,False,False,False,True,True,False,False,False,True,True,False,False,False,False
4280,Maruti Wagon R LXI LPG BSIV,2012.0,220000,80000.0,False,False,False,True,False,False,True,False,False,True,True,False,False,False,False
4281,Tata Manza ELAN Quadrajet BS IV,2011.0,165000,100000.0,False,True,False,False,False,False,True,False,False,True,True,False,False,False,False
4282,Maruti Esteem Lxi,2005.0,70000,60000.0,False,False,False,False,True,False,True,False,False,True,True,False,False,False,False
4283,Maruti Baleno Delta 1.2,2018.0,600000,2000.0,False,False,False,False,True,False,True,False,False,True,True,False,False,False,False
4285,Maruti Alto K10 LXI,2014.0,220000,66000.0,False,False,False,False,True,True,False,False,False,True,True,False,False,False,False
4287,Toyota Innova 2.5 GX (Diesel) 7 Seater,2014.0,650000,244000.0,False,True,False,False,False,False,True,False,False,True,True,False,False,False,False
4288,Maruti Alto K10 LXI,2012.0,175000,20000.0,False,False,False,False,True,False,True,False,False,True,True,False,False,False,False
4289,Hyundai i20 Asta,2010.0,270000,110000.0,False,False,False,False,True,False,True,False,False,True,True,False,False,False,False
4290,Renault Captur 1.5 Diesel RXT Mono,2018.0,1000000,40000.0,False,True,False,False,False,False,True,False,False,True,True,False,False,False,False
4291,Hyundai Creta 1.6 CRDi SX,2016.0,535000,60000.0,False,True,False,False,False,False,True,False,False,True,True,False,False,False,False
4292,Tata Safari Storme EX,2013.0,430000,80000.0,False,True,False,False,False,False,True,False,False,True,True,False,False,False,False
4293,Honda WR-V i-DTEC VX,2017.0,725000,30000.0,False,True,False,False,False,False,True,False,False,True,True,False,False,False,False
4294,Toyota Corolla Altis 1.8 J,2008.0,400000,35000.0,False,False,False,False,True,False,True,False,False,True,True,False,False,False,False
4295,Ford Freestyle Titanium Diesel,2019.0,750000,25000.0,False,True,False,False,False,False,True,False,False,True,True,False,False,False,False
4296,Maruti Alto 800 LXI,2015.0,240000,50000.0,False,False,False,False,True,False,True,False,False,True,True,False,False,False,False
4297,Toyota Innova 2.5 G (Diesel) 8 Seater,2011.0,450000,135200.0,False,True,False,False,False,True,False,False,False,True,True,False,False,False,False
4299,Maruti Swift Dzire VDI,2014.0,300000,120000.0,False,True,False,False,False,False,True,False,False,True,True,False,False,False,False
4300,Maruti Alto 800 LXI,2013.0,92800,25000.0,False,True,False,False,False,False,True,False,False,True,True,False,False,False,False
4301,Maruti Omni E MPI STD BS IV,2018.0,288000,20000.0,False,False,False,False,True,True,False,False,False,True,True,False,False,False,False
4303,Maruti Baleno Delta Automatic,2018.0,600000,7600.0,False,False,False,False,True,False,True,False,True,False,True,False,False,False,False
4304,Hyundai i20 Asta (o),2014.0,525000,54000.0,False,False,False,False,True,True,False,False,False,True,True,False,False,False,False
4305,Volkswagen Polo Diesel Trendline 1.2L,2012.0,295000,90000.0,False,True,False,False,False,False,True,False,False,True,True,False,False,False,False
4306,Maruti Swift Dzire LDIX Limited Edition,2014.0,425000,100000.0,False,True,False,False,False,False,True,False,False,True,True,False,False,False,False
4307,Maruti Swift Dzire ZDI,2016.0,750000,69000.0,False,True,False,False,False,False,True,False,False,True,True,False,False,False,False
4308,Mahindra XUV500 W10 2WD,2018.0,1450000,20000.0,False,True,False,False,False,False,True,False,False,True,True,False,False,False,False
4309,Tata Indigo TDI,2013.0,125000,125000.0,False,True,False,False,False,False,True,False,False,True,True,False,False,False,False
4310,Honda BR-V i-DTEC VX MT,2017.0,1189000,40000.0,False,True,False,False,False,True,False,False,False,True,True,False,False,False,False
4311,Volvo XC60 D5 Inscription,2014.0,2000000,130000.0,False,True,False,False,False,False,True,False,True,False,True,False,False,False,False
4312,Fiat Linea 1.3 Emotion,2010.0,221000,65000.0,False,True,False,False,False,True,False,False,False,True,True,False,False,False,False
4313,Maruti Zen Estilo LXI BSIII,2008.0,105000,40000.0,False,False,False,False,True,False,True,False,False,True,True,False,False,False,False
4314,Hyundai Verna 1.6 CRDi SX,2016.0,690000,73000.0,False,True,False,False,False,True,False,False,False,True,True,False,False,False,False
4315,Hyundai Grand i10 1.2 Kappa Magna BSIV,2018.0,475000,23000.0,False,False,False,False,True,False,True,False,False,True,True,False,False,False,False
4316,Maruti Ertiga VDI,2015.0,763000,64441.0,False,True,False,False,False,True,False,False,False,True,True,False,False,False,False
4317,Hyundai Creta 1.6 CRDi SX,2016.0,840000,70000.0,False,True,False,False,False,False,True,False,False,True,True,False,False,False,False
4319,Tata Xenon XT EX 4X4,2010.0,150000,70000.0,False,True,False,False,False,False,True,False,False,True,True,False,False,False,False
4320,Maruti Wagon R VXI BS IV,2015.0,250000,25000.0,False,False,False,False,True,False,True,False,False,True,True,False,False,False,False
4321,Maruti Ignis 1.2 AMT Alpha BSIV,2018.0,700000,25000.0,False,False,False,False,True,False,True,False,True,False,True,False,False,False,False
4322,Ford Endeavour 2.5L 4X2 MT,2009.0,500000,105000.0,False,True,False,False,False,False,True,False,False,True,True,False,False,False,False
4323,Maruti Alto K10 2010-2014 VXI,2012.0,200000,90000.0,False,False,False,False,True,False,True,False,False,True,True,False,False,False,False
4324,Tata New Safari DICOR 2.2 GX 4x2 BS IV,2012.0,450000,97000.0,False,True,False,False,False,False,True,False,False,True,True,False,False,False,False
4325,Mahindra Quanto C6,2014.0,285000,89126.0,False,True,False,False,False,False,True,False,False,True,True,False,False,False,False
4326,Honda City VX CVT,2015.0,850000,58000.0,False,False,False,False,True,True,False,False,True,False,True,False,False,False,False
4327,Hyundai Getz GLX,2007.0,110000,90000.0,False,False,False,False,True,False,True,False,False,True,True,False,False,False,False
4330,Maruti Alto 800 LXI,2018.0,285000,14000.0,False,False,False,False,True,False,True,False,False,True,True,False,False,False,False
4331,Honda Jazz 1.5 V i DTEC,2018.0,700000,15000.0,False,True,False,False,False,True,False,False,False,True,True,False,False,False,False
4333,Maruti Swift 1.3 VXi,2009.0,199000,52536.0,False,False,False,False,True,False,True,False,False,True,True,False,False,False,False
4334,Hyundai Santro Xing XS,2008.0,150000,60000.0,False,False,False,False,True,False,True,False,False,True,True,False,False,False,False
4335,Maruti S-Cross Alpha DDiS 200 SH,2018.0,950000,30000.0,False,True,False,False,False,False,True,False,False,True,True,False,False,False,False
4336,Renault KWID 1.0 RXL,2018.0,300000,50852.0,False,False,False,False,True,False,True,False,False,True,True,False,False,False,False
4337,Chevrolet Tavera Neo 3 9 Str BSIII,2016.0,500000,120000.0,False,True,False,False,False,False,True,False,False,True,True,False,False,False,False
4338,Tata Sumo GX TC 7 Str BSIII,2006.0,115999,100000.0,False,True,False,False,False,False,True,False,False,True,True,False,False,False,False
4339,Maruti Ritz VDi,2012.0,225000,90000.0,False,True,False,False,False,False,True,False,False,True,True,False,False,False,False
